timestamp,open,high,low,close,volume,close_time,RSI,Inverse_Fisher_RSI,MACD,MACD_signal,MACD_hist,upper_band,middle_band,lower_band,Fibonacci_236,Fibonacci_382,Fibonacci_50,Fibonacci_618,Fibonacci_786,Volume_Avg,signal,score
2024-11-23 11:00:00+03:00,98560.84,98623.76,98300.0,98429.99,3176.75105,2024-11-23 14:59:59.999000+03:00,,,0.0,0.0,0.0,,,,104139.692,101533.154,99426.5,97319.846,94320.542,,Hold,0
2024-11-23 15:00:00+03:00,98430.0,98847.68,98400.0,98400.0,4138.68982,2024-11-23 18:59:59.999000+03:00,,,-2.392364672370604,-0.4784729344741208,-1.9138917378964837,,,,104139.692,101533.154,99426.5,97319.846,94320.542,,Hold,-20
2024-11-23 19:00:00+03:00,98400.01,98459.56,97336.06,97504.0,7486.78427,2024-11-23 22:59:59.999000+03:00,,,-75.71524451913137,-15.525827251405572,-60.1894172677258,,,,104139.692,101533.154,99426.5,97319.846,94320.542,,Hold,-20
2024-11-23 23:00:00+03:00,97504.0,98015.82,97136.0,97672.4,2676.92385,2024-11-24 02:59:59.999000+03:00,,,-118.86547523076295,-36.19375684727705,-82.67171838348591,,,,104139.692,101533.154,99426.5,97319.846,94320.542,,Hold,-20
2024-11-24 03:00:00+03:00,97672.4,98564.0,97620.74,98200.1,3989.58138,2024-11-24 06:59:59.999000+03:00,,,-109.22231723865843,-50.79946892555333,-58.422848313105106,,,,104139.692,101533.154,99426.5,97319.846,94320.542,,Hold,-20
2024-11-24 07:00:00+03:00,98200.1,98431.06,97872.2,98431.05,3583.35015,2024-11-24 10:59:59.999000+03:00,,,-81.99907588030328,-57.03939031650332,-24.95968556379996,,,,104139.692,101533.154,99426.5,97319.846,94320.542,,Hold,-20
2024-11-24 11:00:00+03:00,98431.05,98472.98,97239.29,97280.03,3606.92172,2024-11-24 14:59:59.999000+03:00,,,-151.55512238439405,-75.94253673008147,-75.61258565431258,,,,104139.692,101533.154,99426.5,97319.846,94320.542,,Hold,-25
2024-11-24 15:00:00+03:00,97280.04,97606.52,95900.01,95901.51,9382.31921,2024-11-24 18:59:59.999000+03:00,,,-314.29088392025733,-123.61220616811664,-190.6786777521407,,,,104139.692,101533.154,99426.5,97319.846,94320.542,,Hold,-25
2024-11-24 19:00:00+03:00,95901.52,96747.98,95734.77,96320.02,5662.8696,2024-11-24 22:59:59.999000+03:00,,,-404.8233365888591,-179.85443225226516,-224.9689043365939,,,,104139.692,101533.154,99426.5,97319.846,94320.542,,Hold,-25
2024-11-24 23:00:00+03:00,96320.01,98369.46,96195.47,97900.04,4975.93632,2024-11-25 02:59:59.999000+03:00,,,-345.0984680347465,-212.90323940876144,-132.19522862598504,,,,104139.692,101533.154,99426.5,97319.846,94320.542,,Hold,-20
2024-11-25 03:00:00+03:00,97900.05,98050.0,96888.0,97898.8,3838.26336,2024-11-25 06:59:59.999000+03:00,,,-294.4716511557781,-229.21692175816477,-65.25472939761332,,,,104139.692,101533.154,99426.5,97319.846,94320.542,,Hold,-20
2024-11-25 07:00:00+03:00,97898.81,98376.99,97491.66,98047.34,5230.71565,2024-11-25 10:59:59.999000+03:00,,,-239.6016191149247,-231.2938612295168,-8.30775788540791,,,,104139.692,101533.154,99426.5,97319.846,94320.542,,Hold,-20
2024-11-25 11:00:00+03:00,98047.34,98871.8,97850.0,98188.09,5195.73129,2024-11-25 14:59:59.999000+03:00,,,-182.65385476252413,-221.56585993611827,38.91200517359414,,,,104139.692,101533.154,99426.5,97319.846,94320.542,,Hold,20
2024-11-25 15:00:00+03:00,98188.09,98313.08,94525.0,96000.56,14345.48831,2024-11-25 18:59:59.999000+03:00,,,-310.45895272275084,-239.3444784934448,-71.11447422930604,,,,104139.692,101533.154,99426.5,97319.846,94320.542,5520.737569999999,Hold,-20
2024-11-25 19:00:00+03:00,96000.57,96500.0,94400.0,94669.48,10283.14008,2024-11-25 22:59:59.999000+03:00,31.54848997816535,0.3054186575346153,-513.2361781591317,-294.12281842658217,-219.1133597325495,,,,104139.692,101533.154,99426.5,97319.846,94320.542,6028.33678642857,Hold,-20
2024-11-25 23:00:00+03:00,94669.49,95300.0,92600.19,93010.01,11954.11227,2024-11-26 02:59:59.999000+03:00,26.841197917894235,0.2621465613831498,-798.6377516131761,-395.025805063901,-403.6119465492751,,,,104139.692,101533.154,99426.5,97319.846,94320.542,6586.581247142857,Hold,10
2024-11-26 03:00:00+03:00,93010.01,94923.69,92727.9,94464.0,6245.66011,2024-11-26 06:59:59.999000+03:00,35.87000677212262,0.3440685049178339,-897.1538817938417,-495.4514204098892,-401.70246138395254,,,,104139.692,101533.154,99426.5,97319.846,94320.542,6497.929521428572,Hold,-30
2024-11-26 07:00:00+03:00,94464.0,94973.37,93500.08,93785.71,4722.02616,2024-11-26 10:59:59.999000+03:00,33.77585159851587,0.3254748241727421,-1018.2235121998384,-600.005838767879,-418.21767343195927,,,,104139.692,101533.154,99426.5,97319.846,94320.542,6644.008257857143,Hold,-30
2024-11-26 11:00:00+03:00,93785.72,93785.72,91466.52,92356.85,13592.93588,2024-11-26 14:59:59.999000+03:00,29.825593737629944,0.2897157465844413,-1215.4580828917242,-723.0962875926481,-492.3617952990761,,,,104139.692,101533.154,99426.5,97319.846,94320.542,7329.962150714286,Hold,10
2024-11-26 15:00:00+03:00,92356.84,93559.0,91739.7,92813.0,13179.13015,2024-11-26 18:59:59.999000+03:00,32.538157889409234,0.3143648358485678,-1319.747184341002,-842.4264669423189,-477.3207173986832,100573.34094337316,96363.649,92153.95705662684,104139.692,101533.154,99426.5,97319.846,94320.542,8015.375007857142,Hold,-20
2024-11-26 19:00:00+03:00,92812.99,94685.6,91554.11,91683.89,10628.56926,2024-11-26 22:59:59.999000+03:00,29.49856500733729,0.2867171211765864,-1476.486768845818,-969.2385273230188,-507.2482415227992,100603.91036412337,96026.344,91448.77763587664,104139.692,101533.154,99426.5,97319.846,94320.542,8516.921260714285,Hold,10
2024-11-26 23:00:00+03:00,91683.9,92364.0,90791.1,91965.16,9490.40982,2024-11-27 02:59:59.999000+03:00,31.22218945681489,0.3024570863231238,-1560.0248846960749,-1087.39579879763,-472.6290858984448,100479.99187153528,95704.602,90929.21212846471,104139.692,101533.154,99426.5,97319.846,94320.542,8524.642018571429,Hold,-20
2024-11-27 03:00:00+03:00,91965.16,93037.38,91792.14,92588.0,5555.58018,2024-11-27 06:59:59.999000+03:00,35.01116009605441,0.3364745140991109,-1558.011671932647,-1181.5189734246335,-376.4926985080135,100348.9139798505,95458.802,90568.69002014949,104139.692,101533.154,99426.5,97319.846,94320.542,8516.978488571429,Hold,-30
2024-11-27 07:00:00+03:00,92588.0,93648.0,92361.66,93597.16,4840.27212,2024-11-27 10:59:59.999000+03:00,40.710432213509975,0.3860112300755995,-1458.176457694266,-1236.85047027856,-221.32598741570587,100096.15759304872,95255.04,90413.92240695129,104139.692,101533.154,99426.5,97319.846,94320.542,8507.288188571429,Hold,-30
2024-11-27 11:00:00+03:00,93597.16,93885.6,93109.12,93367.99,3994.01189,2024-11-27 14:59:59.999000+03:00,39.85565491657863,0.3787132128624303,-1381.621956992458,-1265.8047676213398,-115.81718937111803,99716.02298782115,95013.4345,90310.84601217884,104139.692,101533.154,99426.5,97319.846,94320.542,8518.413083571428,Hold,-30
2024-11-27 15:00:00+03:00,93367.99,95850.0,92847.84,95556.01,9868.59893,2024-11-27 18:59:59.999000+03:00,50.53457257147371,0.466310891184502,-1131.3554740267427,-1238.9149089024204,107.55943487567764,99300.29627534398,94869.6825,90439.068724656,104139.692,101533.154,99426.5,97319.846,94320.542,8849.690460714286,Hold,20
2024-11-27 19:00:00+03:00,95556.0,96631.68,95184.79,96627.99,9525.88556,2024-11-27 22:59:59.999000+03:00,54.77162199075365,0.4988066089849234,-836.8707312584156,-1158.5060733736195,321.6353421152039,99202.12634675972,94837.0805,90472.03465324028,104139.692,101533.154,99426.5,97319.846,94320.542,9158.987194285715,Hold,20
2024-11-27 23:00:00+03:00,96627.99,97208.21,95731.72,95863.11,7369.07866,2024-11-28 02:59:59.999000+03:00,51.38922092246206,0.4729722674548429,-657.6281466820074,-1058.330488035297,400.70234135328974,99198.26833868305,94835.1605,90472.05266131696,104139.692,101533.154,99426.5,97319.846,94320.542,8660.672219285714,Hold,10
2024-11-28 03:00:00+03:00,95863.11,96564.0,94822.54,95471.43,6275.70277,2024-11-28 06:59:59.999000+03:00,49.6967535909267,0.4597289433387114,-540.9467126499949,-954.8537329582368,413.90702030824184,99111.31747560026,94792.731,90474.14452439974,104139.692,101533.154,99426.5,97319.846,94320.542,8374.426697142857,Hold,10
2024-11-28 07:00:00+03:00,95471.44,95922.39,95063.15,95299.66,5014.99892,2024-11-28 10:59:59.999000+03:00,48.9355974445624,0.453705128194011,-457.067449945127,-855.2964763556148,398.2290264104878,98737.0710372686,94662.712,90588.35296273144,104139.692,101533.154,99426.5,97319.846,94320.542,7878.775743571428,Hold,10
2024-11-28 11:00:00+03:00,95299.66,95780.0,94640.0,95452.01,4752.0259,2024-11-28 14:59:59.999000+03:00,49.671866235229565,0.4595326469274728,-373.9880566584616,-759.0347924161842,385.0467357577227,98343.50954738248,94540.3725,90737.23545261752,104139.692,101533.154,99426.5,97319.846,94320.542,7772.087585714286,Hold,10
2024-11-28 15:00:00+03:00,95452.0,96221.8,94900.0,95007.14,5548.28802,2024-11-28 18:59:59.999000+03:00,47.51736934948982,0.4423700699722537,-340.1235968850524,-675.2525533099579,335.1289564249055,97826.85066859884,94388.3625,90949.87433140117,104139.692,101533.154,99426.5,97319.846,94320.542,7831.106290000001,Hold,10
2024-11-28 19:00:00+03:00,95007.15,95435.68,94817.0,95119.48,3678.82621,2024-11-28 22:59:59.999000+03:00,48.12921823018743,0.4472778789834903,-300.75396490436106,-600.3528356288385,299.5988707244775,97200.9142040321,94234.932,91268.9497959679,104139.692,101533.154,99426.5,97319.846,94320.542,7122.955599285714,Hold,10
2024-11-28 23:00:00+03:00,95119.48,96023.48,94698.0,95643.98,3544.70175,2024-11-29 02:59:59.999000+03:00,51.00137551566263,0.4699559162148142,-224.640960191231,-525.210460541317,300.56950035008606,97142.40482452187,94217.103,91291.80117547812,104139.692,101533.154,99426.5,97319.846,94320.542,6434.782142142858,Hold,10
2024-11-29 03:00:00+03:00,95643.99,96859.0,95364.99,96590.36,3208.77651,2024-11-29 06:59:59.999000+03:00,55.76122542569155,0.5062036755703128,-86.9535523938539,-437.5590789118244,350.60552651797053,97421.39819119104,94313.147,91204.895808809,104139.692,101533.154,99426.5,97319.846,94320.542,5904.796945714285,Hold,10
2024-11-29 07:00:00+03:00,96590.35,96630.09,95600.03,95625.05,2916.98299,2024-11-29 10:59:59.999000+03:00,50.38478637839635,0.4651379146994343,-55.09266534583003,-361.0657961986255,305.9731308527955,97541.32824650944,94443.899,91346.46975349056,104139.692,101533.154,99426.5,97319.846,94320.542,5435.266457857143,Hold,10
2024-11-29 11:00:00+03:00,95625.05,97358.21,95616.0,97237.91,4164.43477,2024-11-29 14:59:59.999000+03:00,57.719988183493335,0.5206272678509923,99.1586013196502,-269.0209166949704,368.1795180146206,97922.72331204152,94582.5945,91242.46568795848,104139.692,101533.154,99426.5,97319.846,94320.542,5335.898928571428,Hold,10
2024-11-29 15:00:00+03:00,97237.91,98619.99,96768.0,98019.47,8857.57633,2024-11-29 18:59:59.999000+03:00,60.74833506756452,0.5423531392410034,281.2273874385428,-158.97125586826778,440.1986433068106,98444.05652023376,94794.2825,91144.50847976626,104139.692,101533.154,99426.5,97319.846,94320.542,5622.849229285714,Hold,25
2024-11-29 19:00:00+03:00,98019.46,98440.0,96853.82,97329.73,5993.35722,2024-11-29 22:59:59.999000+03:00,56.87654752297252,0.5144520603398273,365.6470074754179,-54.04760319953064,419.69461067494854,98671.03255812172,95042.9265,91414.82044187828,104139.692,101533.154,99426.5,97319.846,94320.542,5765.659610000001,Hold,25
2024-11-29 23:00:00+03:00,97329.73,97624.62,96981.01,97460.0,2560.65449,2024-11-30 02:59:59.999000+03:00,57.42842232815044,0.5184986814710634,438.0127267923235,44.364462798840194,393.64826399348334,98897.28295503953,95275.2765,91653.27004496047,104139.692,101533.154,99426.5,97319.846,94320.542,5243.663578571429,Hold,15
2024-11-30 03:00:00+03:00,97460.0,97463.95,96309.85,96640.02,3052.5744,2024-11-30 06:59:59.999000+03:00,52.8441783432946,0.484189081177267,424.3064074333088,120.35285172573391,303.9535557075749,98769.17304354205,95523.083,92276.99295645798,104139.692,101533.154,99426.5,97319.846,94320.542,4781.28421,Hold,10
2024-11-30 07:00:00+03:00,96640.02,97234.02,96532.7,96783.38,3397.39114,2024-11-30 10:59:59.999000+03:00,53.542421714911555,0.4895164621684299,420.1685628365376,180.31599394789467,239.85256888864296,98585.71419080104,95763.994,92942.27380919894,104139.692,101533.154,99426.5,97319.846,94320.542,4497.592244285714,Hold,10
2024-11-30 11:00:00+03:00,96783.38,96968.78,96092.01,96267.99,2445.61538,2024-11-30 14:59:59.999000+03:00,50.63938450556596,0.4671307003458421,371.0246838751191,218.45773193333957,152.5669519417795,98345.79757114303,95947.9935,93550.18942885696,104139.692,101533.154,99426.5,97319.846,94320.542,4224.014573571429,Hold,10
2024-11-30 15:00:00+03:00,96267.99,96732.15,96242.14,96645.41,2060.42388,2024-11-30 18:59:59.999000+03:00,52.663451068264095,0.4828042934961224,358.4010216247261,246.4463898716169,111.95463175310924,98242.97386190768,96100.406,93957.83813809234,104139.692,101533.154,99426.5,97319.846,94320.542,4012.9734992857143,Hold,10
2024-11-30 19:00:00+03:00,96645.42,97062.5,96531.35,97019.68,1822.59102,2024-11-30 22:59:59.999000+03:00,54.64941741457861,0.4978880585671189,374.2826421222853,272.0136403217506,102.26900180053474,98031.22638983405,96282.9905,94534.75461016595,104139.692,101533.154,99426.5,97319.846,94320.542,3803.728150714286,Hold,10
2024-11-30 23:00:00+03:00,97019.69,97040.0,96320.99,96407.99,1725.23724,2024-12-01 02:59:59.999000+03:00,50.891464874702,0.4690991146475868,333.66439445373544,284.34379114814755,49.320603305587895,98040.44055583044,96325.5895,94610.73844416956,104139.692,101533.154,99426.5,97319.846,94320.542,3530.6530950000006,Hold,10
2024-12-01 03:00:00+03:00,96407.99,96672.49,95693.88,96336.75,3622.03491,2024-12-01 06:59:59.999000+03:00,50.456295494659955,0.4656981071193014,292.35557483360753,285.94614788523955,6.4094269483679795,98020.00254770508,96311.0275,94602.05245229493,104139.692,101533.154,99426.5,97319.846,94320.542,3526.596573571428,Hold,20
2024-12-01 07:00:00+03:00,96336.76,96515.52,96195.99,96472.97,1284.90142,2024-12-01 10:59:59.999000+03:00,51.31357591270606,0.4723848272740307,267.5259802613291,282.2621143604575,-14.736134099128378,98038.56613505883,96341.5205,94644.47486494116,104139.692,101533.154,99426.5,97319.846,94320.542,3365.182264285714,Hold,-30
2024-12-01 11:00:00+03:00,96472.97,97179.04,96424.99,97108.89,2803.36709,2024-12-01 14:59:59.999000+03:00,55.20996336450526,0.5020921892868558,295.75252604929847,284.9601966982257,10.792329351072794,98101.58570869255,96423.3935,94745.20129130744,104139.692,101533.154,99426.5,97319.846,94320.542,3336.2244485714286,Hold,10
2024-12-01 15:00:00+03:00,97108.89,97388.78,96660.88,97028.02,3260.08114,2024-12-01 18:59:59.999000+03:00,54.611403982300686,0.4976021025916248,308.04577387691825,289.5773121339642,18.468461742954048,98121.02209326296,96509.8115,94898.60090673705,104139.692,101533.154,99426.5,97319.846,94320.542,3360.731459285714,Hold,10
2024-12-01 19:00:00+03:00,97028.02,97523.41,96958.48,97178.73,2968.12339,2024-12-01 22:59:59.999000+03:00,55.57796122747274,0.5048393696045018,326.1891928429686,296.89968827576513,29.289504567203497,98152.82600404722,96596.1475,95039.4689959528,104139.692,101533.154,99426.5,97319.846,94320.542,3275.2806464285713,Hold,10
2024-12-01 23:00:00+03:00,97178.73,97836.0,96800.01,97185.18,3000.09657,2024-12-02 02:59:59.999000+03:00,55.62151799103196,0.5051638558852868,337.20139638797264,304.96002989820664,32.241366489765994,98088.80863423448,96705.0495,95321.2903657655,104139.692,101533.154,99426.5,97319.846,94320.542,2856.8892349999996,Hold,20
2024-12-02 03:00:00+03:00,97185.17,98130.0,96350.0,96483.75,5392.949,2024-12-02 06:59:59.999000+03:00,49.89224557865813,0.4612693031939973,286.03191031767346,301.17440598210004,-15.142495664426576,97946.39471246142,96773.263,95600.1312875386,104139.692,101533.154,99426.5,97319.846,94320.542,2814.0029335714285,Hold,-20
2024-12-02 07:00:00+03:00,96483.75,96924.0,95749.97,95999.99,5378.4519,2024-12-02 10:59:59.999000+03:00,46.3465279848374,0.432904295784961,204.0916929085506,281.75786336739014,-77.66617045883953,97901.15732748558,96791.0635,95680.96967251445,104139.692,101533.154,99426.5,97319.846,94320.542,3015.274177142857,Hold,-20
2024-12-02 11:00:00+03:00,95999.99,96112.0,94820.41,95128.68,6299.85507,2024-12-02 14:59:59.999000+03:00,40.731761381201366,0.386192725350836,68.0614747913205,239.01858565217623,-170.95711086085572,98053.31908130842,96717.9795,95382.63991869157,104139.692,101533.154,99426.5,97319.846,94320.542,3247.222796428571,Hold,-5
2024-12-02 15:00:00+03:00,95128.67,97214.77,94766.0,97048.0,8297.68046,2024-12-02 18:59:59.999000+03:00,53.96253594744627,0.4927043253364994,113.81761188135717,213.97839089801244,-100.16077901665528,98027.3817430296,96789.127,95550.87225697044,104139.692,101533.154,99426.5,97319.846,94320.542,3597.243462142857,Hold,-20
2024-12-02 19:00:00+03:00,97048.01,97356.69,94395.0,95816.0,8796.99302,2024-12-02 22:59:59.999000+03:00,46.748490938174186,0.4361649306657771,50.09016815552605,181.20074634951516,-131.1105781939891,98009.91172221817,96718.0315,95426.15127778184,104139.692,101533.154,99426.5,97319.846,94320.542,4050.9132935714288,Hold,-20
2024-12-02 23:00:00+03:00,95816.01,96327.87,95112.01,95840.62,3792.74036,2024-12-03 02:59:59.999000+03:00,46.90125906168512,0.4374011613686851,1.5544197303825058,145.27148102568864,-143.71706129530614,97802.604225628,96609.089,95415.573774372,104139.692,101533.154,99426.5,97319.846,94320.542,4174.6501849999995,Hold,-30
2024-12-03 03:00:00+03:00,95840.61,96305.52,95400.0,96079.36,3671.38924,2024-12-03 06:59:59.999000+03:00,48.44575606861987,0.4498064113279419,-17.445091653775307,112.72816648979584,-130.17325814357116,97711.8029300592,96546.5705,95381.3380699408,104139.692,101533.154,99426.5,97319.846,94320.542,4306.707200714286,Hold,-30
2024-12-03 07:00:00+03:00,96079.36,96238.1,95277.35,95550.0,3510.45774,2024-12-03 10:59:59.999000+03:00,45.29941325488328,0.4243570734559449,-74.36009240600106,75.31051471063647,-149.67060711663754,97614.16851698497,96451.0705,95287.97248301504,104139.692,101533.154,99426.5,97319.846,94320.542,4434.222950714286,Hold,-30
2024-12-03 11:00:00+03:00,95550.0,95662.94,94595.38,94988.01,4056.48891,2024-12-03 14:59:59.999000+03:00,42.16830155910205,0.3983473342630342,-162.93531986251764,27.66134779600565,-190.5966676585233,97697.82861047411,96368.47,95039.11138952587,104139.692,101533.154,99426.5,97319.846,94320.542,4465.255379285714,Hold,-15
2024-12-03 15:00:00+03:00,94988.0,96250.0,93578.17,95682.54,13543.07849,2024-12-03 18:59:59.999000+03:00,47.04021231443993,0.4385241655785722,-175.07095026447496,-12.885111816090475,-162.1858384483845,97661.48158466964,96313.428,94965.37441533036,104139.692,101533.154,99426.5,97319.846,94320.542,5340.839455714285,Hold,-20
2024-12-03 19:00:00+03:00,95682.54,96169.99,94860.0,95428.6,5936.97324,2024-12-03 22:59:59.999000+03:00,45.529940057958186,0.4262453607212564,-202.84113419463392,-50.87631629179917,-151.96481790283474,97676.52882362336,96271.4585,94866.38817637668,104139.692,101533.154,99426.5,97319.846,94320.542,5564.668466428571,Hold,-20
2024-12-03 23:00:00+03:00,95428.61,96140.01,95272.5,95849.69,5108.93521,2024-12-04 02:59:59.999000+03:00,48.48359666113124,0.4501082045861717,-188.69559585848765,-78.44017220513688,-110.25542365335076,97637.22149147878,96231.6725,94826.12350852122,104139.692,101533.154,99426.5,97319.846,94320.542,5696.729471428572,Hold,-30
2024-12-04 03:00:00+03:00,95849.69,96614.16,95224.17,95770.32,4788.30848,2024-12-04 06:59:59.999000+03:00,47.95574856536411,0.4458891452981482,-181.7940419386141,-99.11094615183232,-82.68309578678178,97537.86063182332,96169.2045,94800.5483681767,104139.692,101533.154,99426.5,97319.846,94320.542,5826.742692142857,Hold,-30
2024-12-04 07:00:00+03:00,95770.32,96714.41,95717.54,96588.81,3607.43743,2024-12-04 10:59:59.999000+03:00,53.569569096687225,0.4897228562686055,-109.02246502773778,-101.09324992701342,-7.929215100724363,97555.9024430964,96178.2455,94800.58855690356,104139.692,101533.154,99426.5,97319.846,94320.542,5870.124182142857,Hold,-30
2024-12-04 11:00:00+03:00,96588.81,96950.0,96172.0,96190.41,3780.1103,2024-12-04 14:59:59.999000+03:00,50.70270239178643,0.467625566121408,-82.54647212002601,-97.38389436561594,14.837422245589934,97546.59386091898,96170.9285,94795.26313908104,104139.692,101533.154,99426.5,97319.846,94320.542,5754.921417857142,Hold,10
2024-12-04 15:00:00+03:00,96190.41,96560.0,95352.41,95742.81,7959.19099,2024-12-04 18:59:59.999000+03:00,47.6193161271654,0.4431896668886511,-96.56845520237404,-97.22080653296756,0.6523513305935467,97515.08104602354,96134.4205,94753.75995397648,104139.692,101533.154,99426.5,97319.846,94320.542,5939.259924285713,Hold,20
2024-12-04 19:00:00+03:00,95742.8,97232.01,94587.83,97209.64,9467.01122,2024-12-04 22:59:59.999000+03:00,56.87485630683232,0.514439624058461,10.558235604359652,-75.66499810550214,86.22323370986179,97535.73579391974,96139.458,94743.18020608026,104139.692,101533.154,99426.5,97319.846,94320.542,6165.485363571429,Hold,20
2024-12-04 23:00:00+03:00,97209.64,99000.0,97128.52,98587.32,14248.47886,2024-12-05 02:59:59.999000+03:00,63.41371781795227,0.5608944061412927,204.2694807024673,-19.678102343908257,223.9475830463755,97955.02422541748,96217.423,94479.82177458252,104139.692,101533.154,99426.5,97319.846,94320.542,6590.542392142857,Hold,10
2024-12-05 03:00:00+03:00,98587.32,104088.0,97888.89,102964.0,29911.489432,2024-12-05 06:59:59.999000+03:00,75.91016454038264,0.6405475072870852,702.8465589906991,124.82682992301324,578.0197290676858,99978.68571805269,96506.6865,93034.6872819473,104139.692,101533.154,99426.5,97319.846,94320.542,8098.7207072857145,Hold,-15
2024-12-05 07:00:00+03:00,102964.0,103544.71,101324.16,102236.1,14930.57327,2024-12-05 10:59:59.999000+03:00,71.53401198148183,0.6140145657068359,1027.3938817636372,305.340240291138,722.0536414724992,101072.0148279757,96759.2325,92446.4501720243,104139.692,101533.154,99426.5,97319.846,94320.542,8894.280200857142,Hold,-15
2024-12-05 11:00:00+03:00,102236.1,103159.76,102236.1,102566.91,9004.86605,2024-12-05 14:59:59.999000+03:00,72.31514739930243,0.618857603789712,1296.350059072778,503.5422040474661,792.807855025312,102092.84939623364,97063.3905,92033.93160376638,104139.692,101533.154,99426.5,97319.846,94320.542,9275.242830142857,Hold,-25
2024-12-05 15:00:00+03:00,102566.91,103550.0,100925.97,101292.01,15250.81785,2024-12-05 18:59:59.999000+03:00,64.92131578165413,0.5711400308181654,1390.5960662628495,680.9529764905428,709.6430897723067,102669.06468637766,97327.9915,91986.91831362234,104139.692,101533.154,99426.5,97319.846,94320.542,10113.839980857143,Hold,25
2024-12-05 19:00:00+03:00,101292.0,101999.0,98599.36,99028.0,14788.63995,2024-12-05 22:59:59.999000+03:00,54.3030946956814,0.4952788508655378,1267.9834956423874,798.3590803209117,469.6244153214757,102810.4078102022,97522.9575,92235.50718979782,104139.692,101533.154,99426.5,97319.846,94320.542,10880.422198,Hold,25
2024-12-05 23:00:00+03:00,99028.01,99479.72,90500.0,96945.63,26035.34311,2024-12-06 02:59:59.999000+03:00,46.73223431621291,0.4360332816853677,991.3545756902748,836.9581793947845,154.3963962954905,102807.4229982321,97517.839,92228.25500176792,104139.692,101533.154,99426.5,97319.846,94320.542,11772.726813714286,Hold,20
2024-12-06 03:00:00+03:00,96945.63,98828.7,95981.72,97735.29,10502.77687,2024-12-06 06:59:59.999000+03:00,49.60171521022277,0.4589790964192727,826.3178483694937,834.8301131897264,-8.512264820232645,102842.67909420512,97613.8035,92384.92790579487,104139.692,101533.154,99426.5,97319.846,94320.542,12098.85564442857,Hold,-25
2024-12-06 07:00:00+03:00,97735.29,98288.0,97370.19,98138.54,4600.17485,2024-12-06 10:59:59.999000+03:00,51.0518035845247,0.470348729069209,719.7669326809119,811.8174770879635,-92.05054440705167,102894.12222702045,97728.6995,92563.27677297956,104139.692,101533.154,99426.5,97319.846,94320.542,12062.515618714286,Hold,-25
2024-12-06 11:00:00+03:00,98138.53,98705.23,97622.86,98069.62,5508.51297,2024-12-06 14:59:59.999000+03:00,50.78286600135162,0.4682516706708153,622.5865066265396,773.9712829956788,-151.38477636913922,102936.21264455284,97828.2125,92720.21235544716,104139.692,101533.154,99426.5,97319.846,94320.542,12113.958796571429,Hold,-25
2024-12-06 15:00:00+03:00,98069.61,99483.81,97512.26,99309.99,9368.1804,2024-12-06 18:59:59.999000+03:00,55.34245713160868,0.5030824553752214,638.2998878474464,746.8370039660324,-108.53711611858604,103047.35599753995,98016.212,92985.06800246004,104139.692,101533.154,99426.5,97319.846,94320.542,12525.440437285713,Hold,-25
2024-12-06 19:00:00+03:00,99310.0,101799.0,98762.6,101439.99,9652.35617,2024-12-06 22:59:59.999000+03:00,61.874360483332815,0.5502526477993552,813.251398629116,760.1198828986492,53.131515730466845,103379.79656118531,98338.811,93297.82543881467,104139.692,101533.154,99426.5,97319.846,94320.542,12944.886570857141,Hold,15
2024-12-06 23:00:00+03:00,101439.99,101898.99,99053.03,99740.84,5417.53184,2024-12-07 02:59:59.999000+03:00,54.967400709087585,0.5002758463183794,805.5091190577223,769.1977301304638,36.31138892725846,103457.67668773764,98541.726,93625.77531226234,104139.692,101533.154,99426.5,97319.846,94320.542,12763.339488714284,Hold,15
2024-12-07 03:00:00+03:00,99740.84,100428.0,99285.71,99299.63,2803.39835,2024-12-07 06:59:59.999000+03:00,53.3034894714121,0.487697560438273,755.0674000880244,766.371664121976,-11.30426403395154,103435.21779858094,98735.2775,94035.33720141904,104139.692,101533.154,99426.5,97319.846,94320.542,12287.367140857143,Hold,-25
2024-12-07 07:00:00+03:00,99299.64,99666.31,98844.0,99405.2,3254.00298,2024-12-07 10:59:59.999000+03:00,53.66491165669087,0.4904472847945011,715.3643165637477,756.1701946103303,-40.80587804658262,103418.36992246802,98913.053,94407.73607753198,104139.692,101533.154,99426.5,97319.846,94320.542,11502.047435142857,Hold,-25
2024-12-07 11:00:00+03:00,99405.2,99821.83,99260.0,99620.0,2290.29479,2024-12-07 14:59:59.999000+03:00,54.4376193319453,0.4962934301638106,693.240654924346,743.5842866731335,-50.34363174878752,103367.90437439144,99105.537,94843.16962560856,104139.692,101533.154,99426.5,97319.846,94320.542,9529.104960714287,Hold,-25
2024-12-07 15:00:00+03:00,99620.0,99800.0,99036.01,99756.01,2409.08289,2024-12-07 18:59:59.999000+03:00,54.949916643224,0.5001447526016157,678.8569239541685,730.6388141293405,-51.781890175172066,103364.84879714774,99263.897,95162.94520285228,104139.692,101533.154,99426.5,97319.846,94320.542,8634.712790714286,Hold,-25
2024-12-07 19:00:00+03:00,99756.0,100263.64,99460.37,100077.45,2257.58478,2024-12-07 22:59:59.999000+03:00,56.20326323257608,0.5094840049409435,685.4932951433002,721.6097103321325,-36.11641518883232,103306.54784353766,99458.249,95609.95015646234,104139.692,101533.154,99426.5,97319.846,94320.542,8152.764128571428,Hold,-25
2024-12-07 23:00:00+03:00,100077.45,100439.18,99595.11,99831.99,1917.58211,2024-12-08 02:59:59.999000+03:00,54.94613882750008,0.5001164239177203,663.2999871559296,709.947765696892,-46.64777854096246,103091.4961752907,99662.708,96233.9198247093,104139.692,101533.154,99426.5,97319.846,94320.542,7200.390147142857,Hold,-25
2024-12-08 03:00:00+03:00,99831.99,100328.88,99632.28,99934.82,1688.21452,2024-12-08 06:59:59.999000+03:00,55.39624188893537,0.5034840693455447,646.5560565429769,697.269423866109,-50.71336732313216,103028.07692114946,99798.967,96569.85707885056,104139.692,101533.154,99426.5,97319.846,94320.542,6264.645473571429,Hold,-25
2024-12-08 07:00:00+03:00,99934.83,100030.0,99336.0,99675.11,1590.3559,2024-12-08 10:59:59.999000+03:00,53.93079431266211,0.4924639266158288,605.351825361402,678.8859041651676,-73.53407880376562,103032.79883585066,99853.3565,96673.91416414932,104139.692,101533.154,99426.5,97319.846,94320.542,4518.574958571428,Hold,-25
2024-12-08 11:00:00+03:00,99675.11,99844.28,98657.7,99701.16,2557.39593,2024-12-08 14:59:59.999000+03:00,54.06206422614176,0.4934576260578955,568.248774431544,656.758478218443,-88.50970378689897,102512.37526197272,99690.2145,96868.05373802729,104139.692,101533.154,99426.5,97319.846,94320.542,3951.0477485714287,Hold,-25
2024-12-08 15:00:00+03:00,99701.17,100500.0,99357.16,99912.01,3388.44325,2024-12-08 18:59:59.999000+03:00,55.1753882293798,0.5018335557759036,549.5236060456809,635.3115037838907,-85.78789773820972,102134.00175733842,99574.01,97014.0182426616,104139.692,101533.154,99426.5,97319.846,94320.542,3864.495491428571,Hold,-25
2024-12-08 19:00:00+03:00,99912.01,100198.0,99480.0,100100.98,2219.63339,2024-12-08 22:59:59.999000+03:00,56.19992809289772,0.5094593102784014,543.6650427115092,616.9822115694144,-73.31716885790524,101609.9339232302,99450.7135,97291.4930767698,104139.692,101533.154,99426.5,97319.846,94320.542,3629.5755214285714,Hold,-25
2024-12-08 23:00:00+03:00,100100.99,101351.0,99736.06,101109.59,3168.95389,2024-12-09 02:59:59.999000+03:00,61.2861341935938,0.546138134442249,613.3383045697847,616.2534301694885,-2.915125599703856,101569.375658717,99441.5925,97313.809341283,104139.692,101533.154,99426.5,97319.846,94320.542,3186.773627857143,Hold,-25
2024-12-09 03:00:00+03:00,101109.6,101215.93,98432.18,99090.84,6131.57247,2024-12-09 06:59:59.999000+03:00,49.01709274780874,0.4543520851403325,499.89612164314894,592.9819684642207,-93.08584682107175,101570.13039758004,99444.7345,97319.33860241991,104139.692,101533.154,99426.5,97319.846,94320.542,2935.2890778571423,Hold,-15
2024-12-09 07:00:00+03:00,99090.84,99729.88,98328.0,99576.51,4641.05371,2024-12-09 10:59:59.999000+03:00,51.531036518364715,0.4740724393274164,444.06300257933617,563.1981752872439,-119.13517270790771,101346.37969714565,99576.2785,97806.17730285435,104139.692,101533.154,99426.5,97319.846,94320.542,2879.8263542857144,Hold,-15
2024-12-09 11:00:00+03:00,99576.51,99679.71,98035.57,98088.47,5754.936,2024-12-09 14:59:59.999000+03:00,44.320128087975384,0.416294460202184,276.5545132549305,505.8694428807812,-229.3149296258507,101292.3005105157,99593.9375,97895.5744894843,104139.692,101533.154,99426.5,97319.846,94320.542,3090.650472142857,Hold,-15
2024-12-09 15:00:00+03:00,98088.47,100421.8,97508.58,97812.0,10565.60263,2024-12-09 18:59:59.999000+03:00,43.113016002601704,0.4062653671107697,120.10946306337428,428.71744691729987,-308.6079838539256,101339.95721903164,99577.6105,97815.26378096834,104139.692,101533.154,99426.5,97319.846,94320.542,3612.90759,Hold,0
2024-12-09 19:00:00+03:00,97812.0,98398.0,97000.0,97070.32,7646.39206,2024-12-09 22:59:59.999000+03:00,39.96807124735208,0.3796757343268521,-62.99557014154561,330.3748435055308,-393.3704136470764,101512.61022617144,99527.6455,97542.68077382856,104139.692,101533.154,99426.5,97319.846,94320.542,3995.4859664285714,Hold,-5
2024-12-09 23:00:00+03:00,97070.33,97572.52,94150.05,97276.47,19209.55908,2024-12-10 02:59:59.999000+03:00,41.250867053739945,0.390600686403094,-189.29101700987667,226.44167140244932,-415.7326884123259,101651.61242853188,99425.9695,97200.32657146816,104139.692,101533.154,99426.5,97319.846,94320.542,5195.519979999999,Hold,-20
2024-12-10 03:00:00+03:00,97276.48,98138.0,95565.41,96931.99,7967.90111,2024-12-10 06:59:59.999000+03:00,39.72334867716539,0.3775793414916658,-313.563164647363,118.44070419248686,-432.0038688398499,101479.84050937256,99200.5695,96921.29849062748,104139.692,101533.154,99426.5,97319.846,94320.542,5603.399717857143,Hold,-20
2024-12-10 07:00:00+03:00,96931.99,97519.2,95900.0,97196.44,4851.30267,2024-12-10 10:59:59.999000+03:00,41.51383396690153,0.3928268580729425,-386.25828698843543,17.500905956302397,-403.75919294473783,101504.6176057159,99073.3495,96642.08139428408,104139.692,101533.154,99426.5,97319.846,94320.542,5812.951186428571,Hold,-30
2024-12-10 11:00:00+03:00,97196.44,97937.5,96938.19,97722.52,3732.90811,2024-12-10 14:59:59.999000+03:00,45.01307590140857,0.4220064833904678,-396.8448553526541,-65.36824630548891,-331.4766090471652,101496.14526664995,98994.494,96492.84273335,104139.692,101533.154,99426.5,97319.846,94320.542,5959.000728571428,Hold,-25
2024-12-10 15:00:00+03:00,97722.53,98270.0,95555.0,95658.79,11589.32855,2024-12-10 18:59:59.999000+03:00,35.931154175749,0.3446074772790483,-565.2447609901137,-165.34354924241387,-399.90121174769985,101708.4687786988,98807.1735,95905.8782213012,104139.692,101533.154,99426.5,97319.846,94320.542,6673.213060714285,Hold,-5
2024-12-10 19:00:00+03:00,95658.79,96500.0,94256.54,95856.5,17282.11364,2024-12-10 22:59:59.999000+03:00,37.23762252319696,0.3560684218484245,-674.968735367147,-267.26858646736054,-407.7001488997865,101775.30491796623,98618.9985,95462.69208203375,104139.692,101533.154,99426.5,97319.846,94320.542,7724.978611428572,Hold,-20
2024-12-10 23:00:00+03:00,95856.5,97200.7,95616.0,96593.0,6285.13525,2024-12-11 02:59:59.999000+03:00,41.98365954153917,0.3967927635004699,-694.4907240059547,-352.7130139750794,-341.7777100308753,101693.32876893584,98460.848,95228.36723106414,104139.692,101533.154,99426.5,97319.846,94320.542,7931.885182857142,Hold,-30
2024-12-11 03:00:00+03:00,96593.0,97625.76,95658.24,97398.43,6101.81371,2024-12-11 06:59:59.999000+03:00,46.72794607200853,0.4359985516192251,-637.6204789337207,-409.6945069668077,-227.92597196691304,101498.77670833224,98326.897,95155.01729166775,104139.692,101533.154,99426.5,97319.846,94320.542,8209.183777142858,Hold,-25
2024-12-11 07:00:00+03:00,97398.42,97790.36,97181.7,97334.6,2882.63101,2024-12-11 10:59:59.999000+03:00,46.40408517046372,0.4333718853877219,-590.8895407268865,-445.93351371882346,-144.95602700806302,101320.61016580967,98202.0275,95083.4448341903,104139.692,101533.154,99426.5,97319.846,94320.542,8188.732142857143,Hold,-25
2024-12-11 11:00:00+03:00,97334.59,98472.57,97316.78,98292.61,3915.0582,2024-12-11 14:59:59.999000+03:00,51.803282170829505,0.4761803125212678,-471.1207482203608,-450.97096061913095,-20.14978760122989,101131.02599009567,98119.917,95108.8080099043,104139.692,101533.154,99426.5,97319.846,94320.542,8030.409695,Hold,-25
2024-12-11 15:00:00+03:00,98292.61,100800.0,98072.33,100361.64,10646.28169,2024-12-11 18:59:59.999000+03:00,60.952298265864705,0.5437912269347146,-206.8650760489254,-402.1497837050899,195.28470765616447,101254.33935532792,98154.2435,95054.14764467208,104139.692,101533.154,99426.5,97319.846,94320.542,8459.354550714286,Hold,25
2024-12-11 19:00:00+03:00,100361.64,101141.01,99608.23,101122.71,9214.79257,2024-12-11 22:59:59.999000+03:00,63.68320542408522,0.5627386752099262,63.24241725973843,-309.07134351212426,372.3137607718627,101532.987548031,98225.321,94917.65445196898,104139.692,101533.154,99426.5,97319.846,94320.542,8706.487162857142,Hold,25
2024-12-11 23:00:00+03:00,101122.71,101888.0,100866.42,101125.0,4993.20573,2024-12-12 02:59:59.999000+03:00,63.69143383780918,0.5627948994295389,274.327063957302,-192.391662018239,466.718725975541,101763.95469384112,98285.9705,94807.98630615888,104139.692,101533.154,99426.5,97319.846,94320.542,8308.458812857143,Hold,15
2024-12-12 03:00:00+03:00,101125.0,101829.0,100331.61,101025.87,4584.27765,2024-12-12 06:59:59.999000+03:00,63.02573039202883,0.5582293638671534,428.6727322934749,-68.17878315589623,496.85151544937105,101934.19677789295,98332.215,94730.23322210704,104139.692,101533.154,99426.5,97319.846,94320.542,8089.736355,Hold,15
2024-12-12 07:00:00+03:00,101025.88,101191.85,100402.82,100499.99,3018.02596,2024-12-12 10:59:59.999000+03:00,59.47436140344731,0.5332986856662139,502.76312506633985,46.009598488550985,456.7535265777889,101813.95880929644,98301.73500000002,94789.5111907036,104139.692,101533.154,99426.5,97319.846,94320.542,6933.198275000001,Hold,15
2024-12-12 11:00:00+03:00,100499.99,101126.54,100178.32,100358.42,2593.08394,2024-12-12 14:59:59.999000+03:00,58.518401609410894,0.5264230656644572,543.788325956004,145.56534398204158,398.2229819739624,101981.49718727358,98365.114,94748.73081272644,104139.692,101533.154,99426.5,97319.846,94320.542,6549.282762857142,Hold,15
2024-12-12 15:00:00+03:00,100358.42,101861.6,100348.35,101797.14,7527.72986,2024-12-12 18:59:59.999000+03:00,64.72394215706952,0.569808630048485,684.5032460153743,253.35292438870815,431.15032162666614,102374.49446935645,98476.1455,94577.79653064357,104139.692,101533.154,99426.5,97319.846,94320.542,6740.456133571429,Hold,30
2024-12-12 19:00:00+03:00,101797.14,102540.0,99311.64,99481.32,7934.57131,2024-12-12 22:59:59.999000+03:00,51.39591326536318,0.4730242182832155,602.211593685628,323.12465824809215,279.0869354375359,102464.68752836427,98545.788,94626.88847163571,104139.692,101533.154,99426.5,97319.846,94320.542,7040.574933571429,Hold,25
2024-12-12 23:00:00+03:00,99481.33,100476.19,99465.33,100004.29,3574.39873,2024-12-13 02:59:59.999000+03:00,53.713886108501754,0.4908191375351831,572.5936712770199,373.01846085387774,199.57521042314215,102610.35677271643,98655.4025,94700.44822728356,104139.692,101533.154,99426.5,97319.846,94320.542,6468.079946428572,Hold,15
2024-12-13 03:00:00+03:00,100004.29,100356.85,99205.0,99729.09,3169.68724,2024-12-13 06:59:59.999000+03:00,52.300383018314974,0.4800150475334271,520.9101859565708,402.5968058744163,118.31338008215442,102697.43339948892,98788.341,94879.24860051104,104139.692,101533.154,99426.5,97319.846,94320.542,5460.049489285714,Hold,15
2024-12-13 07:00:00+03:00,99729.09,100225.52,99500.0,100130.0,2722.44317,2024-12-13 10:59:59.999000+03:00,54.1915878525709,0.4944368453266257,506.462552888348,423.36995527720273,83.09259761114527,102815.99340239412,98931.0175,95046.04159760584,104139.692,101533.154,99426.5,97319.846,94320.542,5205.571483571429,Hold,15
2024-12-13 11:00:00+03:00,100130.01,100789.0,99896.0,100353.37,2260.04806,2024-12-13 14:59:59.999000+03:00,55.256027052338304,0.5024366215043413,507.19021868516575,440.13400795879534,67.05621072637041,102917.11531284974,99102.0865,95287.05768715029,104139.692,101533.154,99426.5,97319.846,94320.542,4931.159651428571,Hold,15
2024-12-13 15:00:00+03:00,100353.37,101375.26,99700.0,99873.16,4395.11384,2024-12-13 18:59:59.999000+03:00,52.43511907444135,0.4810512859398857,463.6730312760046,444.8418126222372,18.83121865376739,102956.09332984017,99235.9225,95515.75167015984,104139.692,101533.154,99426.5,97319.846,94320.542,5039.194139285714,Hold,15
2024-12-13 19:00:00+03:00,99873.16,101895.26,99800.0,101462.34,6176.84479,2024-12-13 22:59:59.999000+03:00,59.75705027868579,0.5353185356314497,551.066539359701,466.08675796973,84.97978138997098,103198.33741738572,99422.9135,95647.48958261426,104139.692,101533.154,99426.5,97319.846,94320.542,5200.750324285715,Hold,25
2024-12-13 23:00:00+03:00,101462.34,101879.98,101090.9,101424.25,3179.90213,2024-12-14 02:59:59.999000+03:00,59.520551586962206,0.533629137736362,610.2187574952404,494.9131578748321,115.30559962040832,103141.097284577,99711.1865,96281.275715423,104139.692,101533.154,99426.5,97319.846,94320.542,4667.4374985714285,Hold,15
2024-12-14 03:00:00+03:00,101424.24,102650.0,101148.35,102088.0,4102.31163,2024-12-14 06:59:59.999000+03:00,62.319137662049734,0.5533461408368099,702.5577459775523,536.4420754953762,166.11567048217603,103091.42905728031,100022.7615,96954.09394271966,104139.692,101533.154,99426.5,97319.846,94320.542,4302.260288571429,Hold,20
2024-12-14 07:00:00+03:00,102088.0,102138.0,101590.9,101824.0,2355.50886,2024-12-14 10:59:59.999000+03:00,60.52673569701598,0.5407870936854473,745.8369221847533,578.3210448332517,167.51587735150167,102992.67868641936,100284.3115,97575.94431358064,104139.692,101533.154,99426.5,97319.846,94320.542,4113.8533692857145,Hold,20
2024-12-14 11:00:00+03:00,101824.0,101863.64,101321.0,101583.99,1246.03828,2024-12-14 14:59:59.999000+03:00,58.86901693389462,0.5289529096102502,752.0994457409979,613.0767250148009,139.022720726197,102892.15738078074,100493.5895,98095.02161921926,104139.692,101533.154,99426.5,97319.846,94320.542,3875.4077,Hold,20
2024-12-14 15:00:00+03:00,101584.0,101742.43,100826.38,101625.12,2737.98405,2024-12-14 18:59:59.999000+03:00,59.07586770141533,0.5304410367344297,751.7160730771866,640.8045946272781,110.91147844990849,102638.92258195391,100708.1155,98777.30841804609,104139.692,101533.154,99426.5,97319.846,94320.542,3855.404706428572,Hold,20
2024-12-14 19:00:00+03:00,101625.12,101737.7,100831.63,101313.54,2313.84837,2024-12-14 22:59:59.999000+03:00,56.74760937657826,0.5135032989521141,717.9937603283179,656.2424277674861,61.75133256083177,102434.20733222053,100859.162,99284.11666777948,104139.692,101533.154,99426.5,97319.846,94320.542,3835.4593085714287,Hold,15
2024-12-14 23:00:00+03:00,101313.54,101499.08,100609.41,101420.0,1436.01207,2024-12-15 02:59:59.999000+03:00,57.36588185070836,0.5180412628000096,691.8834154643555,663.37062530686,28.512790157495488,102487.860633303,100912.08,99336.299366697,104139.692,101533.154,99426.5,97319.846,94320.542,3400.336609285714,Hold,15
2024-12-15 03:00:00+03:00,101420.0,102196.97,101237.14,101733.82,2717.2499,2024-12-15 06:59:59.999000+03:00,59.21656649129042,0.531451388976444,688.5759553519601,668.41169131588,20.164264036080112,102558.79538848718,100942.6355,99326.47561151284,104139.692,101533.154,99426.5,97319.846,94320.542,3027.6707942857142,Hold,20
2024-12-15 07:00:00+03:00,101733.83,102850.0,101534.01,101732.09,3091.00658,2024-12-15 10:59:59.999000+03:00,59.20130993130177,0.531341905216676,677.9996153168613,670.3292761160764,7.670339200784952,102625.95699192,100972.99,99320.02300808002,104139.692,101533.154,99426.5,97319.846,94320.542,2993.1427835714285,Hold,30
2024-12-15 11:00:00+03:00,101732.09,102691.01,101581.07,102671.44,1800.59415,2024-12-15 14:59:59.999000+03:00,64.54302907269769,0.5685856317952936,736.920720812821,683.6475650554253,53.27315575739567,102874.75168223932,101055.2685,99235.7853177607,104139.692,101533.154,99426.5,97319.846,94320.542,2895.3504199999998,Hold,20
2024-12-15 15:00:00+03:00,102671.44,103359.97,102473.01,102704.01,4918.19696,2024-12-15 18:59:59.999000+03:00,64.71553078937063,0.5697518238353299,777.2841998103686,702.374892006414,74.90930780395456,103106.28292702023,101165.4695,99224.65607297972,104139.692,101533.154,99426.5,97319.846,94320.542,3052.1899764285713,Hold,30
2024-12-15 19:00:00+03:00,102704.0,103490.0,102583.65,103252.95,2441.92022,2024-12-15 22:59:59.999000+03:00,67.57850011665809,0.5887723716791634,843.8401540128834,730.667944407708,113.17220960517544,103421.78932953102,101310.196,99198.60267046896,104139.692,101533.154,99426.5,97319.846,94320.542,3065.180845,Hold,20
2024-12-15 23:00:00+03:00,103252.96,105250.0,102621.5,104463.99,7259.953965,2024-12-16 02:59:59.999000+03:00,72.81843467359825,0.6219532950297529,982.9758998523176,781.12953549663,201.84636435568757,103978.89368277624,101443.5385,98908.18331722374,104139.692,101533.154,99426.5,97319.846,94320.542,3269.8122825,Hold,-15
2024-12-16 03:00:00+03:00,104463.99,106648.0,104259.48,104582.28,8803.848246,2024-12-16 06:59:59.999000+03:00,73.27281570833392,0.6247315712107968,1090.2196220928745,842.9475528158789,247.2720692769956,104422.11092538568,101698.5865,98975.06207461432,104139.692,101533.154,99426.5,97319.846,94320.542,3457.4553865000003,Hold,-15
2024-12-16 07:00:00+03:00,104582.28,105420.76,104469.89,104992.79,3083.27266,2024-12-16 10:59:59.999000+03:00,74.8444106492171,0.634219810951087,1194.565562627875,913.2711547782782,281.2944078495967,104920.53159373732,101948.0115,98975.49140626266,104139.692,101533.154,99426.5,97319.846,94320.542,3450.5532815,Hold,-25
2024-12-16 11:00:00+03:00,104992.79,105016.85,103625.78,103757.99,3972.26006,2024-12-16 14:59:59.999000+03:00,62.869205801181344,0.5571509385132414,1164.2022332734923,963.4573704773212,200.7448627961712,105033.57699526523,102149.4565,99265.33600473477,104139.692,101533.154,99426.5,97319.846,94320.542,3441.2638836428573,Hold,30
2024-12-16 15:00:00+03:00,103758.0,106499.99,103333.0,106332.01,9289.30941,2024-12-16 18:59:59.999000+03:00,72.68166367546804,0.6211139372167469,1332.4809668759117,1037.2620897570391,295.21887711887234,105736.382171483,102459.557,99182.731828517,104139.692,101533.154,99426.5,97319.846,94320.542,3936.5353515,Hold,-15
2024-12-16 19:00:00+03:00,106332.0,107793.07,105797.41,106583.12,11995.104264,2024-12-16 22:59:59.999000+03:00,73.41963796740343,0.6256259408889473,1469.169878195462,1123.643647444724,345.526230750738,106373.11346991397,102771.0445,99168.97553008604,104139.692,101533.154,99426.5,97319.846,94320.542,4704.325778928572,Hold,-15
2024-12-16 23:00:00+03:00,106583.13,106648.48,105480.02,106058.66,4158.6081,2024-12-17 02:59:59.999000+03:00,69.21416345054472,0.5993560622367082,1517.682388452129,1202.4513956462051,315.23099280592396,106696.90235044352,103080.3195,99463.7366495565,104139.692,101533.154,99426.5,97319.846,94320.542,4805.798925357143,Hold,20
2024-12-17 03:00:00+03:00,106058.65,107000.0,105657.34,106866.49,3882.88127,2024-12-17 06:59:59.999000+03:00,71.88548210974827,0.6161994516471111,1602.837518841814,1282.528620285327,320.30889855648707,107254.24795701428,103350.527,99446.80604298571,104139.692,101533.154,99426.5,97319.846,94320.542,4917.872703928571,Hold,-10
2024-12-17 07:00:00+03:00,106866.5,107143.29,106368.45,106805.75,2937.82223,2024-12-17 10:59:59.999000+03:00,71.38393157731198,0.613078723940275,1646.4431905848178,1355.3115343452253,291.13165623959253,107702.05283794431,103619.602,99537.15116205568,104139.692,101533.154,99426.5,97319.846,94320.542,5025.144858214286,Hold,-10
2024-12-17 11:00:00+03:00,106805.75,107550.02,106708.86,106808.31,3622.94784,2024-12-17 14:59:59.999000+03:00,71.39299090191876,0.6131352631682544,1662.048509579079,1416.658929391996,245.38958018708308,108107.51269869258,103855.6175,99603.72230130744,104139.692,101533.154,99426.5,97319.846,94320.542,5089.837568214286,Hold,-10
2024-12-17 15:00:00+03:00,106808.31,108353.0,105725.99,106478.47,8939.180456,2024-12-17 18:59:59.999000+03:00,68.38885730164941,0.5940415613200896,1629.022152556587,1459.1315740249142,169.89057853167242,108381.34857608569,104088.341,99795.33342391432,104139.692,101533.154,99426.5,97319.846,94320.542,5507.564273642857,Hold,30
2024-12-17 19:00:00+03:00,106478.48,107633.0,106148.0,106475.89,5875.35581,2024-12-17 22:59:59.999000+03:00,68.36462491615512,0.5938847274367145,1584.3766346323537,1484.1805861464022,100.19604848595144,108582.3737026233,104332.936,100083.4982973767,104139.692,101533.154,99426.5,97319.846,94320.542,5798.618677928572,Hold,30
2024-12-17 23:00:00+03:00,106475.89,106903.99,105321.49,106133.74,3806.74886,2024-12-18 02:59:59.999000+03:00,65.07168074243447,0.5721523184083747,1504.0483612201206,1488.1541411611458,15.894220058974724,108679.38932044432,104558.367,100437.34467955568,104139.692,101533.154,99426.5,97319.846,94320.542,5719.229527928571,Hold,20
2024-12-18 03:00:00+03:00,106133.74,106524.98,104581.58,104763.98,5784.93924,2024-12-18 06:59:59.999000+03:00,53.882179992497555,0.4920955950604913,1314.7043480199936,1453.4641825329154,-138.75983451292177,108558.3937862808,104730.889,100903.3842137192,104139.692,101533.154,99426.5,97319.846,94320.542,5958.016600785714,Hold,-20
2024-12-18 07:00:00+03:00,104763.99,104763.99,103137.82,104250.75,7256.63713,2024-12-18 10:59:59.999000+03:00,50.38609769092044,0.4651481906943442,1110.4340886977295,1384.8581637658783,-274.42407506814857,108380.44457693948,104872.42650000002,101364.40842306057,104139.692,101533.154,99426.5,97319.846,94320.542,5957.779684,Hold,-10
2024-12-18 11:00:00+03:00,104250.75,105033.33,103729.18,105028.33,2927.64166,2024-12-18 14:59:59.999000+03:00,55.135678926812666,0.5015364062351196,999.767941494254,1307.8401193115535,-308.07217781729946,108218.84872596576,105037.152,101855.45527403423,104139.692,101533.154,99426.5,97319.846,94320.542,5538.050642142857,Hold,-20
2024-12-18 15:00:00+03:00,105028.33,105350.0,103650.0,104428.54,7242.86665,2024-12-18 18:59:59.999000+03:00,51.074129621269094,0.4705225797494076,853.8238325286366,1217.0368619549702,-363.2130294263336,107969.28912877392,105171.97449999998,102374.65987122605,104139.692,101533.154,99426.5,97319.846,94320.542,5835.164498571428,Hold,-10
2024-12-18 19:00:00+03:00,104428.54,104999.98,102817.82,102817.82,9166.33778,2024-12-18 22:59:59.999000+03:00,42.10418465270968,0.3978077685545976,601.2594869569584,1093.8813869553678,-492.6218999984094,107949.69733328898,105179.2935,102408.88966671102,104139.692,101533.154,99426.5,97319.846,94320.542,6206.17005,Hold,-10
2024-12-18 23:00:00+03:00,102817.82,102997.77,100000.0,100204.01,17929.57509,2024-12-19 02:59:59.999000+03:00,32.21630486338739,0.3114614500466626,188.02041863776685,912.7091932918476,-724.6887746540808,108449.981792298,105054.2935,101658.605207702,104139.692,101533.154,99426.5,97319.846,94320.542,6823.331884285713,Hold,0
2024-12-19 03:00:00+03:00,100204.01,101310.25,98802.0,101193.15,11011.14924,2024-12-19 06:59:59.999000+03:00,38.13705756730508,0.3638971426749421,-58.97931202413747,718.3714922286507,-777.3508042527882,108685.1394580643,104951.3035,101217.4675419357,104139.692,101533.154,99426.5,97319.846,94320.542,6753.049382571428,Hold,0
2024-12-19 07:00:00+03:00,101193.15,101727.28,100629.99,101656.57,3199.07619,2024-12-19 10:59:59.999000+03:00,40.74834027885304,0.3863337787276616,-214.8575134028506,531.7256911023504,-746.583204505201,108822.65180865076,104810.9325,100799.21319134923,104139.692,101533.154,99426.5,97319.846,94320.542,6684.511389,Hold,-20
2024-12-19 11:00:00+03:00,101656.57,102609.72,101380.1,102449.99,4074.86626,2024-12-19 14:59:59.999000+03:00,45.02679949812319,0.4221192725438504,-271.2430271508201,371.1319474517163,-642.3749746025364,108852.63206704488,104704.318,100556.00393295512,104139.692,101533.154,99426.5,97319.846,94320.542,6698.2246025714285,Hold,-20
2024-12-19 15:00:00+03:00,102450.0,102800.11,99500.0,100679.86,10496.80787,2024-12-19 18:59:59.999000+03:00,38.37000128111256,0.3659163977884177,-453.5355746496498,206.1984430314431,-659.7340176810928,109005.85269917225,104488.6715,99971.49030082776,104139.692,101533.154,99426.5,97319.846,94320.542,7238.152148285714,Hold,-15
2024-12-19 19:00:00+03:00,100679.86,101200.0,96251.32,97199.72,15856.49892,2024-12-19 22:59:59.999000+03:00,29.222733583608672,0.2841835616159913,-868.8068802438938,-8.802621623624278,-860.0042586202695,109730.74848812383,104160.758,98590.76751187615,104139.692,101533.154,99426.5,97319.846,94320.542,8111.977225428571,Hold,25
2024-12-19 23:00:00+03:00,97199.72,98500.0,95700.0,97461.86,10508.99952,2024-12-20 02:59:59.999000+03:00,30.565486897912464,0.2964790261866628,-1163.349505649705,-239.7119984288404,-923.6375072208646,109934.28470230984,103717.2505,97500.21629769016,104139.692,101533.154,99426.5,97319.846,94320.542,8224.107158571429,Hold,0
2024-12-20 03:00:00+03:00,97461.86,97814.09,96000.0,97106.02,8712.02871,2024-12-20 06:59:59.999000+03:00,29.740666673450193,0.2889375683741682,-1409.2450724986993,-473.6186132428122,-935.6264592558872,109964.90977656598,103243.3955,96521.88122343404,104139.692,101533.154,99426.5,97319.846,94320.542,8426.726651428571,Hold,10
2024-12-20 07:00:00+03:00,97106.02,98233.0,96374.03,97832.53,6871.39877,2024-12-20 10:59:59.999000+03:00,33.67590320870528,0.3245809289705686,-1527.883307807759,-684.4715521558015,-843.4117556519572,109829.3421877372,102832.089,95834.8358122628,104139.692,101533.154,99426.5,97319.846,94320.542,8645.630216428572,Hold,-25
2024-12-20 11:00:00+03:00,97832.52,97864.91,92612.1,92723.98,19009.19125,2024-12-20 14:59:59.999000+03:00,23.646510876212854,0.2321541293561315,-2010.941374698814,-949.765516664404,-1061.17585803441,110183.49045818788,102124.9635,94066.43654181212,104139.692,101533.154,99426.5,97319.846,94320.542,9590.219645714285,Hold,25
2024-12-20 15:00:00+03:00,92723.99,97572.0,92232.54,96991.62,16343.30766,2024-12-20 18:59:59.999000+03:00,39.78124907401512,0.3780756905209986,-2026.0504427792769,-1165.022501887379,-861.027940891898,109687.89188177932,101634.257,93580.62211822068,104139.692,101533.154,99426.5,97319.846,94320.542,10239.267540714285,Hold,-20
2024-12-20 19:00:00+03:00,96991.63,97748.0,96300.0,97116.0,7186.02296,2024-12-20 22:59:59.999000+03:00,40.1780213034678,0.381471150374198,-2004.8770865143597,-1332.993418812775,-671.8836677015847,109057.48828334716,101149.6415,93241.79471665285,104139.692,101533.154,99426.5,97319.846,94320.542,10543.43763357143,Hold,-30
2024-12-20 23:00:00+03:00,97116.0,97816.44,95393.84,97805.44,4762.18635,2024-12-21 02:59:59.999000+03:00,42.441867043721295,0.4006463826582748,-1910.4426098223048,-1448.483257014681,-461.9593528076239,108339.53927118516,100715.99,93092.44072881482,104139.692,101533.154,99426.5,97319.846,94320.542,10366.24618357143,Hold,-25
2024-12-21 03:00:00+03:00,97805.44,97813.59,97188.09,97487.46,2878.66863,2024-12-21 06:59:59.999000+03:00,41.658832072885694,0.3940523893807902,-1840.0499843818252,-1526.7966024881098,-313.2533818937154,107510.7350219032,100266.5685,93022.4019780968,104139.692,101533.154,99426.5,97319.846,94320.542,9917.126958571429,Hold,-25
2024-12-21 07:00:00+03:00,97487.47,99540.61,97378.5,99040.0,5467.95008,2024-12-21 10:59:59.999000+03:00,46.81799302691533,0.4367275602378598,-1640.0804916933412,-1549.453380329156,-90.62711136418513,106621.4185826506,99911.8815,93202.34441734942,104139.692,101533.154,99426.5,97319.846,94320.542,9027.010886428572,Hold,-25
2024-12-21 11:00:00+03:00,99040.0,99187.95,97800.0,98262.08,3434.11954,2024-12-21 14:59:59.999000+03:00,44.68568847554325,0.4193119385240921,-1526.7751570605617,-1544.9177356754371,18.14257861487567,105926.30694187724,99586.7865,93247.26605812275,104139.692,101533.154,99426.5,97319.846,94320.542,8485.794479285714,Hold,15
2024-12-21 15:00:00+03:00,98262.08,98283.95,96398.39,97527.97,5930.1048,2024-12-21 18:59:59.999000+03:00,42.708876016208606,0.4028854755746643,-1479.1655056296297,-1531.7672896662757,52.60178403664622,105252.86811734475,99250.6475,93248.42688265524,104139.692,101533.154,99426.5,97319.846,94320.542,8680.867951428572,Hold,15
2024-12-21 19:00:00+03:00,97527.96,97723.18,96819.36,97269.03,2933.73741,2024-12-21 22:59:59.999000+03:00,42.003045415337674,0.3969560876817047,-1445.6640920512143,-1514.5466501432636,68.88255809204907,104265.6340253984,98862.6825,93459.73097460158,104139.692,101533.154,99426.5,97319.846,94320.542,8599.358747857143,Hold,10
2024-12-21 23:00:00+03:00,97269.03,98057.51,96539.91,97291.99,2838.96097,2024-12-22 02:59:59.999000+03:00,42.09442730312536,0.3977256329761947,-1401.1101743809268,-1491.8593549907964,90.74918060986964,103265.40479199326,98505.855,93746.30520800671,104139.692,101533.154,99426.5,97319.846,94320.542,8052.369683571428,Hold,10
2024-12-22 03:00:00+03:00,97292.0,97448.08,96549.37,96994.37,1848.52784,2024-12-22 06:59:59.999000+03:00,41.1884745360432,0.3900718239835906,-1373.977957694733,-1468.2830755315838,94.30511783685074,102557.83582462188,98214.6825,93871.52917537816,104139.692,101533.154,99426.5,97319.846,94320.542,7051.800320714286,Hold,10
2024-12-22 07:00:00+03:00,96994.37,97071.97,95890.28,96210.24,2981.41637,2024-12-22 10:59:59.999000+03:00,38.818054256013895,0.3697906301307612,-1399.6143354170051,-1454.549327508668,54.93499209166271,102340.24457864877,98014.994,93689.74342135125,104139.692,101533.154,99426.5,97319.846,94320.542,6514.11581,Hold,10
2024-12-22 11:00:00+03:00,96210.25,97351.57,96196.85,97101.28,2184.9888,2024-12-22 14:59:59.999000+03:00,42.843457655390786,0.40401223186365,-1332.6696816619078,-1430.173398339316,97.5037166774082,101882.35961485776,97810.4005,93738.44138514224,104139.692,101533.154,99426.5,97319.846,94320.542,6047.898673571429,Hold,10
2024-12-22 15:00:00+03:00,97101.29,97300.0,95109.13,95377.72,4444.90674,2024-12-22 18:59:59.999000+03:00,37.67926499322409,0.3599188313821899,-1402.525013544233,-1424.6437213802994,22.118707836066505,101277.65132690576,97496.458,93715.26467309424,104139.692,101533.154,99426.5,97319.846,94320.542,5874.577814285714,Hold,10
2024-12-22 19:00:00+03:00,95377.71,96444.45,94700.0,94836.55,3910.30845,2024-12-22 22:59:59.999000+03:00,36.20368521967829,0.3470068859736228,-1484.4420397934157,-1436.6033850629228,-47.838654730492635,100279.79967337138,97115.786,93951.7723266286,104139.692,101533.154,99426.5,97319.846,94320.542,4796.086185714286,Hold,-30
2024-12-22 23:00:00+03:00,94836.55,95824.0,94250.35,95186.27,3983.68216,2024-12-23 02:59:59.999000+03:00,37.89626607145994,0.361806258475813,-1503.8074359738966,-1450.0441952451176,-53.76324072877901,99634.4670099258,96841.1065,94047.74599007424,104139.692,101533.154,99426.5,97319.846,94320.542,3913.255792857143,Hold,-20
2024-12-23 03:00:00+03:00,95186.28,96043.99,93700.42,96025.15,6028.4424,2024-12-23 06:59:59.999000+03:00,41.87959797649573,0.3959156251963844,-1434.9231459617586,-1447.019985388446,12.096839426687438,99593.32650411464,96782.378,93971.42949588534,104139.692,101533.154,99426.5,97319.846,94320.542,3830.5714671428573,Hold,20
2024-12-23 07:00:00+03:00,96025.15,96509.98,94705.07,95404.01,3919.1348,2024-12-23 10:59:59.999000+03:00,39.84188504678426,0.3785952572704599,-1414.151201981178,-1440.4462287069923,26.295026725814523,99535.99293003268,96679.4855,93822.97806996731,104139.692,101533.154,99426.5,97319.846,94320.542,3770.3534992857144,Hold,20
