open_time,open,high,low,close,volume,RSI,Inverse_Fisher_RSI,MACD,MACD_signal,MACD_hist,upper_band,middle_band,lower_band,Fibonacci_236,Fibonacci_382,Fibonacci_50,Fibonacci_618,Fibonacci_786,ADX,Stochastic_%K,Stochastic_%D,ATR,ROC,CCI,Bollinger_Bands,Fibonacci,Volume_Avg,score,signal
2024-11-19 11:00:00+03:00,0.0125,0.478,0.0125,0.3265,201781890.0,0.0,0.0,0.0,0.0,0.0,0.0,0.0,0.0,1.2651544,1.0257728,0.8322999999999999,0.6388271999999999,0.3633743999999999,0.0,0.0,0.0,0.0,0.0,0.0,0.0,0.0,0.0,7.5,Hold
2024-11-19 15:00:00+03:00,0.3255,0.3295,0.258,0.308,163547752.0,0.0,0.0,-0.0014757834757834,-0.0002951566951566,-0.0011806267806267,0.0,0.0,0.0,1.2651544,1.0257728,0.8322999999999999,0.6388271999999999,0.3633743999999999,0.0,0.0,0.0,0.0,0.0,0.0,0.0,0.0,0.0,-12.5,Hold
2024-11-19 19:00:00+03:00,0.3081,0.3083,0.2771,0.295,43377800.0,0.0,0.0,-0.0036522430824425,-0.0009665739726138,-0.0026856691098286,0.0,0.0,0.0,1.2651544,1.0257728,0.8322999999999999,0.6388271999999999,0.3633743999999999,0.0,0.0,0.0,0.0,0.0,0.0,0.0,0.0,0.0,-12.5,Hold
2024-11-19 23:00:00+03:00,0.295,0.3,0.2768,0.2852,22485654.0,0.0,0.0,-0.0060975918559509,-0.0019927775492812,-0.0041048143066696,0.0,0.0,0.0,1.2651544,1.0257728,0.8322999999999999,0.6388271999999999,0.3633743999999999,0.0,0.0,0.0,0.0,0.0,0.0,0.0,0.0,0.0,-12.5,Hold
2024-11-20 03:00:00+03:00,0.2857,0.304,0.2621,0.276,24621331.0,0.0,0.0,-0.0086778783097715,-0.0033297977013793,-0.0053480806083922,0.0,0.0,0.0,1.2651544,1.0257728,0.8322999999999999,0.6388271999999999,0.3633743999999999,0.0,0.0,0.0,0.0,0.0,0.0,0.0,0.0,0.0,-12.5,Hold
2024-11-20 07:00:00+03:00,0.276,0.28,0.255,0.2669,18974413.0,0.0,0.0,-0.0113265029865851,-0.0049291387584205,-0.0063973642281646,0.0,0.0,0.0,1.2651544,1.0257728,0.8322999999999999,0.6388271999999999,0.3633743999999999,0.0,0.0,0.0,0.0,0.0,0.0,0.0,0.0,0.0,-12.5,Hold
2024-11-20 11:00:00+03:00,0.2672,0.2675,0.2253,0.2388,38301497.0,0.0,0.0,-0.0155141547648683,-0.00704614195971,-0.0084680128051583,0.0,0.0,0.0,1.2651544,1.0257728,0.8322999999999999,0.6388271999999999,0.3633743999999999,0.0,0.0,0.0,0.0,0.0,0.0,0.0,0.0,0.0,-12.5,Hold
2024-11-20 15:00:00+03:00,0.2388,0.245,0.2226,0.2316,24366251.0,0.0,0.0,-0.0191926380126415,-0.0094754411702963,-0.0097171968423452,0.0,0.0,0.0,1.2651544,1.0257728,0.8322999999999999,0.6388271999999999,0.3633743999999999,0.0,0.0,0.0,0.0,0.0,0.0,0.0,0.0,0.0,-12.5,Hold
2024-11-20 19:00:00+03:00,0.2311,0.235,0.2051,0.2207,25375409.0,0.0,0.0,-0.0227254367051973,-0.0121254402772765,-0.0105999964279207,0.0,0.0,0.0,1.2651544,1.0257728,0.8322999999999999,0.6388271999999999,0.3633743999999999,0.0,0.0,0.0,0.0,0.0,0.0,0.0,0.0,0.0,-12.5,Hold
2024-11-20 23:00:00+03:00,0.2215,0.2397,0.2197,0.2377,10454199.0,0.0,0.0,-0.0238781942369125,-0.0144759910692037,-0.0094022031677087,0.0,0.0,0.0,1.2651544,1.0257728,0.8322999999999999,0.6388271999999999,0.3633743999999999,0.0,0.0,0.0,0.0,0.0,0.0,0.0,0.0,0.0,-12.5,Hold
2024-11-21 03:00:00+03:00,0.2377,0.2395,0.2059,0.22,12725203.0,0.0,0.0,-0.0259212014855565,-0.0167650331524743,-0.0091561683330822,0.0,0.0,0.0,1.2651544,1.0257728,0.8322999999999999,0.6388271999999999,0.3633743999999999,0.0,0.0,0.0,0.0,-32.618683001531394,0.0,0.0,0.0,0.0,-17.5,Hold
2024-11-21 07:00:00+03:00,0.2201,0.2239,0.2121,0.2155,10334221.0,0.0,0.0,-0.0275854242417812,-0.0189291113703357,-0.0086563128714455,0.0,0.0,0.0,1.2651544,1.0257728,0.8322999999999999,0.6388271999999999,0.3633743999999999,0.0,0.0,0.0,0.0,-30.032467532467532,0.0,0.0,0.0,0.0,-17.5,Hold
2024-11-21 11:00:00+03:00,0.2155,0.2736,0.214,0.2613,42695490.0,0.0,0.1539658182927013,-0.0249213774070082,-0.0201275645776702,-0.004793812829338,0.0,0.0,0.0,1.2651544,1.0257728,0.8322999999999999,0.6388271999999999,0.3633743999999999,0.0,0.0,0.0,0.0,-11.423728813559324,0.0,0.0,0.0,0.0,-17.5,Hold
2024-11-21 15:00:00+03:00,0.2612,0.2758,0.2367,0.2407,47388500.0,29.70671712393566,0.2177353090668159,-0.0241934617682885,-0.0209407440157938,-0.0032527177524946,0.0,0.0,0.0,1.2651544,1.0257728,0.8322999999999999,0.6388271999999999,0.3633743999999999,0.0,49.02255639097745,0.0,0.0654928571428571,-15.603085553997198,0.0,0.0,0.0,49030686.428571425,-35.0,Hold
2024-11-21 19:00:00+03:00,0.2402,0.2499,0.2262,0.2302,13416233.0,28.301036502929236,0.2660689803440517,-0.0241850553645247,-0.02158960628554,-0.0025954490789847,0.0,0.0,0.0,1.2651544,1.0257728,0.8322999999999999,0.6388271999999999,0.3633743999999999,0.0,20.176848874598058,0.0,0.0339357142857142,-16.594202898550737,0.0,0.0,0.0,35575996.64285714,-35.0,Hold
2024-11-21 23:00:00+03:00,0.2302,0.2456,0.2302,0.2342,7165811.0,32.20829315332689,0.3251736121498373,-0.0235837676651141,-0.0219884385614548,-0.0015953291036592,0.0,0.0,0.0,1.2651544,1.0257728,0.8322999999999999,0.6388271999999999,0.3633743999999999,0.0,28.197674418604635,32.46569322806005,0.0299285714285714,-12.25177969276884,0.0,0.0,0.0,24405858.0,-55.0,Sell
2024-11-22 03:00:00+03:00,0.2342,0.255,0.2312,0.2352,10141115.0,34.69805527123849,0.3853609333924603,-0.0227641403488794,-0.0221435789189397,-0.0006205614299396,0.0,0.0,0.0,1.2651544,1.0257728,0.8322999999999999,0.6388271999999999,0.3633743999999999,0.0,30.434782608695645,26.269768633966113,0.0294,-1.5075376884422194,0.0,0.0,0.0,22031809.07142857,-30.0,Hold
2024-11-22 07:00:00+03:00,0.235,0.244,0.2269,0.2292,8440364.0,35.38622129436325,0.3965398704891052,-0.0223411942709305,-0.0221831019893379,-0.0001580922815926,0.0,0.0,0.0,1.2651544,1.0257728,0.8322999999999999,0.6388271999999999,0.3633743999999999,0.0,24.368048533872585,27.666835187057625,0.0289642857142857,-1.0362694300518192,0.0,0.0,0.0,21028574.07142857,-50.0,Sell
2024-11-22 11:00:00+03:00,0.2287,0.2349,0.2232,0.224,8913878.0,36.14072494669509,0.3920483374975932,-0.0221700405714443,-0.0221804897057592,1.0449134314888251e-05,0.0,0.0,0.0,1.2651544,1.0257728,0.8322999999999999,0.6388271999999999,0.3633743999999999,0.0,25.23364485981308,26.6788253341271,0.0268071428571428,1.495242410512006,0.0,0.0,0.0,19906613.14285714,-10.0,Hold
2024-11-22 15:00:00+03:00,0.224,0.2276,0.215,0.2229,11095055.0,37.750556792873034,0.3994402102530258,-0.0218710450453916,-0.0221186007736857,0.000247555728294,0.3147449547859108,0.24998,0.1852150452140892,1.2651544,1.0257728,0.8322999999999999,0.6388271999999999,0.3633743999999999,0.0,25.176803394625157,24.926165596103612,0.0259214285714285,-6.226335717290707,-81.85863603435796,0.0,0.0,19343801.85714286,15.0,Hold
2024-11-22 19:00:00+03:00,0.2224,0.226,0.213,0.2153,5417045.0,42.614707730986794,0.3759495850326776,-0.0219938144190496,-0.0220936435027584,9.982908370888972e-05,0.2999613397484491,0.24442,0.1888786602515509,1.2651544,1.0257728,0.8322999999999999,0.6388271999999999,0.3633743999999999,0.0,14.427157001414413,21.612535085284215,0.0238357142857142,-2.1363636363636407,-87.12063979302691,0.0,0.0,16994912.42857143,0.0,Hold
2024-11-22 23:00:00+03:00,0.2154,0.226,0.2112,0.2189,6036914.0,45.916398713826375,0.3271152519665316,-0.0215521800033223,-0.0219853508028712,0.0004331707995488,0.2877912326167952,0.2399649999999999,0.1921387673832047,1.2651544,1.0257728,0.8322999999999999,0.6388271999999999,0.3633743999999999,0.0,19.519094766619535,19.7076850542197,0.0232928571428571,1.5777262180974545,-83.10929245612607,0.0,0.0,15685674.07142857,0.0,Hold
2024-11-23 03:00:00+03:00,0.2189,0.2272,0.214,0.2253,7822939.0,51.52317880794702,0.3095132259111887,-0.0204500199339825,-0.0216782846290935,0.0012282646951109,0.2770242240678395,0.2364799999999999,0.1959357759321604,1.2651544,1.0257728,0.8322999999999999,0.6388271999999999,0.3633743999999999,0.0,27.75393419170243,20.56672865324546,0.0221,-13.777267508610786,-67.88661643344089,0.0,0.0,14431926.214285715,20.0,Hold
2024-11-23 07:00:00+03:00,0.2253,0.2309,0.218,0.2308,6850035.0,47.52688172043012,0.327318592257008,-0.018914709111178,-0.0211255695255104,0.0022108604143323,0.267222840348819,0.23376,0.200297159651181,1.2651544,1.0257728,0.8322999999999999,0.6388271999999999,0.3633743999999999,0.0,35.62231759656654,27.63178218496283,0.0215928571428571,-4.113003739094305,-44.07458368614166,0.0,0.0,14174485.92857143,25.0,Hold
2024-11-23 11:00:00+03:00,0.2309,0.2392,0.2204,0.2245,9029206.0,51.75644028103045,0.3217589798511143,-0.0179988421233833,-0.020500224045085,0.0025013819217016,0.2582824285049148,0.2311849999999999,0.2040875714950851,1.2651544,1.0257728,0.8322999999999999,0.6388271999999999,0.3633743999999999,0.0,20.58823529411766,27.988162360795545,0.0205357142857142,-2.4761077324065957,-28.01612279829938,0.0,0.0,13910486.142857144,5.0,Hold
2024-11-23 15:00:00+03:00,0.2245,0.2288,0.22,0.2243,10304398.0,53.55411954765751,0.3301281580900495,-0.0170921219235626,-0.0198186036207805,0.0027264816972179,0.2504233952553649,0.229055,0.2076866047446351,1.2651544,1.0257728,0.8322999999999999,0.6388271999999999,0.3633743999999999,0.0,20.27863777089784,25.49639688719401,0.0203214285714285,-4.22715627668659,-45.13895705320718,0.0,0.0,13908355.92857143,5.0,Hold
2024-11-23 19:00:00+03:00,0.2244,0.2259,0.215,0.2206,7719249.0,25.09179926560589,0.3710196924763648,-0.0164821032835484,-0.0191513035533341,0.0026692002697856,0.2493152348145997,0.228145,0.2069747651854002,1.2651544,1.0257728,0.8322999999999999,0.6388271999999999,0.3633743999999999,0.0,14.551083591331258,18.47265221878225,0.0168428571428571,-6.20748299319728,-69.95748440174495,0.0,0.0,11410053.0,0.0,Hold
2024-11-23 23:00:00+03:00,0.2206,0.225,0.2165,0.2195,3791366.0,32.9581993569132,0.3843667874260112,-0.0159040875025283,-0.0185018603431729,0.0025977728406446,0.2489843122136341,0.22754,0.2060956877863659,1.2651544,1.0257728,0.8322999999999999,0.6388271999999999,0.3633743999999999,20.0155822656838,18.94977168949772,17.926497683908938,0.0146571428571428,-4.232111692844671,-65.78965455620158,0.0,0.0,8295972.0,35.0,Hold
2024-11-24 03:00:00+03:00,0.2198,0.2343,0.219,0.2257,6358818.0,46.11398963730572,0.3905301400004126,-0.0147753960786232,-0.017756567490263,0.0029811714116397,0.2490140082528211,0.22779,0.2065659917471789,1.2651544,1.0257728,0.8322999999999999,0.6388271999999999,0.3633743999999999,19.20061501262779,33.105022831050256,22.201959370626412,0.0140571428571428,0.7589285714285745,-19.312214128409053,0.0,0.0,7791870.928571428,25.0,Hold
2024-11-24 07:00:00+03:00,0.2257,0.2298,0.222,0.2257,4957634.0,42.11502782931356,0.4370812331115505,-0.0137227130988843,-0.0169497966119872,0.0032270835131029,0.2479068276376584,0.22719,0.2064731723623415,1.2651544,1.0257728,0.8322999999999999,0.6388271999999999,0.3633743999999999,18.385647759571786,33.105022831050256,28.386605783866077,0.0135142857142857,1.256168685509208,-21.264915778220832,0.0,0.0,7634144.0,25.0,Hold
2024-11-24 11:00:00+03:00,0.2257,0.2298,0.2169,0.2178,6037858.0,35.69078947368422,0.4526633268758076,-0.0133717767119221,-0.0162341926319742,0.0028624159200521,0.2479801233942473,0.22708,0.2061798766057527,1.2651544,1.0257728,0.8322999999999999,0.6388271999999999,0.3633743999999999,18.334186836646467,20.12195121951218,28.7773322938709,0.0127357142857142,1.161170459823503,-58.62661068063474,0.0,0.0,7341054.214285715,5.0,Hold
2024-11-24 15:00:00+03:00,0.2178,0.2199,0.2138,0.2155,6514727.0,38.00350262697024,0.4469800945567012,-0.0131279174148785,-0.0156129375885551,0.0024850201736765,0.2479801233942473,0.22708,0.2061798766057526,1.2651544,1.0257728,0.8322999999999999,0.6388271999999999,0.3633743999999999,18.000992664848155,15.357142857142852,22.86137230256843,0.01195,-1.553220648698042,-102.14357646381822,0.0,0.0,7203508.714285715,-5.0,Hold
2024-11-24 19:00:00+03:00,0.2155,0.2239,0.214,0.2198,5203107.0,46.263345195729535,0.4350545550046782,-0.0124442337215836,-0.0149791968151608,0.0025349630935771,0.2385444122549893,0.2250049999999999,0.2114655877450106,1.2651544,1.0257728,0.8322999999999999,0.6388271999999999,0.3633743999999999,17.052723210696325,30.714285714285705,22.06445993031358,0.0118214285714285,-2.4411895250776765,-76.24095403118973,0.0,0.0,6938453.642857143,25.0,Hold
2024-11-24 23:00:00+03:00,0.2195,0.225,0.218,0.2212,3379729.0,48.49557522123896,0.4197329215582387,-0.011655088563343,-0.0143143751647972,0.0026592866014541,0.2354537241600206,0.22403,0.2126062758399793,1.2651544,1.0257728,0.8322999999999999,0.6388271999999999,0.3633743999999999,17.55741204275088,35.71428571428575,27.26190476190477,0.0114214285714285,-4.159445407279028,-48.17913076294075,0.0,0.0,6387358.928571428,25.0,Hold
2024-11-25 03:00:00+03:00,0.2212,0.2279,0.22,0.2256,4681246.0,59.66228893058161,0.4006028714484624,-0.0105529937691279,-0.0135620988856633,0.0030091051165354,0.2348807561968832,0.2238,0.2127192438031167,1.2651544,1.0257728,0.8322999999999999,0.6388271999999999,0.3633743999999999,19.724090680017746,51.428571428571416,39.28571428571429,0.0110571428571428,0.4899777282850734,-2.5912838633679924,0.0,0.0,6334801.857142857,25.0,Hold
2024-11-25 07:00:00+03:00,0.2256,0.27,0.224,0.255,38875148.0,72.81921618204802,0.4378236259991659,-0.0072239680042114,-0.012294472709373,0.0050705047051615,0.2421718568871867,0.2248399999999999,0.2075081431128132,1.2651544,1.0257728,0.8322999999999999,0.6388271999999999,0.3633743999999999,24.378311441555255,73.30960854092525,53.48415522792747,0.0132857142857142,13.687026304057069,295.12836062260027,0.0,0.0,8680390.0,40.0,Buy
2024-11-25 11:00:00+03:00,0.2551,0.264,0.235,0.2416,18674454.0,59.465737514518,0.4747039193842533,-0.0056023783820778,-0.0109560538439139,0.005353675461836,0.2435040109256981,0.2251599999999999,0.2068159890743018,1.2651544,1.0257728,0.8322999999999999,0.6388271999999999,0.3633743999999999,27.76844597070323,49.46619217081851,58.06812404677172,0.0144142857142857,9.519492293744342,240.486717303405,0.0,0.0,9455498.214285715,40.0,Buy
2024-11-25 15:00:00+03:00,0.2411,0.245,0.2259,0.2332,10879140.0,51.34831460674157,0.4970467009682506,-0.0049381428845991,-0.009752471652051,0.0048143287674518,0.2439746970796854,0.22536,0.2067453029203145,1.2651544,1.0257728,0.8322999999999999,0.6388271999999999,0.3633743999999999,29.90842858049323,34.519572953736635,52.431791221826806,0.0148571428571428,6.241457858769927,100.436192819595,0.0,0.0,9743291.42857143,35.0,Hold
2024-11-25 19:00:00+03:00,0.2333,0.2555,0.2305,0.2396,10419453.0,58.4736251402918,0.5049374169338577,-0.0038509140146702,-0.0085721601245748,0.0047212461099046,0.2457931395643767,0.22614,0.2064868604356232,1.2651544,1.0257728,0.8322999999999999,0.6388271999999999,0.3633743999999999,30.556082890597395,45.90747330960855,43.29774614472123,0.0153,6.158617634027467,148.93685515154397,0.0,0.0,9842594.785714285,55.0,Buy
2024-11-25 23:00:00+03:00,0.2396,0.25,0.2322,0.241,6159431.0,59.24695459579179,0.5295492577835499,-0.002843530552308,-0.0074264342101214,0.0045829036578134,0.2477108095464599,0.227045,0.20637919045354,1.2651544,1.0257728,0.8322999999999999,0.6388271999999999,0.3633743999999999,31.288988186226245,48.3985765124555,42.94187425860023,0.0159428571428571,6.778910057598574,117.11248285322344,0.0,0.0,9546525.714285715,55.0,Buy
2024-11-26 03:00:00+03:00,0.2401,0.2531,0.2341,0.2522,6713683.0,66.15541922290387,0.5383976239411729,-0.0011284178048469,-0.0061668309290665,0.0050384131242196,0.2516258191777696,0.2288899999999999,0.2061541808222303,1.2651544,1.0257728,0.8322999999999999,0.6388271999999999,0.3633743999999999,34.38874692041606,68.32740213523127,54.211150652431776,0.0165214285714285,15.794306703397606,134.13166064753207,0.0,0.0,9474699.57142857,45.0,Buy
2024-11-26 07:00:00+03:00,0.2522,0.2649,0.241,0.242,13942348.0,60.52385406922357,0.5382455421350257,-0.0005854842527922,-0.0050505615938117,0.0044650773410194,0.2529900120711974,0.230045,0.2070999879288025,1.2651544,1.0257728,0.8322999999999999,0.6388271999999999,0.3633743999999999,37.487076385053065,50.17793594306048,55.63463819691575,0.0176214285714285,12.296983758700694,129.60714224631857,0.0,0.0,10199769.714285715,35.0,Hold
2024-11-26 11:00:00+03:00,0.242,0.2486,0.2275,0.2335,9840907.0,53.57142857142858,0.5496276354437819,-0.0008314994555666,-0.0042067491661627,0.003375249710596,0.2533359711792417,0.230455,0.2075740288207583,1.2651544,1.0257728,0.8322999999999999,0.6388271999999999,0.3633743999999999,39.680433176923394,35.053380782918175,51.186239620403306,0.0180357142857142,6.232939035486814,37.18839395177785,0.0,0.0,10448490.357142856,25.0,Hold
2024-11-26 15:00:00+03:00,0.2339,0.2465,0.228,0.2391,7121663.0,55.83623693379791,0.5492931701636976,-0.0005680469853121,-0.0034790087299926,0.0029109617446804,0.2540760881303983,0.23087,0.2076639118696016,1.2651544,1.0257728,0.8322999999999999,0.6388271999999999,0.3633743999999999,41.87378996879374,45.017793594306056,43.41637010676157,0.0188,8.092224231464737,41.69386195393261,0.0,0.0,10603063.857142856,45.0,Buy
2024-11-26 19:00:00+03:00,0.2393,0.2483,0.2369,0.2417,4375742.0,60.91324200913243,0.5145858397081443,-0.0001477574774454,-0.0028127584794831,0.0026650010020377,0.2552152787036794,0.23173,0.2082447212963205,1.2651544,1.0257728,0.8322999999999999,0.6388271999999999,0.3633743999999999,44.37398623707941,49.644128113879,43.23843416370107,0.0186928571428571,7.136524822695037,64.31765529874474,0.0,0.0,10484341.285714285,45.0,Buy
2024-11-26 23:00:00+03:00,0.2414,0.2493,0.2371,0.2463,3428531.0,63.774597495527736,0.4862455929442849,0.0005501645868654,-0.0021401738662134,0.0026903384530789,0.2569034927385206,0.23283,0.2087565072614794,1.2651544,1.0257728,0.8322999999999999,0.6388271999999999,0.3633743999999999,47.37939754632761,57.678571428571395,50.78016437891882,0.0191285714285714,-3.4117647058823577,69.74894437059938,0.0,0.0,10263898.714285715,40.0,Buy
2024-11-27 03:00:00+03:00,0.2463,0.255,0.243,0.2521,5273402.0,64.25419240953221,0.4920611486134684,0.0015533780037829,-0.0014014634922141,0.0029548414959971,0.2592198067004151,0.2344049999999999,0.2095901932995847,1.2651544,1.0257728,0.8322999999999999,0.6388271999999999,0.3633743999999999,51.25210982392928,65.57692307692304,57.63320753979115,0.0192785714285714,4.346026490066217,98.30309492651789,0.0,0.0,10268919.785714285,40.0,Buy
2024-11-27 07:00:00+03:00,0.2518,0.2519,0.242,0.247,3842508.0,61.02564102564103,0.5034631991460014,0.0019148315013247,-0.0007382044935063,0.0026530359948311,0.2601611488870531,0.2357799999999999,0.2113988511129468,1.2651544,1.0257728,0.8322999999999999,0.6388271999999999,0.3633743999999999,53.48672074146704,53.99999999999998,59.08516483516481,0.0195,5.917667238421958,72.5775779135064,0.0,0.0,10301975.42857143,25.0,Hold
2024-11-27 11:00:00+03:00,0.247,0.2639,0.2411,0.2621,15995329.0,64.29130775254504,0.5211525839954486,0.0033807585264493,8.558811048477261e-05,0.0032951704159645,0.2641507656743597,0.2375999999999999,0.2110492343256402,1.2651544,1.0257728,0.8322999999999999,0.6388271999999999,0.3633743999999999,55.168637952796026,82.8260869565217,67.46767001114824,0.0205642857142857,9.3906510851419,119.4787742603484,0.0,0.0,11110124.214285715,55.0,Buy
2024-11-27 15:00:00+03:00,0.262,0.265,0.2515,0.2617,12411461.0,53.39412360688956,0.5494378585616141,0.0044588408563736,0.0009602386596625,0.0034986021967111,0.267395789157056,0.2394,0.2114042108429439,1.2651544,1.0257728,0.8322999999999999,0.6388271999999999,0.3633743999999999,52.527427654973216,91.56010230179022,76.12872975277064,0.0182428571428571,8.58921161825726,131.02998696219046,0.0,0.0,9219860.857142856,55.0,Buy
2024-11-27 19:00:00+03:00,0.2612,0.328,0.2555,0.2985,40761982.0,73.3005733005733,0.5802707410891361,0.0081882917888628,0.0024058492855026,0.0057824425033602,0.2802088622851671,0.2434349999999999,0.2066611377148328,1.2651544,1.0257728,0.8322999999999999,0.6388271999999999,0.3633743999999999,52.21091145741614,71.1067580803134,81.83098244620845,0.02135,18.358445678033313,300.30868734381903,0.0,0.0,10797541.42857143,25.0,Hold
2024-11-27 23:00:00+03:00,0.2984,0.3,0.2726,0.2909,20548863.0,73.78400659521847,0.6015618144310202,0.0104106446073217,0.0040068083498664,0.0064038362574553,0.28723606556821,0.2472049999999999,0.2071739344317899,1.2651544,1.0257728,0.8322999999999999,0.6388271999999999,0.3633743999999999,54.043756845221935,63.08457711442784,75.25047916551048,0.0219428571428571,20.206611570247933,227.19319941007805,0.0,0.0,11488235.92857143,25.0,Hold
2024-11-28 03:00:00+03:00,0.2909,0.33,0.28,0.3187,27218549.0,77.71548703573932,0.6302096715155495,0.0142508282160024,0.0060556123230936,0.0081952158929087,0.3013183466855403,0.25215,0.2029816533144596,1.2651544,1.0257728,0.8322999999999999,0.6388271999999999,0.3633743999999999,56.02747392425314,88.97560975609753,74.38898165027958,0.0237285714285714,36.48822269807279,257.7738645535253,0.0,0.0,12688171.357142856,22.5,Hold
2024-11-28 07:00:00+03:00,0.3187,0.319,0.2953,0.3029,15906093.0,69.70082749840867,0.6448220042395852,0.0158367176163533,0.0080118333817455,0.0078248842346077,0.3080792312681891,0.256235,0.2043907687318108,1.2651544,1.0257728,0.8322999999999999,0.6388271999999999,0.3633743999999999,57.96440701746276,73.56097560975608,75.20705416009382,0.0241499999999999,26.683396068590547,186.16681411579668,0.0,0.0,13384361.5,35.0,Hold
2024-11-28 11:00:00+03:00,0.3021,0.3298,0.295,0.3213,19182855.0,71.02860620815582,0.6684353152095932,0.018366554410174,0.0100827775874312,0.0082837768227427,0.3183357312841036,0.26102,0.2037042687158963,1.2651544,1.0257728,0.8322999999999999,0.6388271999999999,0.3633743999999999,59.234437289142214,91.51219512195118,84.68292682926825,0.0252785714285714,32.93338849813818,173.48520309980728,0.0,0.0,14275016.642857144,45.0,Buy
2024-11-28 15:00:00+03:00,0.3213,0.3213,0.3,0.3051,13860291.0,68.52613035819144,0.6592452801144002,0.018847007118607,0.0118356234936664,0.0070113836249406,0.3240237994661225,0.263525,0.2030262005338775,1.2651544,1.0257728,0.8322999999999999,0.6388271999999999,0.3633743999999999,60.06548186018683,75.7073170731707,80.26016260162599,0.0250928571428571,23.873325213154686,125.40149164352968,0.0,0.0,14269155.42857143,35.0,Hold
2024-11-28 19:00:00+03:00,0.305,0.312,0.2851,0.3064,10555074.0,72.34825260576335,0.6473151677330079,0.0191123531765691,0.0132909694302469,0.0058213837463221,0.3292286407924852,0.266765,0.2043013592075147,1.2651544,1.0257728,0.8322999999999999,0.6388271999999999,0.3633743999999999,62.49042474420779,76.86274509803921,81.3607524310537,0.0255071428571428,21.539071796905993,90.0862277311577,0.0,0.0,14320167.357142856,25.0,Hold
2024-11-28 23:00:00+03:00,0.3064,0.3095,0.2944,0.3066,4594219.0,71.40139505389982,0.6164284491523662,0.0191183952085727,0.0144564545859121,0.0046619406226606,0.3332194189521403,0.270435,0.2076505810478595,1.2651544,1.0257728,0.8322999999999999,0.6388271999999999,0.3633743999999999,64.91536762822876,74.86573576799138,75.81193264640044,0.0252642857142857,24.12955465587044,83.94974898746153,0.0,0.0,14139635.642857144,25.0,Hold
2024-11-29 03:00:00+03:00,0.3062,0.3066,0.291,0.2936,6164239.0,65.43723973825107,0.5868574111050585,0.0178682185076232,0.0151388073702543,0.0027294111373688,0.3349734406081047,0.273135,0.2112965593918953,1.2651544,1.0257728,0.8322999999999999,0.6388271999999999,0.3633743999999999,66.44754256068532,60.81808396124867,70.84885494242643,0.0255642857142857,12.018313620755446,60.91319879155996,0.0,0.0,14267385.42857143,25.0,Hold
2024-11-29 07:00:00+03:00,0.294,0.2973,0.2852,0.2921,6172256.0,63.8787878787879,0.5201850303887152,0.0165654507959662,0.0154241360553967,0.0011413147405694,0.3361451473582295,0.27569,0.2152348526417704,1.2651544,1.0257728,0.8322999999999999,0.6388271999999999,0.3633743999999999,67.12405017368991,57.36782902137234,64.35054958353746,0.0255571428571428,11.616354604508995,42.42350210712777,0.0,0.0,14463365.785714285,25.0,Hold
2024-11-29 11:00:00+03:00,0.2921,0.2945,0.2865,0.2923,6528469.0,62.60978670012548,0.4617515794759554,0.0153719381922922,0.0154136964827758,-4.1758290483567134e-05,0.3375265697340633,0.2776949999999999,0.2178634302659366,1.2651544,1.0257728,0.8322999999999999,0.6388271999999999,0.3633743999999999,67.6471028394947,57.5928008998875,58.59290462750283,0.0252714285714285,-2.077051926298152,36.943955767780835,0.0,0.0,14553013.42857143,-20.0,Hold
2024-11-29 15:00:00+03:00,0.2924,0.308,0.288,0.3019,9061927.0,66.74801708358757,0.4168811586288276,0.0150274831530344,0.0153364538168275,-0.000308970663793,0.3389751032696852,0.28069,0.2224048967303147,1.2651544,1.0257728,0.8322999999999999,0.6388271999999999,0.3633743999999999,68.61498756375896,68.3914510686164,61.11736032995875,0.0259785714285714,3.781368167755246,52.67914783731433,0.0,0.0,14925829.07142857,0.0,Hold
2024-11-29 19:00:00+03:00,0.3017,0.3041,0.2908,0.2996,4575197.0,62.40900066181337,0.3830679354068497,0.0144028818185386,0.0151497394171697,-0.0007468575986311,0.3383790330669908,0.283995,0.2296109669330091,1.2651544,1.0257728,0.8322999999999999,0.6388271999999999,0.3633743999999999,69.28512228431384,61.27388535031843,62.419379106274114,0.0252999999999999,-5.993096956385317,45.45614121314664,0.0,0.0,14110105.357142856,-25.0,Hold
2024-11-29 23:00:00+03:00,0.2998,0.3056,0.296,0.3035,3107402.0,63.51875808538164,0.3833316517193961,0.0140604975044061,0.014931891034617,-0.0008713935302109,0.3379075209889042,0.287215,0.2365224790110957,1.2651544,1.0257728,0.8322999999999999,0.6388271999999999,0.3633743999999999,71.74606915866853,64.42953020134226,64.69828887342571,0.0250214285714285,0.1980851766259456,51.87114863521748,0.0,0.0,13445529.714285715,-20.0,Hold
2024-11-30 03:00:00+03:00,0.3035,0.325,0.3026,0.316,8663498.0,56.71527244819648,0.4188318873297786,0.0146291650929984,0.0148713458462933,-0.0002421807532948,0.3383634148265253,0.29093,0.2434965851734747,1.2651544,1.0257728,0.8322999999999999,0.6388271999999999,0.3633743999999999,70.84858650367256,75.60975609756096,67.10439054974056,0.0214428571428571,-1.649548708372229,91.04302577067448,0.0,0.0,11152780.857142856,5.0,Hold
2024-11-30 07:00:00+03:00,0.3173,0.3218,0.3054,0.3072,4936986.0,56.1977186311787,0.4282527493363519,0.0142059939433999,0.0147382754657146,-0.0005322815223146,0.3369550382062474,0.293975,0.2509949617937526,1.2651544,1.0257728,0.8322999999999999,0.6388271999999999,0.3633743999999999,69.10325933031748,54.3999999999999,64.8130954329677,0.0206571428571428,0.688298918387411,79.28105379785778,0.0,0.0,10037646.785714285,-15.0,Hold
2024-11-30 11:00:00+03:00,0.307,0.3093,0.301,0.3024,4371962.0,42.48847926267282,0.4394647945860581,0.0133296519436473,0.0144565507613012,-0.0011268988176538,0.334784036913831,0.29649,0.258195963086169,1.2651544,1.0257728,0.8322999999999999,0.6388271999999999,0.3633743999999999,65.06170224528213,38.70246085011185,56.23740564922424,0.0176785714285714,-1.3054830287206278,45.474752863390016,0.0,0.0,8405747.714285715,-15.0,Hold
2024-11-30 15:00:00+03:00,0.3024,0.3091,0.297,0.3021,5369633.0,49.569892473118266,0.4515725128885569,0.012467222719412,0.0140586851529233,-0.0015914624335113,0.3296664934406226,0.299245,0.2688235065593773,1.2651544,1.0257728,0.8322999999999999,0.6388271999999999,0.3633743999999999,60.57266471276635,38.03131991051448,43.71126025354207,0.01685,-1.4677103718199622,31.738111202939805,0.0,0.0,7653143.428571428,-15.0,Hold
2024-11-30 19:00:00+03:00,0.3021,0.3119,0.3015,0.3118,3650920.0,44.365361803084255,0.5003902164749778,0.012423242868864,0.0137315966961115,-0.0013083538272474,0.3270712166866124,0.30173,0.2763887833133876,1.2651544,1.0257728,0.8322999999999999,0.6388271999999999,0.3633743999999999,55.3783420922699,66.91729323308272,47.88369133123635,0.0151071428571428,6.1989100817438665,64.56743002544543,0.0,0.0,6543719.5,10.0,Hold
2024-11-30 23:00:00+03:00,0.3118,0.316,0.3058,0.3135,2998985.0,56.01719197707738,0.5286233107496122,0.0123828228393023,0.0134618419247496,-0.0010790190854473,0.3218057054400668,0.30432,0.2868342945599331,1.2651544,1.0257728,0.8322999999999999,0.6388271999999999,0.3633743999999999,50.67675923559897,71.17794486215536,58.70885266858418,0.0143142857142857,7.326258130777122,91.82845802053691,0.0,0.0,5767911.928571428,10.0,Hold
2024-12-01 03:00:00+03:00,0.3138,0.3198,0.3056,0.3112,4577822.0,53.38983050847456,0.5443080170819671,0.0120265641513061,0.0131747863700609,-0.0011482222187548,0.3224731680128447,0.304955,0.2874368319871552,1.2651544,1.0257728,0.8322999999999999,0.6388271999999999,0.3633743999999999,48.348346789539455,65.32663316582907,67.80729042035571,0.0134071428571428,6.465959630516584,87.43596422679468,0.0,0.0,5340965.357142857,-10.0,Hold
2024-12-01 07:00:00+03:00,0.3114,0.3155,0.306,0.3119,3002290.0,53.71669004207575,0.5788823868631201,0.0116662296903255,0.0128730750341138,-0.0012068453437883,0.3224613185753245,0.3060049999999999,0.2895486814246754,1.2651544,1.0257728,0.8322999999999999,0.6388271999999999,0.3633743999999999,46.01993434347995,67.08542713567839,67.86333505455427,0.0130071428571428,3.3123550844650573,69.3303320202588,0.0,0.0,5227256.142857143,-15.0,Hold
2024-12-01 11:00:00+03:00,0.3118,0.3186,0.3101,0.3179,4894926.0,68.89580093312593,0.5865432201642646,0.0117296003583284,0.0126443800989568,-0.0009147797406283,0.3222947951771066,0.3059649999999999,0.2896352048228933,1.2651544,1.0257728,0.8322999999999999,0.6388271999999999,0.3633743999999999,44.76608247138063,82.16080402010051,71.52428810720265,0.0125,6.108144192256355,109.95624609340172,0.0,0.0,5136590.928571428,20.0,Hold
2024-12-01 15:00:00+03:00,0.3179,0.371,0.3156,0.3579,50969361.0,82.0038910505836,0.5891128245784416,0.0148364622736205,0.0130827965338895,0.0017536657397309,0.3370113471698703,0.308715,0.2804186528301297,1.2651544,1.0257728,0.8322999999999999,0.6388271999999999,0.3633743999999999,46.16428291496147,84.49704142011835,77.91442419196575,0.0155928571428571,17.924217462932457,325.7957118124919,0.0,0.0,8336384.142857143,27.5,Hold
2024-12-01 19:00:00+03:00,0.3578,0.3847,0.343,0.378,21717180.0,84.92257538712303,0.608068758068879,0.018704955657127,0.014207228358537,0.00449772729859,0.3533125619298828,0.31155,0.2697874380701172,1.2651544,1.0257728,0.8322999999999999,0.6388271999999999,0.3633743999999999,47.78833474305572,93.07135470527406,86.57640004849763,0.018,19.62025316455696,345.3948015662204,0.0,0.0,9421292.07142857,22.5,Hold
2024-12-01 23:00:00+03:00,0.3782,0.3788,0.351,0.3583,12349173.0,71.23493975903612,0.626261809525093,0.0199511546823003,0.0153560136232897,0.0045951410590106,0.360746862581692,0.31421,0.2676731374183079,1.2651544,1.0257728,0.8322999999999999,0.6388271999999999,0.3633743999999999,48.986640006625,71.88498402555912,83.15112671698385,0.0185571428571428,16.634114583333346,228.4679740056794,0.0,0.0,9656095.357142856,35.0,Hold
2024-12-02 03:00:00+03:00,0.3588,0.3688,0.3415,0.3498,7966376.0,68.05755395683452,0.6369271926394863,0.0200220951757289,0.0162892299337775,0.0037328652419513,0.3653664685935113,0.31638,0.2673935314064886,1.2651544,1.0257728,0.8322999999999999,0.6388271999999999,0.3633743999999999,49.2529197733677,60.65388951521986,75.203409415351,0.0195571428571428,15.674603174603174,147.71273581086496,0.0,0.0,9898322.42857143,35.0,Hold
2024-12-02 07:00:00+03:00,0.3498,0.368,0.3316,0.3576,9625460.0,68.92932120363889,0.64293674106104,0.0204717255318256,0.0171257290533871,0.0033459964784384,0.3709863298138096,0.31893,0.2668736701861904,1.2651544,1.0257728,0.8322999999999999,0.6388271999999999,0.3633743999999999,48.544893976364555,69.09920182440135,67.21269178839344,0.0214714285714285,18.37140019860973,117.56576898026218,0.0,0.0,10363898.0,55.0,Buy
2024-12-02 11:00:00+03:00,0.3576,0.3647,0.3351,0.336,11331845.0,56.57894736842106,0.6369323233501251,0.0188676270868093,0.0174741086600716,0.0013935184267377,0.372208638721035,0.32105,0.269891361278965,1.2651544,1.0257728,0.8322999999999999,0.6388271999999999,0.3633743999999999,48.337470877375175,44.46978335233755,58.07429156398626,0.0219857142857142,7.761385503527901,79.84362716977914,0.0,0.0,10554494.214285715,25.0,Hold
2024-12-02 15:00:00+03:00,0.3358,0.355,0.335,0.3406,6778459.0,61.29905277401896,0.6092764731268,0.0177627906744826,0.0175318450629538,0.0002309456115287,0.3734396559290181,0.323475,0.2735103440709819,1.2651544,1.0257728,0.8322999999999999,0.6388271999999999,0.3633743999999999,48.12025279871131,49.71493728620299,54.427974154313965,0.0222428571428571,8.644338118022333,64.45591986561298,0.0,0.0,10686028.0,25.0,Hold
2024-12-02 19:00:00+03:00,0.3404,0.345,0.326,0.3339,6084981.0,60.52104208416832,0.5678302072866513,0.016160280201298,0.0172575320906226,-0.0010972518893246,0.3734770628235372,0.325555,0.2776329371764627,1.2651544,1.0257728,0.8322999999999999,0.6388271999999999,0.3633743999999999,49.53140513348709,42.075256556442405,45.41999239832765,0.0230071428571428,7.294344473007712,31.783514695088957,0.0,0.0,10808386.5,-15.0,Hold
2024-12-02 23:00:00+03:00,0.3341,0.35,0.3278,0.3425,4379483.0,62.784810126582286,0.5320928785083026,0.0154066292014947,0.016887351512797,-0.0014807223113023,0.3747211867917107,0.3275849999999999,0.2804488132082892,1.2651544,1.0257728,0.8322999999999999,0.6388271999999999,0.3633743999999999,51.92957621123562,49.27884615384619,47.02301333216386,0.0237285714285714,9.810836806668808,42.31637868620404,0.0,0.0,10737661.5,5.0,Hold
2024-12-03 03:00:00+03:00,0.3425,0.3499,0.3273,0.3473,5621015.0,61.59372958850424,0.4855232990114581,0.0150234937549081,0.0165145799612192,-0.0014910862063111,0.3759571881471795,0.32997,0.2839828118528204,1.2651544,1.0257728,0.8322999999999999,0.6388271999999999,0.3633743999999999,54.84286301698415,52.718078381795216,48.024060364027946,0.0245999999999999,9.248191255111664,41.278906993672656,0.0,0.0,10878382.57142857,5.0,Hold
2024-12-03 07:00:00+03:00,0.3473,0.3499,0.3376,0.3418,4689779.0,59.018483110261315,0.4534211559181601,0.0141133620659311,0.0160343363821616,-0.0019209743162305,0.3763971993922645,0.331885,0.2873728006077354,1.2651544,1.0257728,0.8322999999999999,0.6388271999999999,0.3633743999999999,57.242739361163366,45.764854614412144,49.25392638335118,0.0247499999999999,-4.498463257893267,41.560420879861745,0.0,0.0,10999153.57142857,-20.0,Hold
2024-12-03 11:00:00+03:00,0.3415,0.359,0.3344,0.354,7679749.0,62.829736211031175,0.4449952085120996,0.0142126792661236,0.015670004958954,-0.0014573256928303,0.3786846202070431,0.333785,0.2888853797929568,1.2651544,1.0257728,0.8322999999999999,0.6388271999999999,0.3633743999999999,57.30275353882461,60.991105463786525,53.15801281999797,0.0254928571428571,-6.349206349206354,57.5796542363195,0.0,0.0,11220719.785714285,-5.0,Hold
2024-12-03 15:00:00+03:00,0.3545,0.3545,0.3277,0.3369,9296841.0,56.82314410480348,0.4297351659548621,0.0127644214683699,0.0150888882608372,-0.0023244667924672,0.37839703877713,0.33527,0.29214296122287,1.2651544,1.0257728,0.8322999999999999,0.6388271999999999,0.3633743999999999,56.79787161967485,35.9249329758713,47.56029768468999,0.0267285714285714,-5.972648618476146,20.098109253702592,0.0,0.0,11670330.57142857,-25.0,Hold
2024-12-03 19:00:00+03:00,0.3368,0.3445,0.3332,0.3367,3478495.0,55.298759864712515,0.4040880193093746,0.0114683286471285,0.0143647763380955,-0.0028964476909669,0.3772407756562219,0.336985,0.296729224343778,1.2651544,1.0257728,0.8322999999999999,0.6388271999999999,0.3633743999999999,55.41809533465879,30.535455861070925,42.48383143357625,0.0269285714285714,-3.744997141223557,8.598109554720322,0.0,0.0,11569156.92857143,-20.0,Hold
2024-12-03 23:00:00+03:00,0.3366,0.3495,0.3343,0.3392,3784382.0,43.31665475339528,0.4071446140638298,0.0105216083040234,0.013596142731281,-0.0030745344272576,0.3755941705474553,0.33884,0.3020858294525446,1.2651544,1.0257728,0.8322999999999999,0.6388271999999999,0.3633743999999999,50.00799437763614,22.487223168654165,29.649204001865467,0.0240571428571428,-5.145413870246077,14.737539327703006,0.0,0.0,8198801.285714285,-25.0,Hold
2024-12-04 03:00:00+03:00,0.339,0.359,0.3366,0.3544,6140163.0,41.25925925925925,0.4465790805182721,0.0108725070858752,0.0130514156021999,-0.0021789085163246,0.3760243698004273,0.34097,0.3059156301995726,1.2651544,1.0257728,0.8322999999999999,0.6388271999999999,0.3633743999999999,44.95473560916175,53.78787878787874,35.60351927253461,0.0226785714285714,5.476190476190467,56.155098640615186,0.0,0.0,7086157.214285715,10.0,Hold
2024-12-04 07:00:00+03:00,0.3539,0.358,0.3479,0.3509,3887197.0,46.88552188552188,0.4648633870059232,0.0107443222900512,0.0125899969397701,-0.0018456746497189,0.3756421437040141,0.34284,0.3100378562959858,1.2651544,1.0257728,0.8322999999999999,0.6388271999999999,0.3633743999999999,40.02483417468994,58.17757009345788,44.817557349996925,0.0214142857142857,3.0240751614797343,64.32015071893147,0.0,0.0,6481730.357142857,5.0,Hold
2024-12-04 11:00:00+03:00,0.3509,0.377,0.3504,0.3645,7760842.0,55.932203389830505,0.5046558870635959,0.0116063504723537,0.0123932676462868,-0.0007869171739331,0.3760678928776788,0.345505,0.3149421071223212,1.2651544,1.0257728,0.8322999999999999,0.6388271999999999,0.3633743999999999,36.744985343958014,75.49019607843134,62.48521498658931,0.0213642857142857,9.164420485175208,130.13189042948946,0.0,0.0,6467049.357142857,15.0,Hold
2024-12-04 15:00:00+03:00,0.3649,0.372,0.3588,0.363,6460680.0,52.29591836734695,0.5428188766522627,0.0120298044559541,0.0123205750082203,-0.0002907705522661,0.3751394075967201,0.34806,0.3209805924032798,1.2651544,1.0257728,0.8322999999999999,0.6388271999999999,0.3633743999999999,35.73558304291212,72.5490196078431,68.73892859324411,0.0197071428571428,5.985401459854003,125.7769652650817,0.0,0.0,6240993.642857143,20.0,Hold
2024-12-04 19:00:00+03:00,0.3626,0.365,0.347,0.3601,4707282.0,62.18402426693628,0.5574402514813738,0.0119931395775106,0.0122550879220784,-0.0002619483445677,0.3736979989978308,0.35017,0.3266420010021691,1.2651544,1.0257728,0.8322999999999999,0.6388271999999999,0.3633743999999999,33.77550943044948,66.86274509803916,71.63398692810453,0.0188785714285714,3.685574431327376,65.7826041557896,0.0,0.0,5767810.571428572,-15.0,Hold
2024-12-04 23:00:00+03:00,0.36,0.3685,0.3551,0.3632,3147708.0,61.60164271047227,0.5575637784417969,0.0120750330251401,0.0122190769426907,-0.0001440439175505,0.3744440575013907,0.3504349999999999,0.3264259424986092,1.2651544,1.0257728,0.8322999999999999,0.6388271999999999,0.3633743999999999,32.07671421099813,72.94117647058827,70.78431372549018,0.0184071428571428,6.26097132826215,93.86057000661006,0.0,0.0,5508471.214285715,10.0,Hold
2024-12-05 03:00:00+03:00,0.3627,0.3749,0.3475,0.3481,8080540.0,56.71077504725899,0.5521965815794784,0.0107970289396631,0.0119346673420852,-0.001137638402422,0.3691441579878951,0.34894,0.3287358420121048,1.2651544,1.0257728,0.8322999999999999,0.6388271999999999,0.3633743999999999,31.34895513693518,41.851106639839095,60.55167606948884,0.0190071428571428,-1.6666666666666556,60.44630404463012,0.0,0.0,5651011.142857143,-15.0,Hold
2024-12-05 07:00:00+03:00,0.3485,0.365,0.3464,0.3576,3964942.0,57.07591377694469,0.5495177625603209,0.0104305353805041,0.011633840949769,-0.0012033055692648,0.3690432040698201,0.3489049999999999,0.3287667959301797,1.2651544,1.0257728,0.8322999999999999,0.6388271999999999,0.3633743999999999,29.66520153619404,60.96579476861163,58.58602595967967,0.0187499999999999,6.144256455921638,61.37865911237014,0.0,0.0,5621401.071428572,10.0,Hold
2024-12-05 11:00:00+03:00,0.3584,0.3698,0.3572,0.3665,4812712.0,58.66425992779784,0.561220336969381,0.010734501562012,0.0114539730722176,-0.0007194715102056,0.3713644890417234,0.34974,0.3281155109582765,1.2651544,1.0257728,0.8322999999999999,0.6388271999999999,0.3633743999999999,28.46116922513489,78.70182555780931,60.50624232208668,0.0180357142857142,8.850608850608848,119.046651770601,0.0,0.0,5563665.142857143,15.0,Hold
2024-12-05 15:00:00+03:00,0.3658,0.3895,0.3639,0.3799,10884855.0,66.04886267902276,0.5661119003556145,0.0119192670710336,0.0115470318719808,0.0003722351990528,0.3761705641745055,0.350855,0.3255394358254945,1.2651544,1.0257728,0.8322999999999999,0.6388271999999999,0.3633743999999999,28.30879859623628,84.46601941747574,74.71121324796557,0.0189857142857142,11.998820754716984,185.35906798817612,0.0,0.0,6006170.571428572,45.0,Buy
2024-12-05 19:00:00+03:00,0.3795,0.3976,0.3795,0.3829,11576056.0,63.19634703196348,0.5837869462067434,0.0129509862923921,0.0118278227560631,0.001123163536329,0.3812615864052402,0.3531999999999999,0.3251384135947597,1.2651544,1.0257728,0.8322999999999999,0.6388271999999999,0.3633743999999999,28.52625555787929,78.96995708154509,80.71260068561004,0.0185214285714285,8.041760722347636,199.96416412829257,0.0,0.0,6284478.214285715,25.0,Hold
2024-12-05 23:00:00+03:00,0.3828,0.3976,0.3778,0.3893,6061932.0,76.51821862348179,0.0,0.0141222650408365,0.0122867112130177,0.0018355538278187,0.3873118735166412,0.355635,0.3239581264833588,1.2651544,1.0257728,0.8322999999999999,0.6388271999999999,0.3633743999999999,29.84427497400504,87.11180124223598,83.51592591375227,0.0180214285714285,10.943288686235393,175.95745631675405,0.0,0.0,6053413.285714285,22.5,Hold
2024-12-06 03:00:00+03:00,0.3893,0.4484,0.383,0.4372,23334372.0,84.30034129692832,0.0,0.0187000787036824,0.0135693847111507,0.0051306939925316,0.4076214076094056,0.3608,0.3139785923905944,1.2651544,1.0257728,0.8322999999999999,0.6388271999999999,0.3633743999999999,32.381746406038026,90.18404907975456,85.42193580117855,0.0218857142857142,19.945130315500684,275.92997811816156,0.0,0.0,7471690.214285715,17.5,Hold
2024-12-06 07:00:00+03:00,0.4375,0.5495,0.4302,0.5238,62295403.0,90.02601908065914,0.0,0.0289818406480353,0.0166518758985276,0.0123299647495076,0.4557091494803214,0.369865,0.2840208505196785,1.2651544,1.0257728,0.8322999999999999,0.6388271999999999,0.3633743999999999,37.62298026815756,87.92860497886333,88.40815176695129,0.0293214285714285,44.29752066115704,374.402546637642,0.0,0.0,11651048.857142856,-2.5,Hold
2024-12-06 11:00:00+03:00,0.5238,0.534,0.4366,0.4785,50130881.0,73.801304181051,0.0,0.0330933995429211,0.0199401806274063,0.0131532189155147,0.4742276988111095,0.376425,0.2786223011888905,1.2651544,1.0257728,0.8322999999999999,0.6388271999999999,0.3633743999999999,42.32978311757501,65.04185130477596,81.05150178779796,0.0346785714285714,32.87975562343794,232.4044608812821,0.0,0.0,14793243.0,20.0,Hold
2024-12-06 15:00:00+03:00,0.4783,0.5067,0.4226,0.4874,38956650.0,75.64825253664034,0.0,0.0366475451210461,0.0232816535261343,0.0133658915949118,0.4917908231124437,0.383705,0.2756191768875563,1.2651544,1.0257728,0.8322999999999999,0.6388271999999999,0.3633743999999999,46.31080672359862,69.42392909896603,74.13146179420177,0.0399642857142857,34.19603524229074,165.54577432700896,0.0,0.0,17298203.92857143,7.5,Hold
2024-12-06 19:00:00+03:00,0.4874,0.5067,0.4737,0.4811,13692473.0,72.52704791344667,0.0,0.0385119321680553,0.0263277092545185,0.0121842229135368,0.505488508747097,0.39006,0.274631491252903,1.2651544,1.0257728,0.8322999999999999,0.6388271999999999,0.3633743999999999,49.52275522609353,66.32200886262926,66.92926308879042,0.0404214285714285,38.20741166331514,155.0984122003674,0.0,0.0,17721891.85714286,30.0,Hold
2024-12-06 23:00:00+03:00,0.4811,0.51,0.47,0.4925,11280777.0,74.09750651283959,0.0,0.0404431535619451,0.0291507981160038,0.0112923554459412,0.5190142268931706,0.39784,0.2766657731068294,1.2651544,1.0257728,0.8322999999999999,0.6388271999999999,0.3633743999999999,51.27535144590286,71.93500738552437,69.22698178237323,0.0423357142857143,37.723713646532445,131.32234966594984,0.0,0.0,18066184.5,50.0,Buy
2024-12-07 03:00:00+03:00,0.4923,0.515,0.481,0.4965,10272080.0,75.27798369162343,0.0,0.0418144164367938,0.0316835217801618,0.010130894656632,0.5310364081090845,0.40583,0.2806235918909155,1.2651544,1.0257728,0.8322999999999999,0.6388271999999999,0.3633743999999999,55.20326939168559,73.9044805514525,70.72049893320205,0.0434785714285714,35.47066848567531,118.27244202857376,0.0,0.0,18463670.07142857,27.5,Hold
2024-12-07 07:00:00+03:00,0.4965,0.5047,0.4713,0.4833,7885409.0,71.45409074669524,0.0,0.0413592586727945,0.0336186691586883,0.0077405895141061,0.5386810069108097,0.413035,0.2873889930891903,1.2651544,1.0257728,0.8322999999999999,0.6388271999999999,0.3633743999999999,58.34051481540994,67.40521910388972,71.0815690136222,0.0449071428571428,27.217688865490913,90.91110226116196,0.0,0.0,18802077.285714287,20.0,Hold
2024-12-07 11:00:00+03:00,0.4833,0.4854,0.4308,0.468,19851207.0,71.40307033202427,0.0,0.0393108101833614,0.0347570973636229,0.0045537128197384,0.5434679816118727,0.418715,0.2939620183881272,1.2651544,1.0257728,0.8322999999999999,0.6388271999999999,0.3633743999999999,59.38395003674379,59.87198424421469,67.0605612998523,0.04685,22.22512405327762,53.96221217522795,0.0,0.0,19642839.214285713,20.0,Hold
2024-12-07 15:00:00+03:00,0.468,0.481,0.455,0.476,7664990.0,71.24910265613784,0.0,0.0378960905955336,0.0353848960100051,0.0025111945855285,0.547938461510728,0.4249699999999999,0.3020015384892719,1.2651544,1.0257728,0.8322999999999999,0.6388271999999999,0.3633743999999999,60.88765996079063,61.77847113884554,63.01855816231665,0.0473785714285714,22.270742358078603,58.55128946807539,0.0,0.0,19907128.35714286,20.0,Hold
2024-12-07 19:00:00+03:00,0.4761,0.4839,0.4664,0.4688,4920868.0,68.47237269772481,0.4898173195904923,0.0357814688034118,0.0354642105686864,0.0003172582347253,0.5511864575814759,0.4301850000000001,0.3091835424185243,1.2651544,1.0257728,0.8322999999999999,0.6388271999999999,0.3633743999999999,62.022770776478005,56.519396551724135,59.38995064492813,0.0477285714285714,7.227813357731019,55.232599776966026,0.0,0.0,19914853.785714287,20.0,Hold
2024-12-07 23:00:00+03:00,0.4689,0.49,0.4679,0.4834,3252893.0,68.6084142394822,0.4576892794799933,0.0348816201764968,0.0353476924902485,-0.0004660723137516,0.5550942713498777,0.436205,0.3173157286501223,1.2651544,1.0257728,0.8322999999999999,0.6388271999999999,0.3633743999999999,62.0393207689303,61.50262085032032,59.933496180296665,0.0474785714285714,-7.712867506681947,58.425125437018075,0.0,0.0,19369713.64285714,-10.0,Hold
2024-12-08 03:00:00+03:00,0.4824,0.485,0.4712,0.477,3373277.0,66.71403197158081,0.428315087460106,0.033268557916931,0.034931865575585,-0.001663307658654,0.5566004807129962,0.44205,0.3274995192870039,1.2651544,1.0257728,0.8322999999999999,0.6388271999999999,0.3633743999999999,61.64087226951185,57.77518928363423,58.59906889522623,0.0471714285714285,-0.3134796238244517,50.16599122365547,0.0,0.0,18783800.85714286,-25.0,Hold
2024-12-08 07:00:00+03:00,0.477,0.4798,0.46,0.4729,4456292.0,64.97134670487105,0.4123442507669537,0.0312985683071067,0.0342052061218894,-0.0029066378147826,0.5565606420828535,0.4475349999999999,0.3385093579171464,1.2651544,1.0257728,0.8322999999999999,0.6388271999999999,0.3633743999999999,60.31948649711787,53.99399399399399,57.757268042649514,0.0471714285714285,-2.9749692244563013,36.81610632782817,0.0,0.0,18669112.285714287,-25.0,Hold
2024-12-08 11:00:00+03:00,0.4729,0.484,0.4613,0.4768,5337147.0,58.41836734693878,0.3971638309936586,0.0297095614241149,0.0333060771823345,-0.0035965157582195,0.5530204836726657,0.4539700000000001,0.3549195163273345,1.2651544,1.0257728,0.8322999999999999,0.6388271999999999,0.3633743999999999,56.84558227647369,42.71079590228528,51.49332639330451,0.0441214285714285,-0.8937850758678083,37.16755715066766,0.0,0.0,17383596.214285713,-25.0,Hold
2024-12-08 15:00:00+03:00,0.4772,0.5278,0.4702,0.5161,19932141.0,47.9510377860564,0.4452287917411281,0.0312610852459975,0.0328970787950671,-0.0016359935490695,0.5535684358585122,0.461895,0.3702215641414878,1.2651544,1.0257728,0.8322999999999999,0.6388271999999999,0.3633743999999999,51.67928526098516,83.93177737881507,60.21218909169812,0.0397142857142857,4.791878172588834,87.18081965276964,0.0,0.0,14357648.92857143,0.0,Hold
2024-12-08 19:00:00+03:00,0.5161,0.55,0.51,0.5312,23010013.0,66.70894102726697,0.4709134889275607,0.0333249733087717,0.032982657697808,0.0003423156109637,0.5550643548370058,0.47013,0.3851956451629943,1.2651544,1.0257728,0.8322999999999999,0.6388271999999999,0.3633743999999999,46.242679379243675,85.24332810047093,70.62863379385709,0.0356142857142857,6.988922457200404,142.4503979374515,0.0,0.0,12420444.07142857,55.0,Buy
2024-12-08 23:00:00+03:00,0.5311,0.5555,0.53,0.5322,9541479.0,64.95327102803739,0.5234523413749994,0.0346419799299336,0.0333145221442331,0.0013274577857004,0.5556345702767332,0.477745,0.3998554297232667,1.2651544,1.0257728,0.8322999999999999,0.6388271999999999,0.3633743999999999,42.43221288495365,81.31515637530073,83.49675395152892,0.0314285714285714,10.117939168218497,168.52312934084657,0.0,0.0,10319360.42857143,35.0,Hold
2024-12-09 03:00:00+03:00,0.5326,0.6373,0.5227,0.5992,34950583.0,78.05225653206651,0.0,0.0406237716709586,0.0347763720495782,0.0058473996213803,0.5709374215361634,0.48856,0.4061825784638365,1.2651544,1.0257728,0.8322999999999999,0.6388271999999999,0.3633743999999999,40.4908061384374,81.54963680387407,82.70270709321524,0.0372571428571428,28.034188034188016,260.6529165489432,0.0,0.0,11837796.857142856,2.5,Hold
2024-12-09 07:00:00+03:00,0.5999,0.6174,0.5614,0.5939,23405212.0,74.80430528375736,0.0,0.0444246196541439,0.0367060215704914,0.0077185980836525,0.5800752003102227,0.4987899999999999,0.4175047996897771,1.2651544,1.0257728,0.8322999999999999,0.6388271999999999,0.3633743999999999,38.80391522381961,78.98305084745762,80.61594800887748,0.0383999999999999,24.76890756302521,224.26043348385977,0.0,0.0,12703827.92857143,25.0,Hold
2024-12-09 11:00:00+03:00,0.5939,0.609,0.5511,0.5541,16845966.0,61.99000832639469,0.0,0.0437212997588716,0.0381090772081674,0.0056122225507041,0.5840634656649873,0.504635,0.4252065343350125,1.2651544,1.0257728,0.8322999999999999,0.6388271999999999,0.3633743999999999,35.946174832149595,59.70944309927363,73.4140435835351,0.0401071428571428,18.195392491467587,149.10326028167776,0.0,0.0,13173391.214285715,35.0,Hold
2024-12-09 15:00:00+03:00,0.5527,0.618,0.5452,0.5869,22307987.0,69.93841416474213,0.0,0.0452885414391126,0.0395449700543565,0.0057435713847561,0.5950504546594146,0.50779,0.4205295453405853,1.2651544,1.0257728,0.8322999999999999,0.6388271999999999,0.3633743999999999,33.93951139213247,75.59322033898304,71.42857142857143,0.0429214285714285,21.410839884153905,141.3310261885478,0.0,0.0,14203575.357142856,50.0,Buy
2024-12-09 19:00:00+03:00,0.5879,0.62,0.5725,0.6035,11991375.0,75.94791267713522,0.0,0.047324545132303,0.0411008850699458,0.0062236600623571,0.609945203195652,0.5140399999999999,0.4181347968043478,1.2651544,1.0257728,0.8322999999999999,0.6388271999999999,0.3633743999999999,35.43645737796957,81.4591332967636,72.25393224500675,0.0424142857142856,26.519916142557665,139.04027648544445,0.0,0.0,13642158.785714285,27.5,Hold
2024-12-09 23:00:00+03:00,0.6035,0.6066,0.55,0.589,16337438.0,71.1136023916293,0.0,0.0472236985086509,0.0423254477576868,0.0048982507509641,0.6197315740961474,0.51912,0.4185084259038526,1.2651544,1.0257728,0.8322999999999999,0.6388271999999999,0.3633743999999999,35.744007679414516,72.75803722504229,76.60346362026299,0.0445999999999999,24.55064495665045,97.1208650048298,0.0,0.0,14261619.357142856,20.0,Hold
2024-12-10 03:00:00+03:00,0.589,0.6193,0.554,0.581,15419570.0,70.90163934426229,0.0,0.0459683491766312,0.0430540280414757,0.0029143211351555,0.6266793679790728,0.524115,0.4215506320209272,1.2651544,1.0257728,0.8322999999999999,0.6388271999999999,0.3633743999999999,36.21874585960352,68.24591088550478,74.15436046910355,0.0480142857142856,21.854026845637577,89.43675509419461,0.0,0.0,15011526.642857144,20.0,Hold
2024-12-10 07:00:00+03:00,0.5814,0.6148,0.5604,0.5995,11791204.0,71.31839882482556,0.0,0.045936741019902,0.043630570637161,0.002306170382741,0.6361650966802666,0.5294650000000001,0.4227649033197336,1.2651544,1.0257728,0.8322999999999999,0.6388271999999999,0.3633743999999999,36.81821183598486,78.6802030456853,73.2280503854108,0.0503214285714285,16.159658980817674,88.44678589583614,0.0,0.0,15621406.0,40.0,Buy
2024-12-10 11:00:00+03:00,0.5996,0.69,0.5888,0.6779,28764521.0,79.17513796108045,0.0,0.0516426122245171,0.0452329789546322,0.0064096332698849,0.6628260722118775,0.538535,0.4142439277881224,1.2651544,1.0257728,0.8322999999999999,0.6388271999999999,0.3633743999999999,38.37620222524897,94.7391304347826,80.55508145532424,0.0565642857142856,27.61671686746987,148.13028764805412,0.0,0.0,17435066.285714287,17.5,Hold
2024-12-10 15:00:00+03:00,0.6762,0.7234,0.613,0.6141,40277808.0,67.47524752475248,0.584862329817537,0.0504350456500757,0.0462733922937209,0.0041616533563547,0.6708843942605627,0.545075,0.4192656057394373,1.2651544,1.0257728,0.8322999999999999,0.6388271999999999,0.3633743999999999,40.970201498585546,58.29835940480731,77.23923096175841,0.0630357142857142,15.388951521984213,128.03431136764468,0.0,0.0,19993746.0,30.0,Hold
2024-12-10 19:00:00+03:00,0.6139,0.6889,0.6011,0.6734,16807507.0,71.39747496734871,0.5645198796164806,0.0536446724575637,0.0477476483264895,0.0058970241310742,0.6880102371870411,0.555345,0.4226797628129588,1.2651544,1.0257728,0.8322999999999999,0.6388271999999999,0.3633743999999999,44.16459624245171,80.25276461295418,77.76341815084804,0.0676857142857142,12.383177570093466,120.59917946760808,0.0,0.0,20813057.42857143,50.0,Buy
2024-12-10 23:00:00+03:00,0.6734,0.74,0.65,0.7126,14248515.0,71.3912475506205,0.5724649299205938,0.0586750675636291,0.0499331321739174,0.0087419353897117,0.7117140768506607,0.567175,0.4226359231493393,1.2651544,1.0257728,0.8322999999999999,0.6388271999999999,0.3633743999999999,48.26694988807329,88.08695652173914,75.54602684650023,0.0699999999999999,19.986529718807887,159.52755166670582,0.0,0.0,20407084.14285714,40.0,Buy
2024-12-11 03:00:00+03:00,0.7126,0.7676,0.6901,0.7179,24510645.0,70.76751946607341,0.5761706109181138,0.0623703905947217,0.0524205838580782,0.0099498067366434,0.7312338341412077,0.57963,0.4280261658587923,1.2651544,1.0257728,0.8322999999999999,0.6388271999999999,0.3633743999999999,52.727532548987185,79.7060024499796,82.68190786155765,0.0726785714285713,29.56145100162425,172.52110751696193,0.0,0.0,20514272.14285714,30.0,Hold
2024-12-11 07:00:00+03:00,0.7191,0.8279,0.7177,0.8159,26743711.0,75.95608417200366,0.5790615752372895,0.0723724768373756,0.0564109624539377,0.0159615143834379,0.7740829295451497,0.596255,0.4184270704548502,1.2651544,1.0257728,0.8322999999999999,0.6388271999999999,0.3633743999999999,56.59737245575281,96.06815203145476,87.9537036677245,0.0787285714285714,39.018572158800474,209.27985184108465,0.0,0.0,21743003.0,17.5,Hold
2024-12-11 11:00:00+03:00,0.8151,0.845,0.7636,0.823,26451470.0,72.99630086313194,0.0,0.0799504933883168,0.0611188686408135,0.0188316247475032,0.808983764515357,0.613555,0.4181262354846429,1.2651544,1.0257728,0.8322999999999999,0.6388271999999999,0.3633743999999999,58.649054198988814,92.66177451634422,89.47864299925955,0.0763571428571428,36.37116818558408,187.61832565552905,0.0,0.0,21135923.5,40.0,Buy
2024-12-11 15:00:00+03:00,0.823,0.8977,0.7133,0.7637,53194645.0,65.70477247502777,0.0,0.0802460847785035,0.0649443118683515,0.015301772910152,0.8227311623239868,0.628095,0.4334588376760131,1.2651544,1.0257728,0.8322999999999999,0.6388271999999999,0.3633743999999999,59.473784398504726,61.98581560283688,83.57191405021196,0.0855285714285714,29.660441426146026,144.1017409913819,0.0,0.0,23263740.14285714,30.0,Hold
2024-12-11 19:00:00+03:00,0.7655,0.8261,0.658,0.7784,39039641.0,71.75557710960233,0.0,0.0807358377505472,0.0681026170447907,0.0126332207057565,0.8351720709754621,0.6431749999999999,0.4511779290245378,1.2651544,1.0257728,0.8322999999999999,0.6388271999999999,0.3633743999999999,59.79096923151235,66.15602836879431,73.60120616265847,0.0933999999999999,33.975903614457835,99.16151303772656,0.0,0.0,24849002.64285714,20.0,Hold
2024-12-11 23:00:00+03:00,0.7783,0.8298,0.75,0.7899,10719118.0,70.53824362606233,0.0,0.081116859734336,0.0707054655826998,0.0104113941516362,0.849754663306578,0.656865,0.463975336693422,1.2651544,1.0257728,0.8322999999999999,0.6388271999999999,0.3633743999999999,59.87266685779007,68.99626114466494,65.71270170543205,0.0938999999999999,31.75979983319433,115.79074184312718,0.0,0.0,24021226.285714287,50.0,Buy
2024-12-12 03:00:00+03:00,0.7899,0.86,0.78,0.8311,13035062.0,71.93523515805705,0.0,0.0837775822602749,0.0733198889182148,0.0104576933420601,0.8701684508643268,0.6718599999999999,0.473551549135673,1.2651544,1.0257728,0.8322999999999999,0.6388271999999999,0.3633743999999999,58.24048398149787,80.84555651423639,71.99928200923189,0.0962214285714285,22.59920342233368,123.8611015842885,0.0,0.0,24095775.35714286,50.0,Buy
2024-12-12 07:00:00+03:00,0.8301,0.8436,0.703,0.7379,21040852.0,62.460251046025114,0.0,0.0774727058089703,0.0741504522963659,0.0033222535126044,0.8710701533781194,0.682145,0.4932198466218805,1.2651544,1.0257728,0.8322999999999999,0.6388271999999999,0.3633743999999999,56.74707153686825,53.50596450392782,67.7825940542764,0.1022214285714285,20.159583129783424,65.93318213257406,0.0,0.0,24431733.5,20.0,Hold
2024-12-12 11:00:00+03:00,0.7378,0.8125,0.6521,0.6848,43746426.0,58.07656395891691,0.0,0.0674142105173901,0.0728032039405708,-0.0053889934231806,0.8712727026037742,0.6864250000000001,0.5015772973962259,1.2651544,1.0257728,0.8322999999999999,0.6388271999999999,0.3633743999999999,54.213998531041725,36.88111473465756,57.0775452509406,0.1090142857142857,1.6929016929016878,25.34304543877908,0.0,0.0,26455080.35714286,-25.0,Hold
2024-12-12 15:00:00+03:00,0.6849,0.7494,0.6839,0.7214,17745118.0,59.22506432571515,0.0,0.0616850280465807,0.0705795687617727,-0.008894540715192,0.8729465835894368,0.6928,0.5126534164105632,1.2651544,1.0257728,0.8322999999999999,0.6388271999999999,0.3633743999999999,51.76644060578936,42.926513434768545,44.43786422445132,0.1098071428571428,1.2349143979792352,22.58016132015171,0.0,0.0,26880359.92857143,-25.0,Hold
2024-12-12 19:00:00+03:00,0.7207,0.728,0.67,0.6823,8847058.0,50.35403926617317,0.0,0.0533743007199171,0.0671385151534016,-0.0137642144334845,0.867296167125513,0.69921,0.531123832874487,1.2651544,1.0257728,0.8322999999999999,0.6388271999999999,0.3633743999999999,47.453400084601974,27.376938637896163,35.72818893577409,0.1067214285714285,-4.958907925894967,-4.845901142019975,0.0,0.0,25457684.0,-25.0,Hold
2024-12-12 23:00:00+03:00,0.6826,0.7025,0.6502,0.6829,10531937.0,56.162665711214615,0.4268063482009078,0.0463026562250107,0.0629713433677234,-0.0166686871427127,0.863873914495715,0.70401,0.544146085504285,1.2651544,1.0257728,0.8322999999999999,0.6388271999999999,0.3633743999999999,42.76576530539796,27.579231287929854,32.627561120198195,0.1025714285714285,-16.3010172815296,-25.510028554718467,0.0,0.0,23332978.92857143,-30.0,Hold
2024-12-13 03:00:00+03:00,0.6849,0.7342,0.6712,0.6767,8698007.0,50.32666798653732,0.3858345428302454,0.039739941521309,0.0583250629984405,-0.0185851214771315,0.8610658772519433,0.70767,0.5542741227480568,1.2651544,1.0257728,0.8322999999999999,0.6388271999999999,0.3633743999999999,38.12584993254186,10.77916834880902,21.91177942487836,0.1007999999999999,-17.77642770352369,-15.584343223290178,0.0,0.0,22753728.92857143,-30.0,Hold
2024-12-13 07:00:00+03:00,0.6774,0.7089,0.663,0.6817,6262261.0,46.71904863028244,0.3671321249781543,0.034544197049505,0.0535688898086534,-0.0190246927591484,0.8558914745866024,0.712305,0.5687185254133975,1.2651544,1.0257728,0.8322999999999999,0.6388271999999999,0.3633743999999999,34.08709456686443,12.727272727272714,17.02855745467054,0.0976499999999999,-10.7372004713893,-34.88445324800647,0.0,0.0,22183282.214285713,-30.0,Hold
2024-12-13 11:00:00+03:00,0.6815,0.6832,0.5858,0.6061,21521357.0,39.6711012564671,0.3036007946909249,0.024049021784707,0.0476649162038642,-0.0236158944191571,0.8526836541997558,0.71356,0.5744363458002442,1.2651544,1.0257728,0.8322999999999999,0.6388271999999999,0.3633743999999999,31.31034794264499,6.508496312920801,10.00497912966752,0.0990714285714285,-22.135149023638235,-114.06544963668384,0.0,0.0,21969761.64285714,-40.0,Sell
2024-12-13 15:00:00+03:00,0.6053,0.6789,0.5516,0.6254,30216378.0,29.405405405405403,0.2706303305137332,0.0170918443346833,0.041550301830028,-0.0244584574953446,0.8499316406234022,0.7148549999999999,0.5797783593765976,1.2651544,1.0257728,0.8322999999999999,0.6388271999999999,0.3633743999999999,29.61875198761555,21.32331696041605,13.519695333536532,0.1002928571428571,-20.825420939359425,-127.13121913364805,0.0,0.0,22217809.285714287,-20.0,Hold
2024-12-13 19:00:00+03:00,0.6254,0.664,0.6021,0.6422,8399222.0,30.85556967386701,0.2735024364482692,0.0127864563685999,0.0357975327377424,-0.0230110763691424,0.8511137932038372,0.71307,0.5750262067961628,1.2651544,1.0257728,0.8322999999999999,0.6388271999999999,0.3633743999999999,28.4052018384126,26.17740537416931,18.003072882502064,0.0988999999999999,-22.728913488148233,-101.80845508701267,0.0,0.0,20928363.0,-15.0,Hold
2024-12-13 23:00:00+03:00,0.6406,0.675,0.6186,0.6568,6007720.0,37.49707602339181,0.2846520772292936,0.0104322469208868,0.0307244755743713,-0.0202922286534844,0.8480258207362501,0.7152049999999999,0.5823841792637496,1.2651544,1.0257728,0.8322999999999999,0.6388271999999999,0.3633743999999999,29.017391633608927,34.11154345006487,27.20408859488342,0.0897571428571428,-10.990649139449784,-83.8576300085251,0.0,0.0,17557868.35714286,-5.0,Hold
2024-12-14 03:00:00+03:00,0.6568,0.7096,0.641,0.6428,9435169.0,34.114339268978455,0.2828474576062991,0.0073520857077681,0.0260499976010506,-0.0186979118932825,0.8492008899328973,0.7136750000000001,0.5781491100671028,1.2651544,1.0257728,0.8322999999999999,0.6388271999999999,0.3633743999999999,29.248891928594706,29.571984435797685,29.953644420010633,0.0826499999999999,-6.133177570093448,-66.80869378093398,0.0,0.0,15443263.214285715,-25.0,Hold
2024-12-14 07:00:00+03:00,0.6427,0.6939,0.6275,0.6858,5363850.0,38.6428103862099,0.3404474137074262,0.0082852689657775,0.022497051873996,-0.0142117829082185,0.8484343951802122,0.712335,0.5762356048197879,1.2651544,1.0257728,0.8322999999999999,0.6388271999999999,0.3633743999999999,29.634053609009545,43.514915693904015,35.73281452658887,0.0816928571428571,-4.934848904907136,-57.059351579298976,0.0,0.0,15060744.07142857,0.0,Hold
2024-12-14 11:00:00+03:00,0.6858,0.6941,0.65,0.675,8733776.0,31.759756952559016,0.3963940044423597,0.0080604379688814,0.0196097290929731,-0.0115492911240916,0.8472688309504255,0.71019,0.5731111690495745,1.2651544,1.0257728,0.8322999999999999,0.6388271999999999,0.3633743999999999,30.627716343671743,42.26027397260276,38.4490580341015,0.0791285714285714,-1.0699105965117943,-47.66869371228603,0.0,0.0,14753509.357142856,0.0,Hold
2024-12-14 15:00:00+03:00,0.675,0.7325,0.665,0.7053,20552719.0,45.53424657534247,0.4426665375947451,0.0102095255015823,0.0177296883746949,-0.0075201628731125,0.832387562042269,0.7046600000000001,0.5769324379577311,1.2651544,1.0257728,0.8322999999999999,0.6388271999999999,0.3633743999999999,30.63960477384077,58.91146032962823,48.22888333204501,0.0739071428571428,3.2801288622053137,-8.942337341967361,0.0,0.0,14718642.714285715,0.0,Hold
2024-12-14 19:00:00+03:00,0.7054,0.7274,0.6853,0.6917,8535749.0,51.05990783410138,0.458072030088287,0.0106920353861591,0.0163221577769878,-0.0056301223908286,0.8130729745498131,0.698095,0.583117025450187,1.2651544,1.0257728,0.8322999999999999,0.6388271999999999,0.3633743999999999,30.65798622962208,70.82912032355915,57.333618208596725,0.0654571428571428,2.2166395744052036,-1.1823376938351746,0.0,0.0,12203594.357142856,0.0,Hold
2024-12-14 23:00:00+03:00,0.6904,0.705,0.6748,0.6985,4436301.0,46.12783226242813,0.5191075451990395,0.0114906737813557,0.0153558609778613,-0.0038651871965056,0.8056010269976343,0.6948350000000001,0.5840689730023659,1.2651544,1.0257728,0.8322999999999999,0.6388271999999999,0.3633743999999999,30.886109451485773,80.4490690032859,70.06321655215777,0.0629357142857142,2.464427167375684,-7.802430096069737,0.0,0.0,11252964.57142857,0.0,Hold
2024-12-15 03:00:00+03:00,0.6984,0.735,0.69,0.734,5937684.0,58.84970900376584,0.5596678634567951,0.0148173486062948,0.015248158503548,-0.0004308098972532,0.7979770380052993,0.6926150000000001,0.5872529619947009,1.2651544,1.0257728,0.8322999999999999,0.6388271999999999,0.3633743999999999,31.06611633799164,99.4547437295529,83.57764435213267,0.0620071428571428,21.102128361656497,43.72571802040577,0.0,0.0,11045152.142857144,5.0,Hold
2024-12-15 07:00:00+03:00,0.7344,0.75,0.71,0.7136,10024499.0,54.92144918243027,0.5855480323345963,0.0156275086702066,0.0153240285368798,0.0003034801333268,0.7844038096576238,0.6888,0.5931961903423761,1.2651544,1.0257728,0.8322999999999999,0.6388271999999999,0.3633743999999999,30.973658636178673,81.65322580645162,87.18567951309682,0.0611285714285714,14.1029740965782,64.83810597065988,0.0,0.0,11008906.57142857,25.0,Hold
2024-12-15 11:00:00+03:00,0.7133,0.7242,0.6813,0.711,6864470.0,55.56276354200454,0.5936590919271851,0.0158767507867164,0.0154345729868471,0.0004421777998693,0.7522860361504397,0.682795,0.6133039638495604,1.2651544,1.0257728,0.8322999999999999,0.6388271999999999,0.3633743999999999,31.89978694518579,80.34274193548386,87.15023715716279,0.0596928571428571,10.7131734662099,45.779445196913656,0.0,0.0,10877939.642857144,25.0,Hold
2024-12-15 15:00:00+03:00,0.711,0.714,0.68,0.7072,7483457.0,54.151742103549346,0.6114056351235394,0.0155879604131932,0.0154652504721163,0.0001227099410768,0.7468740036400977,0.68126,0.6156459963599022,1.2651544,1.0257728,0.8322999999999999,0.6388271999999999,0.3633743999999999,32.031264467084114,78.42741935483873,80.14112903225809,0.0588428571428571,7.673568818514006,45.1484501871076,0.0,0.0,10965167.92857143,25.0,Hold
2024-12-15 19:00:00+03:00,0.7074,0.7099,0.69,0.7089,3788356.0,72.04116638078904,0.5909201198532927,0.0153196721101399,0.015436134799721,-0.0001164626895811,0.7492278726006699,0.682465,0.6157021273993301,1.2651544,1.0257728,0.8322999999999999,0.6388271999999999,0.3633743999999999,31.334373346350528,79.28427419354838,79.35147849462366,0.0533071428571428,10.283136278780326,54.82646029512563,0.0,0.0,9698525.0,-15.0,Hold
2024-12-15 23:00:00+03:00,0.7087,0.72,0.7051,0.7178,4006918.0,70.73608617594257,0.5561465621162952,0.0156448630737291,0.0154778804545226,0.0001669826192064,0.7486239470427093,0.682285,0.6159460529572908,1.2651544,1.0257728,0.8322999999999999,0.6388271999999999,0.3633743999999999,31.047646477391584,78.22853279242732,78.64674211360482,0.0452785714285714,4.666083406240891,86.66938997821369,0.0,0.0,7826420.714285715,20.0,Hold
2024-12-16 03:00:00+03:00,0.718,0.7495,0.7,0.7391,8140612.0,71.31544214694239,0.5601969945428282,0.0174204985799745,0.015866404079613,0.0015540945003614,0.7561634588203987,0.685125,0.6140865411796013,1.2651544,1.0257728,0.8322999999999999,0.6388271999999999,0.3633743999999999,30.688886224375032,91.70471841704716,83.0725084676743,0.0443928571428571,9.496296296296286,116.37435923811486,0.0,0.0,7807948.571428572,55.0,Buy
2024-12-16 07:00:00+03:00,0.7391,0.7498,0.72,0.7392,6440240.0,69.3609022556391,0.5780464604044983,0.0186211190070331,0.016417347065097,0.002203771941936,0.7629577073833316,0.68794,0.6129222926166684,1.2651544,1.0257728,0.8322999999999999,0.6388271999999999,0.3633743999999999,29.45071207878746,91.18367346938771,87.03897489295407,0.0424928571428571,4.806465333900458,118.59732072498052,0.0,0.0,7838842.857142857,50.0,Buy
2024-12-16 11:00:00+03:00,0.7391,0.747,0.7007,0.7289,11183252.0,70.58823529411767,0.5773056941229124,0.0185279171307167,0.016839461078221,0.0016884560524957,0.7675277958415939,0.69055,0.6135722041584061,1.2651544,1.0257728,0.8322999999999999,0.6388271999999999,0.3633743999999999,27.951758602517575,82.77551020408163,88.55463403017218,0.0409,5.37805406968339,84.87526147409885,0.0,0.0,7963705.928571428,25.0,Hold
2024-12-16 15:00:00+03:00,0.7287,0.7984,0.7248,0.7885,24352016.0,72.75143996455475,0.588220074380458,0.0229981673172984,0.0180712023260364,0.0049269649912619,0.7842577459614894,0.6958900000000001,0.6075222540385108,1.2651544,1.0257728,0.8322999999999999,0.6388271999999999,0.3633743999999999,27.903726579430923,93.3288409703504,89.09600821460658,0.0414142857142857,12.884753042233353,163.9906073491146,0.0,0.0,9320003.5,45.0,Buy
2024-12-16 19:00:00+03:00,0.7884,0.88,0.786,0.8534,36011597.0,81.87991422444604,0.6063015012450815,0.0314156206849358,0.0207400859978163,0.0106755346871194,0.8116513956411318,0.708255,0.6048586043588682,1.2651544,1.0257728,0.8322999999999999,0.6388271999999999,0.3633743999999999,27.99182074844344,87.6279069767442,87.91075271705876,0.0449785714285714,16.267029972752052,273.3681370307656,0.0,0.0,11268419.285714285,2.5,Hold
2024-12-16 23:00:00+03:00,0.8535,0.888,0.833,0.8456,17754830.0,77.26389428682472,0.6294476793570353,0.0370302565634559,0.0239981201109442,0.0130321364525116,0.8319879164577254,0.719265,0.6065420835422747,1.2651544,1.0257728,0.8322999999999999,0.6388271999999999,0.3633743999999999,29.76674390286547,80.1125703564728,87.02310610118916,0.0440857142857143,18.49775784753363,247.75245414888397,0.0,0.0,11068570.07142857,2.5,Hold
2024-12-17 03:00:00+03:00,0.8454,0.855,0.7745,0.7815,19267717.0,64.58739441195581,0.6287874722149153,0.035893800268126,0.0263772561423806,0.0095165441257454,0.8360812122923718,0.7262299999999999,0.6163787877076281,1.2651544,1.0257728,0.8322999999999999,0.6388271999999999,0.3633743999999999,30.57670467755838,50.04690431519699,72.59579388280467,0.0468285714285714,9.915611814345992,134.97980739360025,0.0,0.0,11835139.214285715,35.0,Hold
2024-12-17 07:00:00+03:00,0.7815,0.8546,0.78,0.8304,14358327.0,68.84824235495856,0.6371540396523035,0.0384952228257094,0.0288008494790464,0.009694373346663,0.8490139581397436,0.73491,0.6208060418602563,1.2651544,1.0257728,0.8322999999999999,0.6388271999999999,0.3633743999999999,31.463252795728906,72.3076923076923,67.48905565978738,0.05,17.420814479638004,137.45367762973464,0.0,0.0,12543855.357142856,50.0,Buy
2024-12-17 11:00:00+03:00,0.8302,0.8666,0.83,0.8409,6998037.0,66.45121575869499,0.6596929387645012,0.0409322892417567,0.0312271374315884,0.0097051518101682,0.8596430962317541,0.744815,0.629986903768246,1.2651544,1.0257728,0.8322999999999999,0.6388271999999999,0.3633743999999999,33.174362014046096,77.35576923076921,66.57012195121952,0.0494,18.620397799407534,142.5717100941536,0.0,0.0,12619594.857142856,50.0,Buy
2024-12-18 11:00:00+03:00,0.8409,1.2073,0.645,0.8972,257412434.7,75.44345898004434,0.6459118419330907,0.0468663750179561,0.034354984948862,0.012511390069094,0.8852715946650487,0.755385,0.6254984053349513,1.2651544,1.0257728,0.8322999999999999,0.6388271999999999,0.3633743999999999,34.79328465723198,44.85150275653565,64.83832143166573,0.0867071428571428,24.993034271384783,188.24858429765231,0.0,0.0,30290161.692857143,-2.5,Hold
2024-12-18 15:00:00+03:00,0.8971,1.105,0.75,1.0454,278919367.3,83.01737756714061,0.640093292835749,0.0628037199991042,0.0400447319589104,0.0227589880401938,0.9521550606038092,0.7739050000000001,0.595654939396191,1.2651544,1.0257728,0.8322999999999999,0.6388271999999999,0.3633743999999999,36.12468020989785,71.20754045882981,64.47160414871156,0.109,41.44229468272225,196.907192583094,0.0,0.0,49722654.35714286,17.5,Hold
2024-12-18 19:00:00+03:00,1.0459,1.1848,1.0153,1.089,184285417.8,84.95056755767118,0.0,0.0780525946139741,0.0476463044899232,0.0304062901240509,1.016997442343573,0.79309,0.5691825576564268,1.2651544,1.0257728,0.8322999999999999,0.6388271999999999,0.3633743999999999,38.047223175632205,78.96140850080026,65.00681723872192,0.1186785714285714,47.32142857142858,244.84994525871568,0.0,0.0,62351365.84285714,17.5,Hold
2024-12-18 23:00:00+03:00,1.089,1.1286,0.9111,0.9461,96099433.5,67.2534186790806,0.0,0.077710800142844,0.0536592036205073,0.0240515965223366,1.0343224610215025,0.8058099999999999,0.5772975389784974,1.2651544,1.0257728,0.8322999999999999,0.6388271999999999,0.3633743999999999,38.44906512906142,53.54792815223191,67.90562570395402,0.1327928571428571,29.798326245026765,140.28585426118806,0.0,0.0,68945014.23571429,30.0,Hold
2024-12-19 03:00:00+03:00,0.9462,1.0595,0.9373,1.0203,101315404.8,70.09432708914574,0.0,0.0824765076068549,0.0594226644177769,0.023053843189078,1.0635382681438876,0.8219,0.5802617318561123,1.2651544,1.0257728,0.8322999999999999,0.6388271999999999,0.3633743999999999,36.990122142151755,66.74373110439267,66.41768925247497,0.1404571428571429,29.397590361445783,127.90183701974922,0.0,0.0,75895620.43571429,50.0,Buy
2024-12-19 07:00:00+03:00,1.0206,1.2223,1.02,1.1352,133182340.5,73.40186695025405,0.0,0.0944362327412584,0.0664253780824732,0.0280108546587852,1.1171557802614034,0.8419599999999999,0.5667642197385965,1.2651544,1.0257728,0.8322999999999999,0.6388271999999999,0.3633743999999999,35.9440684333219,84.9125238177724,68.40139435813234,0.1513714285714285,33.02085774548863,174.47919043895175,0.0,0.0,84827172.47142856,40.0,Buy
2024-12-19 11:00:00+03:00,1.1352,1.297,1.123,1.2508,117515581.7,76.59596589727595,0.0,0.1119518437982267,0.0755306712256239,0.0364211725726028,1.1919543445559098,0.86882,0.5456856554440903,1.2651544,1.0257728,0.8322999999999999,0.6388271999999999,0.3633743999999999,35.380560661932996,92.91411042944785,81.52345511720432,0.1616714285714285,47.91863765373698,187.03152163074907,0.0,0.0,92761125.45,17.5,Hold
2024-12-19 15:00:00+03:00,1.2508,1.298,1.15,1.212,114213596.9,74.39159850550338,0.0,0.1213039397112564,0.0846853249227504,0.0366186147885059,1.2421863661778856,0.89387,0.5455536338221145,1.2651544,1.0257728,0.8322999999999999,0.6388271999999999,0.3633743999999999,36.64473389601801,86.83001531393568,88.21888318705199,0.1689357142857142,55.08637236084453,153.76346589674327,0.0,0.0,100120435.8,30.0,Hold
2024-12-19 19:00:00+03:00,1.212,1.29,1.1631,1.2307,89500705.6,73.28839266905413,0.0,0.1287404371962653,0.0934963473774534,0.0352440898188119,1.2874531423330595,0.920045,0.5526368576669403,1.2651544,1.0257728,0.8322999999999999,0.6388271999999999,0.3633743999999999,36.029283622027954,89.69372128637058,89.81261567658471,0.1727428571428571,48.20568400770711,135.63106123805963,0.0,0.0,104773913.62857142,30.0,Hold
2024-12-19 23:00:00+03:00,1.2309,1.4811,1.2,1.4424,123399214.0,76.86553548622514,0.0,0.1499873746879816,0.104794552839559,0.0451928218484225,1.3778882879050136,0.95672,0.5355517120949864,1.2651544,1.0257728,0.8322999999999999,0.6388271999999999,0.3633743999999999,34.836996931357696,95.37136706135628,90.6317012205542,0.1861071428571428,71.5305030324652,167.73458073594915,0.0,0.0,111015886.27142857,12.5,Hold
2024-12-20 03:00:00+03:00,1.4422,1.48,1.3,1.4268,94999154.5,76.32246376811595,0.0,0.1636801334101183,0.1165716689536709,0.0471084644564473,1.446697248213371,0.99217,0.5376427517866289,1.2651544,1.0257728,0.8322999999999999,0.6388271999999999,0.3633743999999999,33.91949071753003,93.50556153570147,92.85688329447612,0.1950357142857142,59.02808738296924,153.65759316138175,0.0,0.0,116533338.02142857,22.5,Hold
2024-12-20 07:00:00+03:00,1.4267,1.6521,1.4079,1.4784,184918129.3,81.92395785616127,0.6461058197607273,0.1766590169284863,0.128589138548634,0.0480698783798522,1.516096212223853,1.029135,0.5421737877761468,1.2651544,1.0257728,0.8322999999999999,0.6388271999999999,0.3633743999999999,35.844490013077326,82.75245755138516,90.54312871614763,0.2067285714285714,41.41955232446908,163.42798951603467,0.0,0.0,128365510.32857142,2.5,Hold
2024-12-20 11:00:00+03:00,1.4784,1.4849,1.1,1.2927,223264133.4,68.8186925018318,0.642166505815077,0.1700007744778799,0.1368714657344832,0.0331293087433967,1.537261410106873,1.05681,0.5763585898931272,1.2651544,1.0257728,0.8322999999999999,0.6388271999999999,0.3633743999999999,35.3760307547397,64.31337503723563,80.19046470810744,0.2288928571428571,18.705234159779614,79.84260688683075,0.0,0.0,143287353.64285713,15.0,Hold
2024-12-20 15:00:00+03:00,1.2929,1.5368,1.287,1.4625,154401018.9,72.3983857019314,0.6415047580588867,0.1763921711393381,0.1447756068154542,0.0316165643238839,1.5805024515861974,1.09349,0.6064775484138027,1.2651544,1.0257728,0.8322999999999999,0.6388271999999999,0.3633743999999999,35.29952350000162,81.17366696455167,76.07983318439084,0.2441214285714285,54.58196807948418,111.82876455125796,0.0,0.0,153816138.06428573,45.0,Buy
2024-12-20 19:00:00+03:00,1.4627,1.4957,1.3515,1.4023,78718705.0,68.14947897951852,0.6235975680525279,0.1745872292514283,0.150737931302649,0.0238492979487792,1.6076145439827276,1.1241800000000002,0.6407454560172727,1.2651544,1.0257728,0.8322999999999999,0.6388271999999999,0.3633743999999999,35.278275282325794,72.30905664560471,72.59869954913069,0.2142571428571428,37.439968636675495,97.4124212499728,0.0,0.0,141052300.22857144,15.0,Hold
2024-12-20 23:00:00+03:00,1.4024,1.4142,1.31,1.366,45011580.7,62.52735229759301,0.6049590570409317,0.168287776441796,0.1542479003304784,0.0140398761113176,1.6271126664166242,1.14981,0.6725073335833758,1.2651544,1.0257728,0.8322999999999999,0.6388271999999999,0.3633743999999999,34.609511130764076,61.39001349527667,71.62424570181103,0.1963428571428571,20.33121916842848,72.34861646563078,0.0,0.0,124344601.18571429,15.0,Hold
2024-12-21 03:00:00+03:00,1.366,1.4485,1.2155,1.2875,69144416.1,57.55039939140359,0.5829314904915452,0.1551723900360522,0.1544327982715932,0.000739591764459,1.6304578149572972,1.171905,0.7133521850427027,1.2651544,1.0257728,0.8322999999999999,0.6388271999999999,0.3633743999999999,32.61717042804792,50.79622132253713,61.49843048780619,0.2008785714285714,2.9341221618164517,51.494017406468934,0.0,0.0,116120243.92142858,10.0,Hold
2024-12-21 07:00:00+03:00,1.2876,1.4072,1.2637,1.3104,51398506.6,65.24905818334031,0.5552315374841541,0.1449552366978079,0.1525372859568361,-0.0075820492590281,1.6217606604331298,1.19835,0.7749393395668702,1.2651544,1.0257728,0.8322999999999999,0.6388271999999999,0.3633743999999999,32.408138019198034,52.1964185786234,54.79421779881242,0.1955928571428571,8.118811881188122,49.88934168613023,0.0,0.0,112927320.57142857,-25.0,Hold
2024-12-21 11:00:00+03:00,1.3104,1.3698,1.2246,1.2593,47181083.4,60.201468328495835,0.4881646059888256,0.1312220796755616,0.1482742447005812,-0.0170521650250196,1.6066020998912944,1.219795,0.8329879001087055,1.2651544,1.0257728,0.8322999999999999,0.6388271999999999,0.3633743999999999,31.965013969298106,37.857933871222926,46.95019125746117,0.1972357142857142,2.323880718290418,28.656133834923704,0.0,0.0,109060583.32857144,-25.0,Hold
2024-12-21 15:00:00+03:00,1.2593,1.3191,1.1415,1.1607,62259229.7,51.103800536750065,0.4190063002964777,0.1111015483370432,0.1408397054278736,-0.0297381570908304,1.580828376525631,1.235785,0.8907416234743688,1.2651544,1.0257728,0.8322999999999999,0.6388271999999999,0.3633743999999999,29.841223705556768,10.99438507516754,33.68291250833798,0.1954714285714285,-19.529950083194667,-13.718534771743892,0.0,0.0,103994646.84285715,-25.0,Hold
2024-12-21 19:00:00+03:00,1.1604,1.1842,1.1101,1.1249,56371257.8,44.145819771226634,0.347160730788522,0.0912156443158445,0.1309148932054678,-0.0396992488896233,1.5585588217579227,1.24717,0.9357811782420774,1.2651544,1.0257728,0.8322999999999999,0.6388271999999999,0.3633743999999999,28.151694941967197,4.510052526716162,17.787457157702228,0.1883357142857142,-21.159237454443513,-56.63189005990781,0.0,0.0,99627195.13571429,-25.0,Hold
2024-12-21 23:00:00+03:00,1.1251,1.1547,0.94,1.0699,89673751.0,43.49060925332112,0.2977416234886731,0.0702085611731295,0.1187736267990001,-0.0485650656258706,1.5566183467368786,1.248395,0.9401716532631214,1.2651544,1.0257728,0.8322999999999999,0.6388271999999999,0.3633743999999999,27.15955530164204,18.24181996910548,11.24875252366308,0.1931,-27.63122294372294,-107.80969150067864,0.0,0.0,97874349.0,-15.0,Hold
2024-12-22 03:00:00+03:00,1.0699,1.1578,1.0115,1.0372,67646409.2,41.248303934871096,0.2271525219384109,0.0503413756775761,0.1050871765747153,-0.0547458008971392,1.560471121970236,1.245805,0.9311388780297642,1.2651544,1.0257728,0.8322999999999999,0.6388271999999999,0.3633743999999999,26.343162172383128,13.649768290970364,12.133880262264022,0.1944857142857142,-19.764833294654604,-98.25086368705972,0.0,0.0,96313327.82857144,-5.0,Hold
2024-12-22 07:00:00+03:00,1.0372,1.13,0.9777,1.0839,68209959.4,30.94098883572569,0.1969396310821301,0.0379275821904323,0.0916552576978587,-0.0537276755074264,1.5449677095314238,1.252695,0.9604222904685764,1.2651544,1.0257728,0.8322999999999999,0.6388271999999999,0.3633743999999999,26.908316162591515,20.207835978092987,17.366474746056298,0.1852857142857142,-25.88717948717948,-105.78006642038872,0.0,0.0,92371238.21428572,-15.0,Hold
2024-12-22 11:00:00+03:00,1.0842,1.216,1.045,1.1858,66770556.5,38.26451110245422,0.2082857688658306,0.0358982273820955,0.0805038516347061,-0.0446056242526105,1.5342960408954418,1.26097,0.987643959104558,1.2651544,1.0257728,0.8322999999999999,0.6388271999999999,0.3633743999999999,26.69403572751617,34.517623929223426,22.791742732762277,0.1846428571428571,-15.438921771375606,-66.15252529764128,0.0,0.0,90354909.78571428,-5.0,Hold
2024-12-22 15:00:00+03:00,1.1858,1.1906,1.0208,1.0811,61347180.8,31.604778220205574,0.2205502798091558,0.0255470436732037,0.0695124900424056,-0.0439654463692019,1.5378314408367055,1.2582650000000002,0.9786985591632948,1.2651544,1.0257728,0.8322999999999999,0.6388271999999999,0.3633743999999999,27.31383089875728,23.642761394101875,26.122740433806115,0.1793285714285714,-20.856515373352867,-94.74004048007596,0.0,0.0,81528413.46428572,-25.0,Hold
2024-12-22 19:00:00+03:00,1.0813,1.1187,1.0462,1.0516,31145652.0,36.94922593915774,0.2149331887394057,0.0147927311528672,0.0585685382644979,-0.0437758071116307,1.5427869856879783,1.248305,0.9538230143120217,1.2651544,1.0257728,0.8322999999999999,0.6388271999999999,0.3633743999999999,28.92910149871144,18.69973190348528,25.620039075603547,0.1570142857142857,-18.322330097087377,-98.59977949283356,0.0,0.0,67805664.79285714,-25.0,Hold
2024-12-22 23:00:00+03:00,1.0515,1.1247,1.0379,1.0987,32717528.8,27.29088639200998,0.2673720096655595,0.009955674549722,0.0488459655215427,-0.0388902909718207,1.5443334826503252,1.24264,0.9409465173496748,1.2651544,1.0257728,0.8322999999999999,0.6388271999999999,0.3633743999999999,31.21269430257857,28.558574770559662,23.63368935604896,0.1453714285714285,-16.155372405372407,-82.18828519297499,0.0,0.0,59113986.92857144,-5.0,Hold
2024-12-23 03:00:00+03:00,1.099,1.1198,1.0243,1.0683,40024780.4,28.345435684647285,0.3076702116658451,0.0036274316321613,0.0398022587436665,-0.0361748271115051,1.5461450216289785,1.23452,0.922894978371022,1.2651544,1.0257728,0.8322999999999999,0.6388271999999999,0.3633743999999999,33.58887352862656,25.231071779744365,24.16312615126312,0.1418928571428571,-15.16715635670611,-81.576648084567,0.0,0.0,56350135.17142857,-5.0,Hold
2024-12-23 07:00:00+03:00,1.0681,1.0772,0.9951,1.0261,35740536.3,28.130227769913787,0.3182628854347352,-0.0047383134642997,0.0308941443020732,-0.035632457766373,1.5224657656763576,1.213705,0.9049442343236423,1.2651544,1.0257728,0.8322999999999999,0.6388271999999999,0.3633743999999999,36.23307371606102,16.9321533923304,23.57393331421149,0.1403142857142856,-11.5964504178513,-90.813104256986,0.0,0.0,55687917.71428572,-25.0,Hold
2024-12-23 11:00:00+03:00,1.0262,1.12,1.0251,1.0673,40932809.1,35.11759935117597,0.3553746605737214,-0.0079520645972614,0.0231249025222063,-0.0310769671194678,1.4939336330040935,1.19573,0.8975263669959064,1.2651544,1.0257728,0.8322999999999999,0.6388271999999999,0.3633743999999999,39.11612399837486,27.247431506849303,23.136885559641374,0.1304499999999999,-5.120455151569036,-66.49212902359612,0.0,0.0,53672802.928571425,-5.0,Hold
