timestamp,open,high,low,close,volume,RSI,Inverse_Fisher_RSI,MACD,MACD_signal,MACD_hist,upper_band,middle_band,lower_band,Fibonacci_236,Fibonacci_382,Fibonacci_50,Fibonacci_618,Fibonacci_786
2024-11-22 16:00:00,98663.99,99588.01,98220.0,99079.74,9541.05621,,,0.0,0.0,0.0,,,,104139.692,101533.154,99426.5,97319.846,94320.542
2024-11-22 20:00:00,99079.74,99449.0,98535.0,98892.0,4928.22899,,,-14.976410256422241,-2.9952820512844482,-11.981128205137793,,,,104139.692,101533.154,99426.5,97319.846,94320.542
2024-11-23 00:00:00,98892.0,98908.85,98300.0,98666.67,3918.314,,,-44.51443640880461,-11.299112922788483,-33.21532348601613,,,,104139.692,101533.154,99426.5,97319.846,94320.542
2024-11-23 04:00:00,98666.66,98800.0,98284.61,98560.85,3360.38068,,,-75.59095904775313,-24.157482147781415,-51.433476899971716,,,,104139.692,101533.154,99426.5,97319.846,94320.542
2024-11-23 08:00:00,98560.84,98623.76,98300.0,98429.99,3176.75105,,,-109.51620089824428,-41.22922589787399,-68.28697500037029,,,,104139.692,101533.154,99426.5,97319.846,94320.542
2024-11-23 12:00:00,98430.0,98847.68,98400.0,98400.0,4138.68982,,,-137.24012313554704,-60.4314053454086,-76.80871779013845,,,,104139.692,101533.154,99426.5,97319.846,94320.542
2024-11-23 16:00:00,98400.01,98459.56,97336.06,97504.0,7486.78427,,,-228.8729382999736,-94.11971193632161,-134.753226363652,,,,104139.692,101533.154,99426.5,97319.846,94320.542
2024-11-23 20:00:00,97504.0,98015.82,97136.0,97672.4,2676.92385,9.655188230302286,0.09625296942924311,-284.62317310628714,-132.2204041703147,-152.40276893597243,,,,104139.692,101533.154,99426.5,97319.846,94320.542
2024-11-24 00:00:00,97672.4,98564.0,97620.74,98200.1,3989.58138,33.22541412583338,0.3205447665317145,-282.9628365801036,-162.3688906522725,-120.5939459278311,,,,104139.692,101533.154,99426.5,97319.846,94320.542
2024-11-24 04:00:00,98200.1,98431.06,97872.2,98431.05,3583.35015,41.074857023014374,0.3891080980491705,-260.0139935857587,-181.89791123896975,-78.11608234678897,,,,104139.692,101533.154,99426.5,97319.846,94320.542
2024-11-24 08:00:00,98431.05,98472.98,97239.29,97280.03,3606.92172,24.398471103556943,0.23925592709493773,-330.8902676661237,-211.69638252440055,-119.19388514172314,,,,104139.692,101533.154,99426.5,97319.846,94320.542
2024-11-24 12:00:00,97280.04,97606.52,95900.01,95901.51,9382.31921,15.567327724648749,0.15442781147001047,-492.6166901773395,-267.88044405498835,-224.73624612235113,,,,104139.692,101533.154,99426.5,97319.846,94320.542
2024-11-24 16:00:00,95901.52,96747.98,95734.77,96320.02,5662.8696,25.161724064888688,0.2464382893901861,-580.3261472425074,-330.3695846924922,-249.95656255001524,,,,104139.692,101533.154,99426.5,97319.846,94320.542
2024-11-24 20:00:00,96320.01,98369.46,96195.47,97900.04,4975.93632,50.12469300745071,0.46309723733295277,-516.3894979660254,-367.57356734719883,-148.81593061882654,,,,104139.692,101533.154,99426.5,97319.846,94320.542
2024-11-25 00:00:00,97900.05,98050.0,96888.0,97898.8,3838.26336,50.10938927154595,0.46297701170113503,-460.510818356619,-386.1610175490829,-74.3498008075361,,,,104139.692,101533.154,99426.5,97319.846,94320.542
2024-11-25 04:00:00,97898.81,98376.99,97491.66,98047.34,5230.71565,52.1510639665054,0.47886508629655594,-399.63389480672777,-388.85559300061186,-10.778301806115905,,,,104139.692,101533.154,99426.5,97319.846,94320.542
2024-11-25 08:00:00,98047.34,98871.8,97850.0,98188.09,5195.73129,54.22204393090551,0.49466691615454716,-336.15614678552083,-378.31570375759367,42.159556972072835,,,,104139.692,101533.154,99426.5,97319.846,94320.542
2024-11-25 12:00:00,98188.09,98313.08,94525.0,96000.56,14345.48831,30.379990724854494,0.294786186197265,-457.09584680553235,-394.0717323671814,-63.02411443835092,,,,104139.692,101533.154,99426.5,97319.846,94320.542
2024-11-25 16:00:00,96000.57,96500.0,94400.0,94669.48,10283.14008,23.152816453604146,0.22747794286852932,-652.823123495793,-445.8220105929038,-207.0011129028892,,,,104139.692,101533.154,99426.5,97319.846,94320.542
2024-11-25 20:00:00,94669.49,95300.0,92600.19,93010.01,11954.11227,17.201029591746803,0.17033368193403872,-931.110498412716,-542.8797081568663,-388.2307902558497,100545.74052302758,97452.63399999999,94359.5274769724,104139.692,101533.154,99426.5,97319.846,94320.542
2024-11-26 00:00:00,93010.01,94923.69,92727.9,94464.0,6245.66011,34.43088607469399,0.3313187230102274,-1022.5431653885025,-638.8123996031936,-383.7307657853089,100487.7447740994,97221.847,93955.9492259006,104139.692,101533.154,99426.5,97319.846,94320.542
2024-11-26 04:00:00,94464.0,94973.37,93500.08,93785.71,4722.02616,30.928120761925626,0.299783043596302,-1136.6341362055682,-738.3767469236685,-398.2573892818997,100472.25221281145,96966.5325,93460.81278718855,104139.692,101533.154,99426.5,97319.846,94320.542
2024-11-26 08:00:00,93785.72,93785.72,91466.52,92356.85,13592.93588,24.74199654008595,0.24249186346389806,-1327.0516872878216,-856.1117349964992,-470.93995229132236,100617.9002508335,96651.0415,92684.18274916652,104139.692,101533.154,99426.5,97319.846,94320.542
2024-11-26 12:00:00,92356.84,93559.0,91739.7,92813.0,13179.13015,29.959683217869355,0.29094361535856395,-1424.7280969700514,-969.8350073912097,-454.8930895788417,100573.34094337319,96363.649,92153.95705662682,104139.692,101533.154,99426.5,97319.846,94320.542
2024-11-26 16:00:00,92812.99,94685.6,91554.11,91683.89,10628.56926,24.961891443897215,0.2445604028968813,-1575.090433935111,-1090.88609269999,-484.20434123512086,100603.91036412338,96026.344,91448.77763587661,104139.692,101533.154,99426.5,97319.846,94320.542
2024-11-26 20:00:00,91683.9,92364.0,90791.1,91965.16,9490.40982,28.431624391674603,0.276895138025643,-1652.5084422817017,-1203.2105626163325,-449.29787966536924,100479.99187153533,95704.602,90929.21212846467,104139.692,101533.154,99426.5,97319.846,94320.542
2024-11-27 00:00:00,91965.16,93037.38,91792.14,92588.0,5555.58018,36.068707688675104,0.34581908658765054,-1644.6463298206945,-1291.497716057205,-353.1486137634895,100348.91397985055,95458.802,90568.69002014944,104139.692,101533.154,99426.5,97319.846,94320.542
2024-11-27 04:00:00,92588.0,93648.0,92361.66,93597.16,4840.27212,46.79992384797262,0.43658132042858966,-1539.2413547606848,-1341.046443797901,-198.19491096278375,100096.15759304879,95255.04000000001,90413.92240695123,104139.692,101533.154,99426.5,97319.846,94320.542
2024-11-27 08:00:00,93597.16,93885.6,93109.12,93367.99,3994.01189,44.80728490116198,0.4203135976947087,-1457.3992648446,-1364.317008007241,-93.08225683735918,99716.0229878212,95013.4345,90310.84601217881,104139.692,101533.154,99426.5,97319.846,94320.542
2024-11-27 12:00:00,93367.99,95850.0,92847.84,95556.01,9868.59893,62.56262984090743,0.5550332327258584,-1202.1265247126867,-1331.8789113483301,129.75238663564346,99300.29627534405,94869.6825,90439.06872465594,104139.692,101533.154,99426.5,97319.846,94320.542
2024-11-27 16:00:00,95556.0,96631.68,95184.79,96627.99,9525.88556,68.37733849549922,0.5939670163405256,-902.912992988684,-1246.085727676401,343.1727346877169,99202.12634675977,94837.0805,90472.03465324022,104139.692,101533.154,99426.5,97319.846,94320.542
2024-11-27 20:00:00,96627.99,97208.21,95731.72,95863.11,7369.07866,60.54878584515145,0.5409430907541871,-719.212898413025,-1140.7111618237257,421.4982634107007,99198.2683386831,94835.1605,90472.05266131689,104139.692,101533.154,99426.5,97319.846,94320.542
2024-11-28 00:00:00,95863.11,96564.0,94822.54,95471.43,6275.70277,56.67241027012068,0.5129493833411551,-598.3372927094315,-1032.2363880008668,433.8990952914353,99111.31747560031,94792.731,90474.14452439969,104139.692,101533.154,99426.5,97319.846,94320.542
2024-11-28 04:00:00,95471.44,95922.39,95063.15,95299.66,5014.99892,54.874958189616954,0.49958246202172085,-510.51797436378547,-927.8927052734506,417.3747309096651,98737.07103726866,94662.71200000001,90588.35296273137,104139.692,101533.154,99426.5,97319.846,94320.542
2024-11-28 08:00:00,95299.66,95780.0,94640.0,95452.01,4752.0259,56.308864902505064,0.5102654864669571,-423.742520111613,-827.0626682410831,403.3201481294701,98343.50954738256,94540.3725,90737.23545261743,104139.692,101533.154,99426.5,97319.846,94320.542
2024-11-28 12:00:00,95452.0,96221.8,94900.0,95007.14,5548.28802,50.80866452575773,0.46845306583305907,-386.4152836449648,-738.9331913218595,352.51790767689465,97826.85066859893,94388.3625,90949.87433140108,104139.692,101533.154,99426.5,97319.846,94320.542
2024-11-28 16:00:00,95007.15,95435.68,94817.0,95119.48,3678.82621,52.184660218027894,0.4791239669938148,-343.8051093916729,-659.9075749358221,316.10246554414925,97200.91420403223,94234.932,91268.94979596777,104139.692,101533.154,99426.5,97319.846,94320.542
2024-11-28 20:00:00,95119.48,96023.48,94698.0,95643.98,3544.70175,58.50678937945236,0.5263391181897101,-264.6626069494523,-580.8585813385482,316.1959743890959,97142.40482452199,94217.103,91291.80117547802,104139.692,101533.154,99426.5,97319.846,94320.542
2024-11-29 00:00:00,95643.99,96859.0,95364.99,96590.36,3208.77651,67.54112844809153,0.5885281512430304,-124.14557390270056,-489.5159798513787,365.3704059486781,97421.39819119115,94313.14700000001,91204.89580880887,104139.692,101533.154,99426.5,97319.846,94320.542
2024-11-29 04:00:00,96590.35,96630.09,95600.03,95625.05,2916.98299,53.64238685517261,0.49027619871046385,-89.64390329453454,-409.54156454000986,319.8976612454753,97541.32824650955,94443.899,91346.46975349046,104139.692,101533.154,99426.5,97319.846,94320.542
2024-11-29 08:00:00,95625.05,97358.21,95616.0,97237.91,4164.43477,66.91409542747402,0.5844145198900949,67.0700996411615,-314.2192317037756,381.2893313449371,97922.72331204163,94582.5945,91242.46568795838,104139.692,101533.154,99426.5,97319.846,94320.542
2024-11-29 12:00:00,97237.91,98619.99,96768.0,98019.47,8857.57633,71.52313455912449,0.6139467963501091,251.43406091965153,-201.0885731790902,452.5226340987417,98444.05652023382,94794.2825,91144.50847976618,104139.692,101533.154,99426.5,97319.846,94320.542
2024-11-29 16:00:00,98019.46,98440.0,96853.82,97329.73,5993.35722,62.551438317563665,0.5549557895004973,337.99142020143336,-93.27257450298549,431.26399470441885,98671.03255812179,95042.9265,91414.82044187821,104139.692,101533.154,99426.5,97319.846,94320.542
2024-11-29 20:00:00,97329.73,97624.62,96981.01,97460.0,2560.65449,63.55866695922243,0.5618870761338768,412.3471698358626,7.851374364784123,404.49579547107845,98897.2829550396,95275.2765,91653.27004496042,104139.692,101533.154,99426.5,97319.846,94320.542
2024-11-30 00:00:00,97460.0,97463.95,96309.85,96640.02,3052.5744,53.075496924005094,0.48595798150595054,400.49247601855313,86.37959469553793,314.1128813230152,98769.1730435421,95523.08300000001,92276.99295645792,104139.692,101533.154,99426.5,97319.846,94320.542
2024-11-30 04:00:00,96640.02,97234.02,96532.7,96783.38,3397.39114,54.60277690954723,0.4975371903872468,398.07671902756556,148.71901956194347,249.3576994656221,98585.71419080111,95763.99399999999,92942.27380919887,104139.692,101533.154,99426.5,97319.846,94320.542
2024-11-30 08:00:00,96783.38,96968.78,96092.01,96267.99,2445.61538,48.04413204723667,0.44659697947856536,350.53381290611287,189.08197823077737,161.4518346753355,98345.7975711431,95947.9935,93550.18942885689,104139.692,101533.154,99426.5,97319.846,94320.542
2024-11-30 12:00:00,96267.99,96732.15,96242.14,96645.41,2060.42388,52.87965611045303,0.48446063844341186,339.39798830490327,219.14518024560255,120.25280805930072,98242.97386190774,96100.406,93957.83813809227,104139.692,101533.154,99426.5,97319.846,94320.542
2024-11-30 16:00:00,96645.42,97062.5,96531.35,97019.68,1822.59102,57.46014511602003,0.5187305873746567,356.66185235462035,246.64851466740612,110.01333768721423,98031.2263898341,96282.9905,94534.7546101659,104139.692,101533.154,99426.5,97319.846,94320.542
2024-11-30 20:00:00,97019.69,97040.0,96320.99,96407.99,1725.23724,48.475187297191184,0.4500411455610111,317.32736575703893,260.7842848853327,56.54308087170625,98040.4405558305,96325.5895,94610.7384441695,104139.692,101533.154,99426.5,97319.846,94320.542
2024-12-01 00:00:00,96407.99,96672.49,95693.88,96336.75,3622.03491,47.46668351193825,0.4419623079673568,277.21051881299354,264.0695316708649,13.140987142128665,98020.00254770514,96311.0275,94602.05245229485,104139.692,101533.154,99426.5,97319.846,94320.542
2024-12-01 04:00:00,96336.76,96515.52,96195.99,96472.97,1284.90142,49.7966746865951,0.46051660827012525,253.48739919799846,261.9531051762916,-8.465705978293158,98038.56613505889,96341.5205,94644.4748649411,104139.692,101533.154,99426.5,97319.846,94320.542
2024-12-01 08:00:00,96472.97,97179.04,96424.99,97108.89,2803.36709,59.56436935518952,0.5339424666330245,282.7408251497982,266.11064917099293,16.630175978805255,98101.58570869263,96423.3935,94745.20129130738,104139.692,101533.154,99426.5,97319.846,94320.542
2024-12-01 12:00:00,97108.89,97388.78,96660.88,97028.02,3260.08114,57.89320586433079,0.5218887944387558,295.9868902100425,272.0858973788028,23.90099283123965,98121.022093263,96509.8115,94898.60090673699,104139.692,101533.154,99426.5,97319.846,94320.542
2024-12-01 16:00:00,97028.02,97523.41,96958.48,97178.73,2968.12339,60.31406975346465,0.5392806470014174,315.01424157964357,280.671566218971,34.34267536067256,98152.8260040473,96596.1475,95039.46899595272,104139.692,101533.154,99426.5,97319.846,94320.542
2024-12-01 20:00:00,97178.73,97836.0,96800.01,97185.18,3000.09657,60.42766869012137,0.5400857702538145,326.8463346289791,289.9065199009726,36.93981472800647,98088.80863423455,96705.0495,95321.29036576544,104139.692,101533.154,99426.5,97319.846,94320.542
2024-12-02 00:00:00,97185.17,98130.0,96350.0,96483.75,5392.949,44.32880734471255,0.4163662089315504,276.4372185322718,287.2126596272325,-10.775441094960684,97946.3947124615,96773.263,95600.13128753852,104139.692,101533.154,99426.5,97319.846,94320.542
2024-12-02 04:00:00,96483.75,96924.0,95749.97,95999.99,5378.4519,36.503725047834756,0.3496432421830587,195.20207380085776,268.81054246195754,-73.60846866109978,97901.15732748566,96791.0635,95680.96967251434,104139.692,101533.154,99426.5,97319.846,94320.542
2024-12-02 08:00:00,95999.99,96112.0,94820.41,95128.68,6299.85507,26.626972234439222,0.2601504042353538,59.82556925287645,227.01354782014133,-167.18797856726488,98053.3190813085,96717.97949999999,95382.63991869148,104139.692,101533.154,99426.5,97319.846,94320.542
2024-12-02 12:00:00,95128.67,97214.77,94766.0,97048.0,8297.68046,56.720811179343556,0.5133059528251244,106.1877315671154,202.84838456953617,-96.66065300242076,98027.38174302966,96789.12700000001,95550.87225697035,104139.692,101533.154,99426.5,97319.846,94320.542
2024-12-02 16:00:00,97048.01,97356.69,94395.0,95816.0,8796.99302,43.392715794593386,0.4085980594169589,43.02204413161962,170.88311648195287,-127.86107235033325,98009.91172221824,96718.0315,95426.15127778176,104139.692,101533.154,99426.5,97319.846,94320.542
2024-12-02 20:00:00,95816.01,96327.87,95112.01,95840.62,3792.74036,43.70114066091423,0.4111641434812755,-4.993033421909786,135.70788650118035,-140.70091992309014,97802.60422562809,96609.089,95415.57377437192,104139.692,101533.154,99426.5,97319.846,94320.542
2024-12-03 00:00:00,95840.61,96305.52,95400.0,96079.36,3671.38924,46.96990351038357,0.4379561087391966,-23.50999693624908,103.86430981369448,-127.37430674994356,97711.8029300593,96546.5705,95381.3380699407,104139.692,101533.154,99426.5,97319.846,94320.542
2024-12-03 04:00:00,96079.36,96238.1,95277.35,95550.0,3510.45774,40.83645684561457,0.3870831717756319,-79.97781738838239,67.0958843732791,-147.07370176166148,97614.16851698505,96451.0705,95287.97248301495,104139.692,101533.154,99426.5,97319.846,94320.542
2024-12-03 08:00:00,95550.0,95662.94,94595.38,94988.01,4056.48891,35.15120848770283,0.33771585632512474,-168.13867025100626,20.048973448422032,-188.1876436994283,97697.82861047423,96368.47,95039.11138952577,104139.692,101533.154,99426.5,97319.846,94320.542
2024-12-03 12:00:00,94988.0,96250.0,93578.17,95682.54,13543.07849,45.99216011613896,0.430020312032535,-179.89035075304855,-19.938891391872083,-159.95145936117646,97661.48158466975,96313.428,94965.37441533025,104139.692,101533.154,99426.5,97319.846,94320.542
2024-12-03 16:00:00,95682.54,96169.99,94860.0,95428.6,5936.97324,42.93075409711257,0.40474244816836713,-207.3047972916538,-57.41207257182843,-149.89272471982537,97676.52882362345,96271.45850000001,94866.38817637657,104139.692,101533.154,99426.5,97319.846,94320.542
2024-12-03 20:00:00,95428.61,96140.01,95272.5,95849.69,5108.93521,49.44138260442597,0.45771259901069994,-192.82967936844216,-84.49559393115118,-108.33408543729098,97637.2214914789,96231.6725,94826.12350852111,104139.692,101533.154,99426.5,97319.846,94320.542
2024-12-04 00:00:00,95849.69,96614.16,95224.17,95770.32,4788.30848,48.23140063839335,0.44809490579547445,-185.6227957605879,-104.72103429703853,-80.90176146354938,97537.86063182344,96169.2045,94800.54836817658,104139.692,101533.154,99426.5,97319.846,94320.542
2024-12-04 04:00:00,95770.32,96714.41,95717.54,96588.81,3607.43743,60.0068541960159,0.5370983381373257,-112.56836791100795,-106.29050101983242,-6.277866891175535,97555.90244309652,96178.24549999999,94800.58855690346,104139.692,101533.154,99426.5,97319.846,94320.542
2024-12-04 08:00:00,96588.81,96950.0,96172.0,96190.41,3780.1103,53.14241227459251,0.4864689447271882,-85.8303589928255,-102.19847261443104,16.368113621605545,97546.59386091908,96170.92850000001,94795.26313908094,104139.692,101533.154,99426.5,97319.846,94320.542
2024-12-04 12:00:00,96190.41,96560.0,95352.41,95742.81,7959.19099,46.2131432702463,0.43181979419115896,-99.60963566385908,-101.68070522431665,2.0710695604575733,97515.08104602365,96134.42050000001,94753.75995397636,104139.692,101533.154,99426.5,97319.846,94320.542
2024-12-04 16:00:00,95742.8,97232.01,94587.83,97209.64,9467.01122,64.1066825981051,0.565625504613207,7.741867065837141,-79.7961907662859,87.53805783212304,97535.73579391984,96139.458,94743.18020608016,104139.692,101533.154,99426.5,97319.846,94320.542
2024-12-04 20:00:00,97209.64,99000.0,97128.52,98587.32,14248.47886,73.69550726959952,0.6273019629800177,201.661342229374,-23.504684167153922,225.1660263965279,97955.02422541755,96217.423,94479.82177458244,104139.692,101533.154,99426.5,97319.846,94320.542
2024-12-05 00:00:00,98587.32,104088.0,97888.89,102964.0,29911.489432,86.78256763208316,0.7002677273573877,700.4312861070357,121.28250988768401,579.1487762193517,99978.68571805273,96506.6865,93034.68728194726,104139.692,101533.154,99426.5,97319.846,94320.542
2024-12-05 04:00:00,102964.0,103544.71,101324.16,102236.1,14930.57327,79.14252485270683,0.6592156782451849,1025.1572388760687,302.057455685361,723.0997831907077,101072.01482797571,96759.2325,92446.45017202428,104139.692,101533.154,99426.5,97319.846,94320.542
2024-12-05 08:00:00,102236.1,103159.76,102236.1,102566.91,9004.86605,80.07270147697787,0.6644430154395744,1294.2788572691643,500.5017360021217,793.7771212670426,102092.84939623365,97063.39050000001,92033.93160376637,104139.692,101533.154,99426.5,97319.846,94320.542
2024-12-05 12:00:00,102566.91,103550.0,100925.97,101292.01,15250.81785,66.6985981512348,0.5829937701491775,1388.678086981483,678.137006197994,710.541080783489,102669.06468637768,97327.9915,91986.91831362233,104139.692,101533.154,99426.5,97319.846,94320.542
2024-12-05 16:00:00,101292.0,101999.0,98599.36,99028.0,14788.63995,49.551635675509544,0.45858370867824705,1266.2074198104237,795.75108892048,470.45633088994373,102810.40781020219,97522.9575,92235.50718979782,104139.692,101533.154,99426.5,97319.846,94320.542
2024-12-05 20:00:00,99028.01,99479.72,90500.0,96945.63,26035.34311,38.83767473464579,0.3699599925817528,989.7099179549259,834.5428547273692,155.1670632275567,102807.4229982321,97517.839,92228.25500176792,104139.692,101533.154,99426.5,97319.846,94320.542
2024-12-06 00:00:00,96945.63,98828.7,95981.72,97735.29,10502.77687,44.177537381352955,0.41511496502142275,824.7948960686481,832.5932629956251,-7.798366926976996,102842.67909420513,97613.80350000001,92384.92790579489,104139.692,101533.154,99426.5,97319.846,94320.542
2024-12-06 04:00:00,97735.29,98288.0,97370.19,98138.54,4600.17485,46.93757026747772,0.4376947562657382,718.3566892225062,809.7459482410013,-91.38925901849507,102894.12222702043,97728.6995,92563.27677297957,104139.692,101533.154,99426.5,97319.846,94320.542
2024-12-06 08:00:00,98138.53,98705.23,97622.86,98069.62,5508.51297,46.47934091127392,0.4339829047011882,621.2806389672915,772.0528863862594,-150.77224741896794,102936.21264455283,97828.2125,92720.21235544716,104139.692,101533.154,99426.5,97319.846,94320.542
2024-12-06 12:00:00,98069.61,99483.81,97512.26,99309.99,9368.1804,55.583840534903,0.5048831772116011,637.0906777819473,745.060444665397,-107.96976688344967,103047.35599753994,98016.212,92985.06800246006,104139.692,101533.154,99426.5,97319.846,94320.542
2024-12-06 16:00:00,99310.0,101799.0,98762.6,101439.99,9652.35617,66.87358683933951,0.5841477240286269,812.1316976192757,758.4746952561727,53.65700236310295,103379.79656118531,98338.811,93297.82543881469,104139.692,101533.154,99426.5,97319.846,94320.542
2024-12-06 20:00:00,101439.99,101898.99,99053.03,99740.84,5417.53184,54.080322869896385,0.49359574017418884,804.4723063508718,767.6742174751125,36.79808887575928,103457.67668773764,98541.726,93625.77531226235,104139.692,101533.154,99426.5,97319.846,94320.542
2024-12-07 00:00:00,99740.84,100428.0,99285.71,99299.63,2803.39835,51.11781545522712,0.47086265144279804,754.1073438887252,764.960842757835,-10.853498869109899,103435.21779858092,98735.2775,94035.33720141907,104139.692,101533.154,99426.5,97319.846,94320.542
2024-12-07 04:00:00,99299.64,99666.31,98844.0,99405.2,3254.00298,51.85405952355833,0.4765728546270014,714.4753380407346,754.863741814415,-40.38840377368035,103418.36992246799,98913.053,94407.73607753201,104139.692,101533.154,99426.5,97319.846,94320.542
2024-12-07 08:00:00,99405.2,99821.83,99260.0,99620.0,2290.29479,53.515999168733735,0.48931552610911716,692.4174948488071,742.3744924212934,-49.95699757248633,103367.90437439141,99105.537,94843.16962560859,104139.692,101533.154,99426.5,97319.846,94320.542
2024-12-07 12:00:00,99620.0,99800.0,99036.01,99756.01,2409.08289,54.67186331705134,0.49805685701184094,678.0947117799369,729.5185362930222,-51.423824513085265,103364.8487971477,99263.89700000001,95162.94520285232,104139.692,101533.154,99426.5,97319.846,94320.542
2024-12-07 16:00:00,99756.0,100263.64,99460.37,100077.45,2257.58478,57.58021940876714,0.5196076859544355,684.7875203524163,720.5723331049011,-35.784812752484754,103306.54784353763,99458.249,95609.95015646236,104139.692,101533.154,99426.5,97319.846,94320.542
2024-12-07 20:00:00,100077.45,100439.18,99595.11,99831.99,1917.58211,54.46678952365739,0.49651325197780216,662.646472705761,708.9871610250731,-46.34068831931211,103091.49617529064,99662.708,96233.91982470936,104139.692,101533.154,99426.5,97319.846,94320.542
2024-12-08 00:00:00,99831.99,100328.88,99632.28,99934.82,1688.21452,55.639124648349366,0.5052949802739886,645.950934262306,696.3799156725197,-50.42898141021374,103028.0769211494,99798.967,96569.8570788506,104139.692,101533.154,99426.5,97319.846,94320.542
2024-12-08 04:00:00,99934.83,100030.0,99336.0,99675.11,1590.3559,51.71573172554806,0.4755030445021147,604.7915131540503,678.0622351688259,-73.27072201477552,103032.7988358506,99853.3565,96673.91416414939,104139.692,101533.154,99426.5,97319.846,94320.542
2024-12-08 08:00:00,99675.11,99844.28,98657.7,99701.16,2557.39593,52.1109017735929,0.4785555014796718,567.7299551557953,655.9957791662198,-88.26582401042447,102512.37526197267,99690.2145,96868.05373802733,104139.692,101533.154,99426.5,97319.846,94320.542
2024-12-08 12:00:00,99701.17,100500.0,99357.16,99912.01,3388.44325,55.54646051827646,0.5046046087728076,549.0432079474122,634.6052649224583,-85.56205697504618,102134.00175733838,99574.01000000001,97014.01824266164,104139.692,101533.154,99426.5,97319.846,94320.542
2024-12-08 16:00:00,99912.01,100198.0,99480.0,100100.98,2219.63339,58.64830542133917,0.5273614704740349,543.2202212975681,616.3282561974803,-73.10803489991224,101609.93392323013,99450.7135,97291.49307676987,104139.692,101533.154,99426.5,97319.846,94320.542
2024-12-08 20:00:00,100100.99,101351.0,99736.06,101109.59,3168.95389,71.17346708321878,0.6117634472915757,612.9264258163748,615.6478901212593,-2.721464304884421,101569.37565871692,99441.5925,97313.80934128308,104139.692,101533.154,99426.5,97319.846,94320.542
2024-12-09 00:00:00,101109.6,101215.93,98432.18,99090.84,6131.57247,41.688034343544444,0.39429903920461185,499.51474644147675,592.4212613853028,-92.9065149438261,101570.13039758,99444.73449999999,97319.33860241999,104139.692,101533.154,99426.5,97319.846,94320.542
2024-12-09 04:00:00,99090.84,99729.88,98328.0,99576.51,4641.05371,47.762114273653026,0.4443364418676166,443.7098723278905,562.6789835738203,-118.96911124592987,101346.37969714556,99576.2785,97806.17730285444,104139.692,101533.154,99426.5,97319.846,94320.542
2024-12-09 08:00:00,99576.51,99679.71,98035.57,98088.47,5754.936,34.803341351757794,0.3346303219429483,276.22753651437233,505.3886941619308,-229.16115764755847,101292.30051051563,99593.9375,97895.57448948437,104139.692,101533.154,99426.5,97319.846,94320.542
2024-12-09 12:00:00,98088.47,100421.8,97508.58,97812.0,10565.60263,32.87020307491032,0.31735401203157426,119.80670319592173,428.272295968729,-308.46559277280727,101339.95721903158,99577.6105,97815.26378096841,104139.692,101533.154,99426.5,97319.846,94320.542
2024-12-09 16:00:00,97812.0,98398.0,97000.0,97070.32,7646.39206,28.00221304928897,0.27292556271554785,-63.27590642047289,329.96265549088866,-393.23856191136156,101512.61022617138,99527.64550000001,97542.68077382864,104139.692,101533.154,99426.5,97319.846,94320.542
2024-12-09 20:00:00,97070.33,97572.52,94150.05,97276.47,19209.55908,31.30141314948746,0.3031766766096857,-189.55059023479407,226.06000634575213,-415.6105965805462,101651.6124285318,99425.9695,97200.32657146822,104139.692,101533.154,99426.5,97319.846,94320.542
2024-12-10 00:00:00,97276.48,98138.0,95565.41,96931.99,7967.90111,28.734448768043976,0.27968885247572534,-313.8035124228336,118.08730259203499,-431.89081501486856,101479.84050937249,99200.56950000001,96921.29849062754,104139.692,101533.154,99426.5,97319.846,94320.542
2024-12-10 04:00:00,96931.99,97519.2,95900.0,97196.44,4851.30267,33.610639989511384,0.32399692976722627,-386.48083308385685,17.17367545685662,-403.6545085407135,101504.61760571584,99073.3495,96642.08139428415,104139.692,101533.154,99426.5,97319.846,94320.542
2024-12-10 08:00:00,97196.44,97937.5,96938.19,97722.52,3732.90811,42.70862713138766,0.4028833907060084,-397.05091812500905,-65.67124325951653,-331.3796748654925,101496.14526664992,98994.49399999999,96492.84273335006,104139.692,101533.154,99426.5,97319.846,94320.542
2024-12-10 12:00:00,97722.53,98270.0,95555.0,95658.79,11589.32855,26.24696219132457,0.25660399898891695,-565.4355611843202,-165.6241068444773,-399.81145433984295,101708.46877869876,98807.1735,95905.87822130125,104139.692,101533.154,99426.5,97319.846,94320.542
2024-12-10 16:00:00,95658.79,96500.0,94256.54,95856.5,17282.11364,29.29305255792937,0.2848298322929053,-675.145403339804,-267.52836614354266,-407.6170371962614,101775.30491796619,98618.9985,95462.69208203381,104139.692,101533.154,99426.5,97319.846,94320.542
2024-12-10 20:00:00,95856.5,97200.7,95616.0,96593.0,6285.13525,40.053232716510735,0.3804043498761565,-694.6543064150028,-352.9535541978347,-341.7007522171681,101693.32876893581,98460.848,95228.36723106419,104139.692,101533.154,99426.5,97319.846,94320.542
2024-12-11 00:00:00,96593.0,97625.76,95658.24,97398.43,6101.81371,49.800045388587364,0.4605431664431141,-637.7719449335855,-409.9172323449849,-227.8547125886006,101498.77670833218,98326.897,95155.01729166781,104139.692,101533.154,99426.5,97319.846,94320.542
2024-12-11 04:00:00,97398.42,97790.36,97181.7,97334.6,2882.63101,49.06249731380484,0.4547123251723546,-591.029787705309,-446.1397434170497,-144.89004428825928,101320.61016580964,98202.0275,95083.44483419035,104139.692,101533.154,99426.5,97319.846,94320.542
2024-12-11 08:00:00,97334.59,98472.57,97316.78,98292.61,3915.0582,59.55189905043713,0.5338533098096967,-471.25060711101105,-451.161916155842,-20.088690955169056,101131.02599009563,98119.91699999999,95108.80800990434,104139.692,101533.154,99426.5,97319.846,94320.542
2024-12-11 12:00:00,98292.61,100800.0,98072.33,100361.64,10646.28169,73.3695686940852,0.6253211277497694,-206.98531625096803,-402.32659617486723,195.3412799238992,101254.33935532789,98154.24350000001,95054.14764467214,104139.692,101533.154,99426.5,97319.846,94320.542
2024-12-11 16:00:00,100361.64,101141.01,99608.23,101122.71,9214.79257,76.77448626913132,0.6456162143706822,63.13108332599222,-309.23506027469534,372.36614360068756,101532.98754803097,98225.321,94917.65445196902,104139.692,101533.154,99426.5,97319.846,94320.542
2024-12-11 20:00:00,101122.71,101888.0,100866.42,101125.0,4993.20573,76.78490600039335,0.6456769760408397,274.2239766318671,-192.54325289338286,466.76722952524995,101763.95469384108,98285.9705,94807.98630615891,104139.692,101533.154,99426.5,97319.846,94320.542
2024-12-12 00:00:00,101125.0,101829.0,100331.61,101025.87,4584.27765,75.08371393310931,0.6356481123077601,428.5772807702888,-68.31914616064853,496.8964269309373,101934.19677789291,98332.215,94730.23322210708,104139.692,101533.154,99426.5,97319.846,94320.542
2024-12-12 04:00:00,101025.88,101191.85,100402.82,100499.99,3018.02596,66.02962675116675,0.5785605440338528,502.67474377596227,45.87963182667363,456.79511194928864,101813.9588092964,98301.73500000002,94789.51119070363,104139.692,101533.154,99426.5,97319.846,94320.542
2024-12-12 08:00:00,100499.99,101126.54,100178.32,100358.42,2593.08394,63.62013801732718,0.5623075667917752,543.7064912159985,145.4450037045386,398.2614875114599,101981.49718727353,98365.114,94748.73081272647,104139.692,101533.154,99426.5,97319.846,94320.542
2024-12-12 12:00:00,100358.42,101861.6,100348.35,101797.14,7527.72986,74.60661576249866,0.6327962114890177,684.4274729286699,253.24149754936488,431.185975379305,102374.49446935639,98476.1455,94577.79653064361,104139.692,101533.154,99426.5,97319.846,94320.542
2024-12-12 16:00:00,101797.14,102540.0,99311.64,99481.32,7934.57131,47.607556436857124,0.4430951631010999,602.1414332684653,323.021484693185,279.1199485752803,102464.68752836426,98545.788,94626.88847163574,104139.692,101533.154,99426.5,97319.846,94320.542
2024-12-12 20:00:00,99481.33,100476.19,99465.33,100004.29,3574.39873,52.16801450874194,0.47899571152621534,572.5287077994435,372.9229293144367,199.6057784850068,102610.3567727164,98655.4025,94700.44822728359,104139.692,101533.154,99426.5,97319.846,94320.542
2024-12-13 00:00:00,100004.29,100356.85,99205.0,99729.09,3169.68724,49.521628605071186,0.4583467099425866,520.8500344798376,402.5083503475169,118.34168413232072,102697.43339948889,98788.34099999999,94879.24860051108,104139.692,101533.154,99426.5,97319.846,94320.542
2024-12-13 04:00:00,99729.09,100225.52,99500.0,100130.0,2722.44317,53.52829108320537,0.4894090091387212,506.4068569846422,423.288051674942,83.11880530970024,102815.9934023941,98931.01749999999,95046.04159760587,104139.692,101533.154,99426.5,97319.846,94320.542
2024-12-13 08:00:00,100130.01,100789.0,99896.0,100353.37,2260.04806,55.808331612840874,0.5065539479803108,507.13864832618856,440.0581710051913,67.08047732099726,102917.11531284971,99102.0865,95287.0576871503,104139.692,101533.154,99426.5,97319.846,94320.542
2024-12-13 12:00:00,100353.37,101375.26,99700.0,99873.16,4395.11384,49.693222261677924,0.4597010930832331,463.62528087782266,444.7715929797176,18.85368789810508,102956.09332984012,99235.9225,95515.75167015988,104139.692,101533.154,99426.5,97319.846,94320.542
2024-12-13 16:00:00,99873.16,101895.26,99800.0,101462.34,6176.84479,64.64867500631988,0.5693001193438153,551.0223259723716,466.0217395782484,85.00058639412322,103198.3374173857,99422.9135,95647.48958261429,104139.692,101533.154,99426.5,97319.846,94320.542
2024-12-13 20:00:00,101462.34,101879.98,101090.9,101424.25,3179.90213,64.1156814017562,0.5656866994632371,610.177819126533,494.8529554879054,115.32486363862762,103141.09728457696,99711.1865,96281.27571542303,104139.692,101533.154,99426.5,97319.846,94320.542
2024-12-14 00:00:00,101424.24,102650.0,101148.35,102088.0,4102.31163,69.26689095546593,0.5996938187173846,702.5198400407389,536.3863323984721,166.13350764226686,103091.42905728027,100022.7615,96954.09394271972,104139.692,101533.154,99426.5,97319.846,94320.542
2024-12-14 04:00:00,102088.0,102138.0,101590.9,101824.0,2355.50886,64.94105509653494,0.5712730191425935,745.8018240613892,578.2694307310555,167.53239333033366,102992.67868641931,100284.3115,97575.94431358068,104139.692,101533.154,99426.5,97319.846,94320.542
2024-12-14 08:00:00,101824.0,101863.64,101321.0,101583.99,1246.03828,60.90663474842004,0.5434695429883822,752.0669474500901,613.0289340748625,139.0380133752276,102892.15738078069,100493.5895,98095.02161921932,104139.692,101533.154,99426.5,97319.846,94320.542
2024-12-14 12:00:00,101584.0,101742.43,100826.38,101625.12,2737.98405,61.386235779236536,0.5468401963936723,751.6859820429527,640.7603436684806,110.9256383744721,102638.92258195386,100708.1155,98777.30841804614,104139.692,101533.154,99426.5,97319.846,94320.542
2024-12-14 16:00:00,101625.12,101737.7,100831.63,101313.54,2313.84837,55.38143119506715,0.5033734987098226,717.9658982391411,656.2014545826128,61.76444365652833,102434.20733222044,100859.162,99284.11666777956,104139.692,101533.154,99426.5,97319.846,94320.542
2024-12-14 20:00:00,101313.54,101499.08,100609.41,101420.0,1436.01207,57.055966791388244,0.5157701822578896,691.8576172163303,663.3326871093564,28.524930106973898,102487.8606333029,100912.07999999999,99336.29936669707,104139.692,101533.154,99426.5,97319.846,94320.542
2024-12-15 00:00:00,101420.0,102196.97,101237.14,101733.82,2717.2499,61.96507152890018,0.5508847894863363,688.5520680706395,668.376563301613,20.175504769026475,102558.7953884871,100942.6355,99326.47561151291,104139.692,101533.154,99426.5,97319.846,94320.542
2024-12-15 04:00:00,101733.83,102850.0,101534.01,101732.09,3091.00658,61.91954762294304,0.550567624150309,677.9774974514148,670.2967501315734,7.68074731984143,102625.9569919199,100972.99,99320.02300808011,104139.692,101533.154,99426.5,97319.846,94320.542
2024-12-15 08:00:00,101732.09,102691.01,101581.07,102671.44,1800.59415,74.01350426772265,0.6292267440761226,736.9002412973059,683.61744836472,53.28279293258595,102874.75168223924,101055.2685,99235.78531776078,104139.692,101533.154,99426.5,97319.846,94320.542
2024-12-15 12:00:00,102671.44,103359.97,102473.01,102704.01,4918.19696,74.34311949633266,0.631213734729748,777.265237287138,702.3470061492036,74.91823113793441,103106.28292702018,101165.46949999999,99224.65607297981,104139.692,101533.154,99426.5,97319.846,94320.542
2024-12-15 16:00:00,102704.0,103490.0,102583.65,103252.95,2441.92022,79.46479917126828,0.6610340596225607,843.8225961135031,730.6421241420635,113.1804719714396,103421.78932953096,101310.196,99198.60267046903,104139.692,101533.154,99426.5,97319.846,94320.542
2024-12-15 20:00:00,103252.96,105250.0,102621.5,104463.99,7259.953965,86.43461269514759,0.6984901374969897,982.9596425317286,781.1056278199966,201.85401471173202,103978.8936827762,101443.5385,98908.1833172238,104139.692,101533.154,99426.5,97319.846,94320.542
2024-12-16 00:00:00,104463.99,106648.0,104259.48,104582.28,8803.848246,86.93975065551894,0.7010678901137987,1090.204569012887,842.9254160585747,247.2791529543124,104422.11092538563,101698.5865,98975.06207461438,104139.692,101533.154,99426.5,97319.846,94320.542
2024-12-16 04:00:00,104582.28,105420.76,104469.89,104992.79,3083.27266,88.65081034808209,0.7096647299184393,1194.5516245862818,913.2506577641162,281.3009668221656,104920.53159373728,101948.0115,98975.4914062627,104139.692,101533.154,99426.5,97319.846,94320.542
2024-12-16 08:00:00,104992.79,105016.85,103625.78,103757.99,3972.26006,60.72962017752322,0.5422210262066236,1164.1893276755873,963.4383917464105,200.75093592917676,105033.57699526518,102149.4565,99265.33600473483,104139.692,101533.154,99426.5,97319.846,94320.542
2024-12-16 12:00:00,103758.0,106499.99,103333.0,106332.01,9289.30941,77.76274832878494,0.6513428336833235,1332.4690172449627,1037.244516846121,295.22450039884166,105736.38217148295,102459.557,99182.73182851705,104139.692,101533.154,99426.5,97319.846,94320.542
2024-12-16 16:00:00,106332.0,107793.07,105797.41,106583.12,11995.104264,78.80887025153754,0.6573249276908022,1469.1588137196086,1123.6273762208186,345.53143749878996,106373.11346991391,102771.04449999999,99168.97553008607,104139.692,101533.154,99426.5,97319.846,94320.542
2024-12-16 20:00:00,106583.13,106648.48,105480.02,106058.66,4158.6081,70.70409607386323,0.6088179431862981,1517.6721435647632,1202.4363296896076,315.2358138751556,106696.90235044349,103080.31950000001,99463.73664955654,104139.692,101533.154,99426.5,97319.846,94320.542
2024-12-17 00:00:00,106058.65,107000.0,105657.34,106866.49,3882.88127,75.27370700192205,0.6367790116745395,1602.8280328330147,1282.514670318289,320.31336251472567,107254.24795701425,103350.527,99446.80604298576,104139.692,101533.154,99426.5,97319.846,94320.542
2024-12-17 04:00:00,106866.5,107143.29,106368.45,106805.75,2937.82223,74.25765680926429,0.6306993401427639,1646.4344072416716,1355.2986177029657,291.1357895387059,107702.0528379443,103619.602,99537.1511620557,104139.692,101533.154,99426.5,97319.846,94320.542
2024-12-17 08:00:00,106805.75,107550.02,106708.86,106808.31,3622.94784,74.27473114229441,0.6308021538353343,1662.040376852543,1416.6469695328813,245.39340731966172,108107.51269869255,103855.61750000001,99603.72230130747,104139.692,101533.154,99426.5,97319.846,94320.542
2024-12-17 12:00:00,106808.31,108353.0,105725.99,106478.47,8939.180456,67.54075280306438,0.5885256958916745,1629.0146222530602,1459.120500076917,169.89412217614313,108381.34857608564,104088.341,99795.33342391436,104139.692,101533.154,99426.5,97319.846,94320.542
2024-12-17 16:00:00,106478.48,107633.0,106148.0,106475.89,5875.35581,67.48491857339536,0.588160622501039,1584.3696621280542,1484.1703324871446,100.19932964090958,108582.37370262326,104332.936,100083.49829737675,104139.692,101533.154,99426.5,97319.846,94320.542
2024-12-17 20:00:00,106475.89,106903.99,105321.49,106133.74,3806.74886,59.83223922741323,0.5358547432802663,1504.0419051967474,1488.1446470290653,15.89725816768214,108679.3893204443,104558.367,100437.3446795557,104139.692,101533.154,99426.5,97319.846,94320.542
2024-12-18 00:00:00,106133.74,106524.98,104581.58,104763.98,5784.93924,39.11521933535463,0.3723530987986918,1314.6983702198486,1453.4553916672219,-138.7570214473733,108558.39378628077,104730.889,100903.38421371923,104139.692,101533.154,99426.5,97319.846,94320.542
2024-12-18 04:00:00,104763.99,104763.99,103137.82,104250.75,7256.63713,33.97310620205754,0.3272372769849165,1110.4285536969692,1384.8500240731714,-274.42147037620225,108380.44457693942,104872.42650000002,101364.40842306061,104139.692,101533.154,99426.5,97319.846,94320.542
2024-12-18 08:00:00,104250.75,105033.33,103729.18,105028.33,2927.64166,46.42273109196827,0.4335233132374473,999.7628164930502,1307.8325825571471,-308.06976606409694,108218.84872596573,105037.152,101855.45527403428,104139.692,101533.154,99426.5,97319.846,94320.542
2024-12-18 12:00:00,105028.33,105350.0,103650.0,104428.54,7242.86665,39.68832768501926,0.3772790199537442,853.8190871567203,1217.029883477062,-363.2107963203416,107969.28912877389,105171.97449999998,102374.65987122607,104139.692,101533.154,99426.5,97319.846,94320.542
2024-12-18 16:00:00,104428.54,104999.98,102817.82,102817.82,9166.33778,27.286535308358836,0.26628903232525725,601.2550930936995,1093.8749254003894,-492.6198323066899,107949.69733328892,105179.2935,102408.88966671108,104139.692,101533.154,99426.5,97319.846,94320.542
2024-12-18 20:00:00,102817.82,102997.77,100000.0,100204.01,17929.57509,17.144175492611396,0.16978158293596177,188.0163502455398,912.7032103694196,-724.6868601238798,108449.98179229796,105054.2935,101658.60520770204,104139.692,101533.154,99426.5,97319.846,94320.542
2024-12-19 00:00:00,100204.01,101310.25,98802.0,101193.15,11011.14924,28.824425515950082,0.28051802598579034,-58.983079054247355,718.3659524846862,-777.3490315389336,108685.13945806425,104951.3035,101217.46754193574,104139.692,101533.154,99426.5,97319.846,94320.542
2024-12-19 04:00:00,101193.15,101727.28,100629.99,101656.57,3199.07619,33.91640401338336,0.3267308802954108,-214.86100139391783,531.7205617089654,-746.5815631028833,108822.65180865073,104810.9325,100799.21319134926,104139.692,101533.154,99426.5,97319.846,94320.542
2024-12-19 08:00:00,101656.57,102609.72,101380.1,102449.99,4074.86626,42.17899701988337,0.398437313415732,-271.246256772356,371.1271980127012,-642.3734547850572,108852.63206704485,104704.318,100556.00393295515,104139.692,101533.154,99426.5,97319.846,94320.542
2024-12-19 12:00:00,102450.0,102800.11,99500.0,100679.86,10496.80787,31.822627509080576,0.3079022301944049,-453.5385650401149,206.19404540213796,-659.7326104422528,109005.8526991722,104488.6715,99971.49030082779,104139.692,101533.154,99426.5,97319.846,94320.542
2024-12-19 16:00:00,100679.86,101200.0,96251.32,97199.72,15856.49892,20.35758130302814,0.20080939191990194,-868.8096491240867,-8.806693503106967,-860.0029556209797,109730.74848812382,104160.758,98590.76751187618,104139.692,101533.154,99426.5,97319.846,94320.542
2024-12-19 20:00:00,97199.72,98500.0,95700.0,97461.86,10508.99952,22.801746843158696,0.22414626498762338,-1163.3520694277831,-239.7157686880422,-923.6363007397409,109934.28470230981,103717.2505,97500.21629769017,104139.692,101533.154,99426.5,97319.846,94320.542
2024-12-20 00:00:00,97461.86,97814.09,96000.0,97106.02,8712.02871,21.744900472684776,0.2140853186435708,-1409.2474463673861,-473.622104223911,-935.6253421434751,109964.90977656595,103243.39550000001,96521.88122343407,104139.692,101533.154,99426.5,97319.846,94320.542
2024-12-20 04:00:00,97106.02,98233.0,96374.03,97832.53,6871.39877,29.52544033710602,0.2869637621393741,-1527.8855058344052,-684.4747845460098,-843.4107212883954,109829.34218773717,102832.089,95834.83581226284,104139.692,101533.154,99426.5,97319.846,94320.542
2024-12-20 08:00:00,97832.52,97864.91,92612.1,92723.98,19009.19125,16.261702366797138,0.16119859460050898,-2010.9434099087375,-949.7685096185554,-1061.174900290182,110183.49045818787,102124.9635,94066.43654181213,104139.692,101533.154,99426.5,97319.846,94320.542
2024-12-20 12:00:00,92723.99,97572.0,92232.54,96991.62,16343.30766,41.76067984286186,0.3949123751893834,-2026.0523272329738,-1165.0252731414391,-861.0270540915346,109687.8918817793,101634.257,93580.6221182207,104139.692,101533.154,99426.5,97319.846,94320.542
2024-12-20 16:00:00,96991.63,97748.0,96300.0,97116.0,7186.02296,42.357510239717875,0.3999379828196806,-2004.878831378941,-1332.9959847889395,-671.8828465900015,109057.48828334713,101149.6415,93241.79471665286,104139.692,101533.154,99426.5,97319.846,94320.542
2024-12-20 20:00:00,97116.0,97816.44,95393.84,97805.44,4762.18635,45.94014261900668,0.4295962316777164,-1910.4442254376918,-1448.48563291869,-461.95859251900174,108339.53927118515,100715.98999999999,93092.44072881484,104139.692,101533.154,99426.5,97319.846,94320.542
2024-12-21 00:00:00,97805.44,97813.59,97188.09,97487.46,2878.66863,44.453470139332616,0.41739618528818967,-1840.051480322043,-1526.7988023993607,-313.2526779226823,107510.73502190318,100266.56850000001,93022.40197809684,104139.692,101533.154,99426.5,97319.846,94320.542
2024-12-21 04:00:00,97487.47,99540.61,97378.5,99040.0,5467.95008,53.09905434892099,0.48613790308005334,-1640.081876823213,-1549.4554172841313,-90.62645953908168,106621.41858265056,99911.8815,93202.34441734945,104139.692,101533.154,99426.5,97319.846,94320.542
2024-12-21 08:00:00,99040.0,99187.95,97800.0,98262.08,3434.11954,48.67068533923793,0.4515987976077536,-1526.776439588255,-1544.9196217449562,18.143182156701187,105926.3069418772,99586.7865,93247.2660581228,104139.692,101533.154,99426.5,97319.846,94320.542
2024-12-21 12:00:00,98262.08,98283.95,96398.39,97527.97,5930.1048,44.577635460800316,0.4184209865653919,-1479.1666931553045,-1531.769036027026,52.602342871721476,105252.86811734473,99250.64749999999,93248.42688265526,104139.692,101533.154,99426.5,97319.846,94320.542
2024-12-21 16:00:00,97527.96,97723.18,96819.36,97269.03,2933.73741,43.086538205872124,0.40604426737843097,-1445.6651916120318,-1514.5482671440272,68.88307553199547,104265.63402539838,98862.6825,93459.73097460161,104139.692,101533.154,99426.5,97319.846,94320.542
2024-12-21 20:00:00,97269.03,98057.51,96539.91,97291.99,2838.96097,43.28279436614884,0.40768195047772215,-1401.1111924928118,-1491.8608522137843,90.74965972097243,103265.40479199323,98505.855,93746.30520800676,104139.692,101533.154,99426.5,97319.846,94320.542
2024-12-22 00:00:00,97292.0,97448.08,96549.37,96994.37,1848.52784,41.13751729414257,0.3896397002240008,-1373.978900390939,-1468.2844618492152,94.30556145827609,102557.83582462184,98214.68250000001,93871.52917537818,104139.692,101533.154,99426.5,97319.846,94320.542
2024-12-22 04:00:00,96994.37,97071.97,95890.28,96210.24,2981.41637,35.698821951968355,0.3425584227220166,-1399.6152082838817,-1454.5506111361485,54.93540285226686,102340.24457864874,98014.994,93689.74342135128,104139.692,101533.154,99426.5,97319.846,94320.542
2024-12-22 08:00:00,96210.25,97351.57,96196.85,97101.28,2184.9888,45.288258935373264,0.4242656125107516,-1332.6704898719763,-1430.174586883314,97.50409701133776,101882.35961485773,97810.4005,93738.44138514227,104139.692,101533.154,99426.5,97319.846,94320.542
2024-12-22 12:00:00,97101.29,97300.0,95109.13,95377.72,4444.90674,33.88443656312833,0.3264453022086152,-1402.5257618869073,-1424.6448218840328,22.119059997125532,101277.65132690572,97496.458,93715.26467309428,104139.692,101533.154,99426.5,97319.846,94320.542
2024-11-22 16:00:00,98663.99,99588.01,98220.0,99079.74,9541.05621,59.462978989950685,0.5332172290233117,-1145.9546415352233,-1368.906785814271,222.95214427904762,100416.60497746363,97327.9455,94239.28602253637,104139.692,101533.154,99426.5,97319.846,94320.542
2024-11-22 20:00:00,99079.74,99449.0,98535.0,98892.0,4928.22899,58.132356497801865,0.523626758715187,-946.8544801025855,-1284.496324671934,337.64184456934845,100005.47159194014,97238.5525,94471.63340805988,104139.692,101533.154,99426.5,97319.846,94320.542
2024-11-23 00:00:00,98892.0,98908.85,98300.0,98666.67,3918.314,56.36617332782791,0.5106892323161737,-798.0490034234244,-1187.2068604222322,389.1578569988078,100151.30914932382,97311.9,94472.49085067617,104139.692,101533.154,99426.5,97319.846,94320.542
2024-11-23 04:00:00,98666.66,98800.0,98284.61,98560.85,3360.38068,55.44325752376377,0.5038349597550218,-680.8104219406232,-1085.9275727259105,405.1171507852873,100260.49624877832,97366.8495,94473.20275122167,104139.692,101533.154,99426.5,97319.846,94320.542
2024-11-23 08:00:00,98560.84,98623.76,98300.0,98429.99,3176.75105,54.16376335338012,0.4942265933541858,-591.6372834918147,-987.0695148790915,395.4322313872767,100361.93320281486,97433.048,94504.16279718513,104139.692,101533.154,99426.5,97319.846,94320.542
2024-11-23 12:00:00,98430.0,98847.68,98400.0,98400.0,4138.68982,53.831606473404534,0.49171223235487815,-517.4223484280228,-893.1400815888778,375.717733160855,100417.47006150759,97461.4215,94505.37293849241,104139.692,101533.154,99426.5,97319.846,94320.542
2024-11-23 16:00:00,98400.01,98459.56,97336.06,97504.0,7486.78427,44.351358792502126,0.4165526105290121,-524.8559765298705,-819.4832605770764,294.6272840472059,99642.88925068348,97700.4225,95757.95574931652,104139.692,101533.154,99426.5,97319.846,94320.542
2024-11-23 20:00:00,97504.0,98015.82,97136.0,97672.4,2676.92385,46.420370355770636,0.4335041425050323,-511.26516120761517,-757.8396407031842,246.574479495569,99648.27842597784,97734.4615,95820.64457402217,104139.692,101533.154,99426.5,97319.846,94320.542
2024-11-24 00:00:00,97672.4,98564.0,97620.74,98200.1,3989.58138,52.83172946198467,0.48409377166088347,-452.6949764257006,-696.8107078476875,244.11573142198688,99690.09882822861,97788.6665,95887.2341717714,104139.692,101533.154,99426.5,97319.846,94320.542
2024-11-24 04:00:00,98200.1,98431.06,97872.2,98431.05,3583.35015,55.54768373130497,0.5046137262307192,-383.22437608175096,-634.0934414945002,250.86906541274925,99743.00208510322,97819.94700000001,95896.89191489681,104139.692,101533.154,99426.5,97319.846,94320.542
2024-11-24 08:00:00,98431.05,98472.98,97239.29,97280.03,3606.92172,41.615016500847354,0.3936822054004177,-416.24787295094575,-590.5243277857893,174.27645483484355,99742.393485718,97809.5755,95876.75751428201,104139.692,101533.154,99426.5,97319.846,94320.542
2024-11-24 12:00:00,97280.04,97606.52,95900.01,95901.51,9382.31921,30.815312035136884,0.2987559904935472,-547.3448249373323,-581.888427216098,34.54360227876566,99672.51259068189,97652.651,95632.78940931811,104139.692,101533.154,99426.5,97319.846,94320.542
2024-11-24 16:00:00,95901.52,96747.98,95734.77,96320.02,5662.8696,36.639310508598264,0.35083277838002275,-610.4331511382043,-587.5973720005193,-22.835779137684995,99637.81224533348,97555.54800000001,95473.28375466654,104139.692,101533.154,99426.5,97319.846,94320.542
2024-11-24 20:00:00,96320.01,98369.46,96195.47,97900.04,4975.93632,53.777594742653946,0.4913025963543586,-526.8633423082501,-575.4505660620655,48.58722375381535,99662.01912172908,97574.1515,95486.28387827093,104139.692,101533.154,99426.5,97319.846,94320.542
2024-11-25 00:00:00,97900.05,98050.0,96888.0,97898.8,3838.26336,53.76427955879282,0.491201577864547,-455.48319758611615,-551.4570923668756,95.97389478075945,99693.12779934674,97605.64,95518.15220065326,104139.692,101533.154,99426.5,97319.846,94320.542
2024-11-25 04:00:00,97898.81,98376.99,97491.66,98047.34,5230.71565,55.31066657493915,0.5028449711770208,-382.5185463356029,-517.6693831606211,135.15083682501825,99734.33125054798,97643.4075,95552.48374945202,104139.692,101533.154,99426.5,97319.846,94320.542
2024-11-25 08:00:00,98047.34,98871.8,97850.0,98188.09,5195.73129,56.904080082887646,0.5146544893344236,-309.76540308992844,-476.0885871464826,166.32318405655417,99784.13580452745,97703.09349999999,95622.05119547252,104139.692,101533.154,99426.5,97319.846,94320.542
2024-11-25 12:00:00,98188.09,98313.08,94525.0,96000.56,14345.48831,34.560366338799795,0.33247089753324527,-423.7388047853019,-465.6186306742465,41.879825888944595,99807.16116625017,97692.60949999999,95578.05783374982,104139.692,101533.154,99426.5,97319.846,94320.542
2024-11-25 16:00:00,96000.57,96500.0,94400.0,94669.48,10283.14008,27.02676075801108,0.263873827274475,-614.3882926687511,-495.37256307314743,-119.01572959560366,100072.92489570806,97571.0195,95069.11410429193,104139.692,101533.154,99426.5,97319.846,94320.542
2024-11-25 20:00:00,94669.49,95300.0,92600.19,93010.01,11954.11227,20.52057902474536,0.20237312804567686,-889.1353467920271,-574.1251198169234,-315.0102269751037,100545.74052302766,97452.63399999999,94359.52747697232,104139.692,101533.154,99426.5,97319.846,94320.542
2024-11-26 00:00:00,93010.01,94923.69,92727.9,94464.0,6245.66011,36.216283618979176,0.3471176949130955,-978.2726074664824,-654.9546173468352,-323.3179901196472,100487.74477409951,97221.847,93955.94922590048,104139.692,101533.154,99426.5,97319.846,94320.542
2024-11-26 04:00:00,94464.0,94973.37,93500.08,93785.71,4722.02616,32.7015293293734,0.31583634096597707,-1091.0696908157988,-742.1776320406279,-348.8920587751709,100472.25221281158,96966.5325,93460.81278718842,104139.692,101533.154,99426.5,97319.846,94320.542
2024-11-26 08:00:00,93785.72,93785.72,91466.52,92356.85,13592.93588,26.403863408819007,0.258069107519857,-1280.9927653394407,-849.9406587003905,-431.0521066390502,100617.90025083366,96651.0415,92684.18274916636,104139.692,101533.154,99426.5,97319.846,94320.542
2024-11-26 12:00:00,92356.84,93559.0,91739.7,92813.0,13179.13015,31.32933266872402,0.30343018780443937,-1378.806652611922,-955.7138574826969,-423.092795129225,100573.34094337338,96363.649,92153.95705662663,104139.692,101533.154,99426.5,97319.846,94320.542
2024-11-26 16:00:00,92812.99,94685.6,91554.11,91683.89,10628.56926,26.254989745854843,0.2566789871969417,-1529.8000212429324,-1070.531090234744,-459.2689310081885,100603.91036412357,96026.344,91448.77763587642,104139.692,101533.154,99426.5,97319.846,94320.542
2024-11-26 20:00:00,91683.9,92364.0,90791.1,91965.16,9490.40982,29.570258296323715,0.2873749820334493,-1608.2285576775757,-1178.0705837233104,-430.15797395426534,100479.99187153555,95704.602,90929.21212846445,104139.692,101533.154,99426.5,97319.846,94320.542
2024-11-27 00:00:00,91965.16,93037.38,91792.14,92588.0,5555.58018,36.898890723262156,0.35310700352613633,-1601.6627835716354,-1262.7890236929754,-338.87375987865994,100348.9139798508,95458.802,90568.6900201492,104139.692,101533.154,99426.5,97319.846,94320.542
2024-11-27 04:00:00,92588.0,93648.0,92361.66,93597.16,4840.27212,47.27059322848374,0.4403830629993185,-1497.7632992029248,-1309.7838787949654,-187.97942040795942,100096.15759304905,95255.04000000001,90413.92240695097,104139.692,101533.154,99426.5,97319.846,94320.542
2024-11-27 08:00:00,93597.16,93885.6,93109.12,93367.99,3994.01189,45.29800403422294,0.4243455188896717,-1417.5734091795312,-1331.3417848718786,-86.23162430765251,99716.0229878215,95013.4345,90310.8460121785,104139.692,101533.154,99426.5,97319.846,94320.542
2024-11-27 12:00:00,93367.99,95850.0,92847.84,95556.01,9868.59893,62.656195385971905,0.5556803121604855,-1164.0489835580229,-1297.8832246091076,133.83424105108475,99300.29627534437,94869.6825,90439.06872465562,104139.692,101533.154,99426.5,97319.846,94320.542
2024-11-27 16:00:00,95556.0,96631.68,95184.79,96627.99,9525.88556,68.38960987051006,0.5940464312814666,-866.639146007743,-1211.6344088888347,344.9952628810918,99202.12634676011,94837.0805,90472.03465323988,104139.692,101533.154,99426.5,97319.846,94320.542
2024-11-27 20:00:00,96627.99,97208.21,95731.72,95863.11,7369.07866,60.63956421732671,0.5415849239685508,-684.76557931157,-1106.260642973382,421.49506366181186,99198.26833868344,94835.1605,90472.05266131656,104139.692,101533.154,99426.5,97319.846,94320.542
2024-11-28 00:00:00,95863.11,96564.0,94822.54,95471.43,6275.70277,56.79448591863093,0.5138483745743182,-565.7135760104429,-998.1512295807942,432.43765357035124,99111.31747560066,94792.731,90474.14452439934,104139.692,101533.154,99426.5,97319.846,94320.542
2024-11-28 04:00:00,95471.44,95922.39,95063.15,95299.66,5014.99892,55.00983942633519,0.500593952043474,-479.6947862330853,-894.4599409112525,414.76515467816716,98737.07103726902,94662.712,90588.35296273098,104139.692,101533.154,99426.5,97319.846,94320.542
2024-11-28 08:00:00,95299.66,95780.0,94640.0,95452.01,4752.0259,56.42664091199424,0.511136068548669,-394.6812639148411,-794.5042055119702,399.8229415971291,98343.50954738299,94540.3725,90737.23545261701,104139.692,101533.154,99426.5,97319.846,94320.542
2024-11-28 12:00:00,95452.0,96221.8,94900.0,95007.14,5548.28802,50.959570465651126,0.46963013176112994,-359.0656408573559,-707.4164925810474,348.35085172369145,97826.85066859942,94388.3625,90949.87433140058,104139.692,101533.154,99426.5,97319.846,94320.542
2024-11-28 16:00:00,95007.15,95435.68,94817.0,95119.48,3678.82621,52.32054452905316,0.4801701925907901,-318.1081511016964,-629.5548242851772,311.4466731834808,97200.91420403282,94234.932,91268.94979596719,104139.692,101533.154,99426.5,97319.846,94320.542
2024-11-28 20:00:00,95119.48,96023.48,94698.0,95643.98,3544.70175,58.581590137369545,0.5268796901573772,-240.5533297705988,-551.7545253822616,311.2011956116628,97142.40482452259,94217.103,91291.80117547742,104139.692,101533.154,99426.5,97319.846,94320.542
2024-11-29 00:00:00,95643.99,96859.0,95364.99,96590.36,3208.77651,67.55132165247025,0.588594773558352,-101.55495602378505,-461.71461151056633,360.1596554867813,97421.39819119168,94313.147,91204.89580880832,104139.692,101533.154,99426.5,97319.846,94320.542
2024-11-29 04:00:00,96590.35,96630.09,95600.03,95625.05,2916.98299,53.709704660656314,0.49078739565640417,-68.5005611392553,-383.07180143630416,314.57124029704886,97541.32824651008,94443.899,91346.46975348993,104139.692,101533.154,99426.5,97319.846,94320.542
2024-11-29 08:00:00,95625.05,97358.21,95616.0,97237.91,4164.43477,66.92179571284237,0.5844652208819135,86.8385865468008,-289.0897238396832,375.928310386484,97922.7233120421,94582.5945,91242.46568795791,104139.692,101533.154,99426.5,97319.846,94320.542
2024-11-29 12:00:00,97237.91,98619.99,96768.0,98019.47,8857.57633,71.51768295853822,0.6139128279619078,269.9001001293509,-177.29175904587638,447.19185917522725,98444.05652023423,94794.2825,91144.50847976578,104139.692,101533.154,99426.5,97319.846,94320.542
2024-11-29 16:00:00,98019.46,98440.0,96853.82,97329.73,5993.35722,62.567243844046246,0.5550651579543949,355.2265839888423,-70.78809043893264,426.01467442777493,98671.03255812218,95042.9265,91414.82044187782,104139.692,101533.154,99426.5,97319.846,94320.542
2024-11-29 20:00:00,97329.73,97624.62,96981.01,97460.0,2560.65449,63.5718004275583,0.5619769395816585,428.42156041449925,29.053839731753733,399.3677206827455,98897.28295503996,95275.2765,91653.27004496005,104139.692,101533.154,99426.5,97319.846,94320.542
2024-11-30 00:00:00,97460.0,97463.95,96309.85,96640.02,3052.5744,53.10601253290945,0.4861910388420111,415.47424495979794,106.33792077736258,309.1363241824354,98769.17304354248,95523.08300000001,92276.99295645754,104139.692,101533.154,99426.5,97319.846,94320.542
2024-11-30 04:00:00,96640.02,97234.02,96532.7,96783.38,3397.39114,54.62954622438905,0.49773859107332147,412.03171296583605,167.4766792150573,244.55503375077876,98585.71419080152,95763.99399999999,92942.27380919846,104139.692,101533.154,99426.5,97319.846,94320.542
2024-11-30 08:00:00,96783.38,96968.78,96092.01,96267.99,2445.61538,48.0781026476679,0.4468688902443786,363.5253222245083,206.68640781694748,156.8389144075608,98345.79757114356,95947.9935,93550.18942885644,104139.692,101533.154,99426.5,97319.846,94320.542
2024-11-30 12:00:00,96267.99,96732.15,96242.14,96645.41,2060.42388,52.90350681359433,0.4846431462795119,351.486579367629,235.6464421270838,115.84013724054523,98242.97386190822,96100.406,93957.83813809179,104139.692,101533.154,99426.5,97319.846,94320.542
2024-11-30 16:00:00,96645.42,97062.5,96531.35,97019.68,1822.59102,57.47572507924916,0.5188444550168202,367.90526710805716,262.0982071232785,105.80705998477868,98031.22638983467,96282.9905,94534.75461016533,104139.692,101533.154,99426.5,97319.846,94320.542
2024-11-30 20:00:00,97019.69,97040.0,96320.99,96407.99,1725.23724,48.49819075837771,0.45022457065284593,327.7804752567463,275.2346607499721,52.54581450677421,98040.44055583107,96325.5895,94610.73844416894,104139.692,101533.154,99426.5,97319.846,94320.542
2024-12-01 00:00:00,96407.99,96672.49,95693.88,96336.75,3622.03491,47.49029230723417,0.4421522608759408,286.92531952985155,277.572792505948,9.352527023903576,98020.0025477057,96311.0275,94602.05245229429,104139.692,101533.154,99426.5,97319.846,94320.542
2024-12-01 04:00:00,96336.76,96515.52,96195.99,96472.97,1284.90142,49.816845327319164,0.46067552291721753,262.51304288308893,274.56084258137616,-12.047799698287236,98038.56613505947,96341.5205,94644.47486494052,104139.692,101533.154,99426.5,97319.846,94320.542
2024-12-01 08:00:00,96472.97,97179.04,96424.99,97108.89,2803.36709,59.572540138022035,0.5340008774557394,291.1236746512004,277.87340899534104,13.25026565585938,98101.58570869321,96423.3935,94745.2012913068,104139.692,101533.154,99426.5,97319.846,94320.542
2024-12-01 12:00:00,97108.89,97388.78,96660.88,97028.02,3260.08114,57.90249102374876,0.5219563529639802,303.7705949863157,283.05284619353597,20.71774879277973,98121.0220932636,96509.81150000001,94898.60090673642,104139.692,101533.154,99426.5,97319.846,94320.542
2024-12-01 16:00:00,97028.02,97523.41,96958.48,97178.73,2968.12339,60.32098717211618,0.539329701870825,322.2398277846369,290.8902425117562,31.349585272880688,98152.82600404788,96596.1475,95039.46899595213,104139.692,101533.154,99426.5,97319.846,94320.542
2024-12-01 20:00:00,97178.73,97836.0,96800.01,97185.18,3000.09657,60.43448049427415,0.5401340169889778,333.5523055863305,299.42265512667103,34.129650459659445,98088.8086342352,96705.0495,95321.29036576478,104139.692,101533.154,99426.5,97319.846,94320.542
2024-12-02 00:00:00,97185.17,98130.0,96350.0,96483.75,5392.949,44.342730033085495,0.41648129265648415,282.65966220492555,296.07005654232194,-13.410394337396383,97946.39471246224,96773.263,95600.13128753778,104139.692,101533.154,99426.5,97319.846,94320.542
2024-12-02 04:00:00,96483.75,96924.0,95749.97,95999.99,5378.4519,36.51876372597619,0.34977523717925174,200.97477451630402,277.05100013711836,-76.07622562081434,97901.15732748645,96791.0635,95680.96967251356,104139.692,101533.154,99426.5,97319.846,94320.542
2024-12-02 08:00:00,95999.99,96112.0,94820.41,95128.68,6299.85507,26.641232869112955,0.26028335430332544,65.18012148942216,234.67682440757915,-169.49670291815698,98053.31908130916,96717.9795,95382.63991869084,104139.692,101533.154,99426.5,97319.846,94320.542
2024-12-02 12:00:00,95128.67,97214.77,94766.0,97048.0,8297.68046,56.72331099144161,0.5133243641299127,111.15365405823104,209.97219033770955,-98.81853627947851,98027.38174303038,96789.12700000001,95550.87225696964,104139.692,101533.154,99426.5,97319.846,94320.542
2024-12-02 16:00:00,97048.01,97356.69,94395.0,95816.0,8796.99302,43.3966318101179,0.40863068116932383,47.6268929191574,177.50313085399912,-129.87623793484173,98009.91172221892,96718.0315,95426.15127778107,104139.692,101533.154,99426.5,97319.846,94320.542
2024-12-02 20:00:00,95816.01,96327.87,95112.01,95840.62,3792.74036,43.70498923255865,0.4111961224522046,-0.7235540464171208,141.85779387391588,-142.581347920333,97802.60422562885,96609.089,95415.57377437117,104139.692,101533.154,99426.5,97319.846,94320.542
2024-12-03 00:00:00,95840.61,96305.52,95400.0,96079.36,3671.38924,46.97306833975426,0.4379816863598931,-19.551926409243606,109.575849817284,-129.1277762265276,97711.80293006006,96546.5705,95381.33806993994,104139.692,101533.154,99426.5,97319.846,94320.542
2024-12-03 04:00:00,96079.36,96238.1,95277.35,95550.0,3510.45774,40.83995941888425,0.38711294908061705,-76.30883436976,72.39891297987519,-148.7077473496352,97614.16851698584,96451.0705,95287.97248301416,104139.692,101533.154,99426.5,97319.846,94320.542
2024-12-03 08:00:00,95550.0,95662.94,94595.38,94988.01,4056.48891,35.154822673495474,0.3377478757410522,-164.7379920668027,24.97153197053962,-189.7095240373423,97697.82861047491,96368.47,95039.11138952509,104139.692,101533.154,99426.5,97319.846,94320.542
2024-12-03 12:00:00,94988.0,96250.0,93578.17,95682.54,13543.07849,45.99421858342005,0.4300370900912356,-176.73863707654527,-15.370501838877363,-161.3681352376679,97661.48158467043,96313.428,94965.37441532957,104139.692,101533.154,99426.5,97319.846,94320.542
2024-12-03 16:00:00,95682.54,96169.99,94860.0,95428.6,5936.97324,42.93292638984244,0.4047606123631404,-204.38405824283836,-53.17321311966956,-151.2108451231688,97676.5288236241,96271.45850000001,94866.38817637591,104139.692,101533.154,99426.5,97319.846,94320.542
2024-12-03 20:00:00,95428.61,96140.01,95272.5,95849.69,5108.93521,49.442834503786976,0.4577240761869227,-190.12318812249578,-80.5632081202348,-109.55998000226097,97637.22149147953,96231.6725,94826.12350852047,104139.692,101533.154,99426.5,97319.846,94320.542
2024-12-04 00:00:00,95849.69,96614.16,95224.17,95770.32,4788.30848,48.232902688022904,0.44810691025987115,-183.1150056849292,-101.0735676331737,-82.0414380517555,97537.8606318241,96169.2045,94800.5483681759,104139.692,101533.154,99426.5,97319.846,94320.542
2024-12-04 04:00:00,95770.32,96714.41,95717.54,96588.81,3607.43743,60.00737042622791,0.537102011236094,-110.24483419470198,-102.90782094547936,-7.337013249222622,97555.90244309719,96178.24549999999,94800.58855690279,104139.692,101533.154,99426.5,97319.846,94320.542
2024-12-04 08:00:00,96588.81,96950.0,96172.0,96190.41,3780.1103,53.14320201841717,0.48647497319744826,-83.67766468875925,-99.06178969413534,15.384125005376092,97546.59386091975,96170.92850000001,94795.26313908027,104139.692,101533.154,99426.5,97319.846,94320.542
2024-12-04 12:00:00,96190.41,96560.0,95352.41,95742.81,7959.19099,46.214121977565576,0.43182775625146236,-97.6153220309352,-98.77249616149533,1.1571741305601222,97515.08104602432,96134.42050000001,94753.75995397569,104139.692,101533.154,99426.5,97319.846,94320.542
2024-12-04 16:00:00,95742.8,97232.01,94587.83,97209.64,9467.01122,64.10683264269346,0.5656265250172549,9.589366057451116,-77.10012371770604,86.68948977515716,97535.73579392051,96139.458,94743.18020607949,104139.692,101533.154,99426.5,97319.846,94320.542
2024-12-04 20:00:00,97209.64,99000.0,97128.52,98587.32,14248.47886,73.69541965855409,0.6273014316255274,203.37276138529705,-21.005546697105423,224.37830808240247,97955.02422541808,96217.423,94479.82177458191,104139.692,101533.154,99426.5,97319.846,94320.542
2024-12-05 00:00:00,98587.32,104088.0,97888.89,102964.0,29911.489432,86.78238811360193,0.7002668124849801,702.0165866548632,123.5988799732883,578.4177066815749,99978.68571805298,96506.6865,93034.68728194702,104139.692,101533.154,99426.5,97319.846,94320.542
2024-12-05 04:00:00,102964.0,103544.71,101324.16,102236.1,14930.57327,79.1424332749332,0.6592151604323723,1026.6256624454982,304.2042364677303,722.4214259777679,101072.01482797592,96759.2325,92446.45017202408,104139.692,101533.154,99426.5,97319.846,94320.542
2024-12-05 08:00:00,102236.1,103159.76,102236.1,102566.91,9004.86605,80.07260559226597,0.6644424799082751,1295.6389763846382,502.4911844511119,793.1477919335264,102092.84939623383,97063.39050000001,92033.93160376619,104139.692,101533.154,99426.5,97319.846,94320.542
2024-12-05 12:00:00,102566.91,103550.0,100925.97,101292.01,15250.81785,66.69861877654708,0.5829939063006145,1389.9378522471088,679.9805180103112,709.9573342367976,102669.06468637782,97327.9915,91986.91831362218,104139.692,101533.154,99426.5,97319.846,94320.542
2024-12-05 16:00:00,101292.0,101999.0,98599.36,99028.0,14788.63995,49.551746719928985,0.4585845855966715,1267.3742039655917,797.4592552013673,469.9149487642244,102810.40781020233,97522.9575,92235.50718979767,104139.692,101533.154,99426.5,97319.846,94320.542
2024-12-05 20:00:00,99028.01,99479.72,90500.0,96945.63,26035.34311,38.83780864723169,0.3699611484203523,990.7905569761933,836.1255155563326,154.6650414198607,102807.42299823224,97517.839,92228.25500176777,104139.692,101533.154,99426.5,97319.846,94320.542
2024-12-06 00:00:00,96945.63,98828.7,95981.72,97735.29,10502.77687,44.17763827834097,0.4151158001248253,825.7957274890359,834.0595579428733,-8.263830453837386,102842.67909420528,97613.80350000001,92384.92790579474,104139.692,101533.154,99426.5,97319.846,94320.542
2024-12-06 04:00:00,97735.29,98288.0,97370.19,98138.54,4600.17485,46.93765569886411,0.4376954469127133,719.2835878339829,811.1043639210952,-91.82077608711234,102894.12222702058,97728.6995,92563.27677297943,104139.692,101533.154,99426.5,97319.846,94320.542
2024-12-06 08:00:00,98138.53,98705.23,97622.86,98069.62,5508.51297,46.47942723107491,0.43398360532321983,622.1390500662528,773.3113011501268,-151.17225108387402,102936.21264455297,97828.2125,92720.21235544702,104139.692,101533.154,99426.5,97319.846,94320.542
2024-12-06 12:00:00,98069.61,99483.81,97512.26,99309.99,9368.1804,55.5838837695362,0.5048834993497465,637.8856481107359,746.2261705422487,-108.3405224315128,103047.35599754009,98016.212,92985.06800245991,104139.692,101533.154,99426.5,97319.846,94320.542
2024-12-06 16:00:00,99310.0,101799.0,98762.6,101439.99,9652.35617,66.87359281830385,0.5841477634163349,812.8679041500145,759.5545172638019,53.313386886212584,103379.79656118546,98338.811,93297.82543881454,104139.692,101533.154,99426.5,97319.846,94320.542
2024-12-06 20:00:00,101439.99,101898.99,99053.03,99740.84,5417.53184,54.08035177529648,0.49359595880397983,805.1540830508748,768.6744304212165,36.47965262965829,103457.67668773778,98541.726,93625.77531226221,104139.692,101533.154,99426.5,97319.846,94320.542
2024-12-07 00:00:00,99740.84,100428.0,99285.71,99299.63,2803.39835,51.11784804575459,0.47086290509104206,754.7387065993971,765.8872856568527,-11.14857905745555,103435.21779858106,98735.2775,94035.33720141894,104139.692,101533.154,99426.5,97319.846,94320.542
2024-12-07 04:00:00,99299.64,99666.31,98844.0,99405.2,3254.00298,51.85409033359735,0.4765730927510767,715.0600075949769,755.7218300444775,-40.66182244950062,103418.36992246813,98913.053,94407.73607753187,104139.692,101533.154,99426.5,97319.846,94320.542
2024-12-07 08:00:00,99405.2,99821.83,99260.0,99620.0,2290.29479,53.5160261046411,0.48931573097560593,692.9589185448422,743.1692477445505,-50.210329199708326,103367.90437439155,99105.537,94843.16962560844,104139.692,101533.154,99426.5,97319.846,94320.542
2024-12-07 12:00:00,99620.0,99800.0,99036.01,99756.01,2409.08289,54.67188767702928,0.4980570401840827,678.5960833227145,730.2546148601833,-51.658531537468775,103364.84879714786,99263.89700000001,95162.94520285216,104139.692,101533.154,99426.5,97319.846,94320.542
2024-12-07 16:00:00,99756.0,100263.64,99460.37,100077.45,2257.58478,57.5802377172934,0.5196078196081021,685.2517983672296,721.2540515615926,-36.00225319436299,103306.54784353777,99458.249,95609.95015646222,104139.692,101533.154,99426.5,97319.846,94320.542
2024-12-07 20:00:00,100077.45,100439.18,99595.11,99831.99,1917.58211,54.4668113873654,0.4965134167152687,663.0763979221374,709.6185208337016,-46.542122911564206,103091.4961752908,99662.708,96233.9198247092,104139.692,101533.154,99426.5,97319.846,94320.542
2024-12-08 00:00:00,99831.99,100328.88,99632.28,99934.82,1688.21452,55.639144281766654,0.5052951264795136,646.3490454603452,696.9646257590304,-50.61558029868513,103028.07692114958,99798.967,96569.85707885043,104139.692,101533.154,99426.5,97319.846,94320.542
2024-12-08 04:00:00,99934.83,100030.0,99336.0,99675.11,1590.3559,51.715755161138986,0.47550322586939553,605.1601619593857,678.6037329991015,-73.44357103971572,103032.79883585077,99853.3565,96673.91416414922,104139.692,101533.154,99426.5,97319.846,94320.542
2024-12-08 08:00:00,99675.11,99844.28,98657.7,99701.16,2557.39593,52.11092449925264,0.47855567669099686,568.0713197639416,656.4972503520695,-88.42593058812793,102512.37526197288,99690.2145,96868.05373802713,104139.692,101533.154,99426.5,97319.846,94320.542
2024-12-08 12:00:00,99701.17,100500.0,99357.16,99912.01,3388.44325,55.54647743220935,0.504604734844887,549.359305852835,635.0696614522226,-85.71035559938764,102134.00175733858,99574.01000000001,97014.01824266143,104139.692,101533.154,99426.5,97319.846,94320.542
2024-12-08 16:00:00,99912.01,100198.0,99480.0,100100.98,2219.63339,58.64831764325905,0.527361558702832,543.5129210979503,616.7583133813681,-73.2453922834178,101609.93392323039,99450.7135,97291.4930767696,104139.692,101533.154,99426.5,97319.846,94320.542
2024-12-08 20:00:00,100100.99,101351.0,99736.06,101109.59,3168.95389,71.173465717826,0.6117634387476919,613.1974581578106,616.0461423366567,-2.8486841788460424,101569.3756587172,99441.5925,97313.8093412828,104139.692,101533.154,99426.5,97319.846,94320.542
2024-12-09 00:00:00,101109.6,101215.93,98432.18,99090.84,6131.57247,41.68804717426768,0.39429914756369094,499.76571416587103,592.7900567024996,-93.02434253662852,101570.13039758026,99444.73449999999,97319.33860241972,104139.692,101533.154,99426.5,97319.846,94320.542
2024-12-09 04:00:00,99090.84,99729.88,98328.0,99576.51,4641.05371,47.7621232524347,0.44433651392818413,443.9422598796955,563.0204973379388,-119.07823745824328,101346.37969714588,99576.2785,97806.17730285412,104139.692,101533.154,99426.5,97319.846,94320.542
2024-12-09 08:00:00,99576.51,99679.71,98035.57,98088.47,5754.936,34.80335180492729,0.3346304147694472,276.4427186597168,505.7049416022944,-229.26222294257764,101292.30051051597,99593.9375,97895.57448948403,104139.692,101533.154,99426.5,97319.846,94320.542
2024-12-09 12:00:00,98088.47,100421.8,97508.58,97812.0,10565.60263,32.870213498413705,0.31735410576872275,120.00595310378412,428.56514390259235,-308.55919079880823,101339.9572190319,99577.6105,97815.26378096809,104139.692,101533.154,99426.5,97319.846,94320.542
2024-12-09 16:00:00,97812.0,98398.0,97000.0,97070.32,7646.39206,28.00222311102398,0.2729256558380737,-63.09140968907741,330.2338331842584,-393.3252428733358,101512.61022617167,99527.64550000001,97542.68077382835,104139.692,101533.154,99426.5,97319.846,94320.542
2024-12-09 20:00:00,97070.33,97572.52,94150.05,97276.47,19209.55908,31.301421985833542,0.30317675685111994,-189.37975478675799,226.31111559005512,-415.6908703768131,101651.61242853205,99425.9695,97200.32657146796,104139.692,101533.154,99426.5,97319.846,94320.542
2024-12-10 00:00:00,97276.48,98138.0,95565.41,96931.99,7967.90111,28.734457425657794,0.27968893227936925,-313.64532710217463,118.31982705160918,-431.9651541537838,101479.84050937273,99200.56950000001,96921.29849062729,104139.692,101533.154,99426.5,97319.846,94320.542
2024-12-10 04:00:00,96931.99,97519.2,95900.0,97196.44,4851.30267,33.61064708867987,0.32399699330662785,-386.3343615133781,17.388989338611726,-403.72335085198984,101504.61760571608,99073.3495,96642.08139428392,104139.692,101533.154,99426.5,97319.846,94320.542
2024-12-10 08:00:00,97196.44,97937.5,96938.19,97722.52,3732.90811,42.708631702214085,0.40288342899513385,-396.91529318582616,-65.47186716627586,-331.4434260195503,101496.14526665014,98994.49399999999,96492.84273334984,104139.692,101533.154,99426.5,97319.846,94320.542
2024-12-10 12:00:00,97722.53,98270.0,95555.0,95658.79,11589.32855,26.246966730001333,0.2566040413871646,-565.3099799014308,-165.43948971330684,-399.87049018812394,101708.46877869897,98807.1735,95905.87822130104,104139.692,101533.154,99426.5,97319.846,94320.542
2024-12-10 16:00:00,95658.79,96500.0,94256.54,95856.5,17282.11364,29.29305660231772,0.2848298694556556,-675.0291221441294,-267.35741619947134,-407.671705944658,101775.30491796636,98618.9985,95462.69208203364,104139.692,101533.154,99426.5,97319.846,94320.542
2024-12-10 20:00:00,95856.5,97200.7,95616.0,96593.0,6285.13525,40.05323522648649,0.38040437134379146,-694.5466367542831,-352.7952603104337,-341.7513764438494,101693.32876893599,98460.848,95228.36723106401,104139.692,101533.154,99426.5,97319.846,94320.542
2024-12-11 00:00:00,96593.0,97625.76,95658.24,97398.43,6101.81371,49.80004679340882,0.46054317751170215,-637.6722492066328,-409.7706580896736,-227.90159111695925,101498.77670833236,98326.897,95155.01729166764,104139.692,101533.154,99426.5,97319.846,94320.542
2024-12-11 04:00:00,97398.42,97790.36,97181.7,97334.6,2882.63101,49.062498749786045,0.4547123365630844,-590.9374754960008,-446.0040215709391,-144.93345392506177,101320.61016580983,98202.0275,95083.44483419016,104139.692,101533.154,99426.5,97319.846,94320.542
2024-12-11 08:00:00,97334.59,98472.57,97316.78,98292.61,3915.0582,59.551899603850174,0.5338533137666036,-471.1651316999778,-451.03624359674683,-20.128888103230963,101131.02599009582,98119.91699999999,95108.80800990415,104139.692,101533.154,99426.5,97319.846,94320.542
2024-12-11 12:00:00,98292.61,100800.0,98072.33,100361.64,10646.28169,73.3695685494657,0.625321126869075,-206.9061713845731,-402.2102291543121,195.30405776973902,101254.33935532808,98154.24350000001,95054.14764467195,104139.692,101533.154,99426.5,97319.846,94320.542
2024-12-11 16:00:00,100361.64,101141.01,99608.23,101122.71,9214.79257,76.77448603361744,0.6456162129972131,63.204366428166395,-309.1273100378164,372.3316764659828,101532.98754803115,98225.321,94917.65445196885,104139.692,101533.154,99426.5,97319.846,94320.542
2024-12-11 20:00:00,101122.71,101888.0,100866.42,101125.0,4993.20573,76.78490576465053,0.6456769746662204,274.2918320486642,-192.4434816205203,466.7353136691845,101763.95469384125,98285.97050000001,94807.98630615877,104139.692,101533.154,99426.5,97319.846,94320.542
2024-12-12 00:00:00,101125.0,101829.0,100331.61,101025.87,4584.27765,75.08371375600652,0.6356481112523134,428.64011044593644,-68.22676320722894,496.8668736531654,101934.19677789307,98332.215,94730.23322210692,104139.692,101533.154,99426.5,97319.846,94320.542
2024-12-12 04:00:00,101025.88,101191.85,100402.82,100499.99,3018.02596,66.02962684543428,0.5785605446609842,502.7329198974039,45.96517341369763,456.7677464837063,101813.95880929654,98301.735,94789.51119070346,104139.692,101533.154,99426.5,97319.846,94320.542
2024-12-12 08:00:00,100499.99,101126.54,100178.32,100358.42,2593.08394,63.62013817226107,0.562307567851229,543.7603584146855,145.5242104138952,398.2361480007903,101981.4971872737,98365.114,94748.73081272631,104139.692,101533.154,99426.5,97319.846,94320.542
2024-12-12 12:00:00,100358.42,101861.6,100348.35,101797.14,7527.72986,74.60661566661372,0.6327962109141213,684.4773503195029,253.31483839501672,431.1625119244861,102374.49446935653,98476.1455,94577.79653064346,104139.692,101533.154,99426.5,97319.846,94320.542
2024-12-12 16:00:00,101797.14,102540.0,99311.64,99481.32,7934.57131,47.60755669562173,0.4430951651807049,602.187616338153,323.089393983644,279.098222354509,102464.6875283644,98545.788,94626.8884716356,104139.692,101533.154,99426.5,97319.846,94320.542
2024-12-12 20:00:00,99481.33,100476.19,99465.33,100004.29,3574.39873,52.16801469564341,0.478995712966409,572.5714701551769,372.98580921795065,199.5856609372263,102610.35677271655,98655.4025,94700.44822728344,104139.692,101533.154,99426.5,97319.846,94320.542
2024-12-13 00:00:00,100004.29,100356.85,99205.0,99729.09,3169.68724,49.52162880967009,0.4583467115587508,520.8896294687438,402.5665732681093,118.32305620063448,102697.43339948903,98788.34099999999,94879.24860051094,104139.692,101533.154,99426.5,97319.846,94320.542
2024-12-13 04:00:00,99729.09,100225.52,99500.0,100130.0,2722.44317,53.52829123368185,0.48940901028306294,506.4435191934026,423.34196245316804,83.10155674023457,102815.99340239425,98931.01749999999,95046.04159760573,104139.692,101533.154,99426.5,97319.846,94320.542
2024-12-13 08:00:00,100130.01,100789.0,99896.0,100353.37,2260.04806,55.80833173543463,0.5065539488916766,507.1725949697866,440.10808895649177,67.06450601329482,102917.11531284986,99102.0865,95287.05768715015,104139.692,101533.154,99426.5,97319.846,94320.542
2024-12-13 12:00:00,100353.37,101375.26,99700.0,99873.16,4395.11384,49.69322241979529,0.4597010943302651,463.65671308552555,444.8178137822986,18.83889930322698,102956.09332984027,99235.9225,95515.75167015973,104139.692,101533.154,99426.5,97319.846,94320.542
2024-12-13 16:00:00,99873.16,101895.26,99800.0,101462.34,6176.84479,64.64867503329451,0.5693001195261362,551.0514299786446,466.0645370215678,84.9868929570768,103198.33741738585,99422.9135,95647.48958261414,104139.692,101533.154,99426.5,97319.846,94320.542
2024-12-13 20:00:00,101462.34,101879.98,101090.9,101424.25,3179.90213,64.11568143148224,0.5656866996653738,610.2047673737834,494.89258309201097,115.31218428177243,103141.09728457712,99711.1865,96281.27571542287,104139.692,101533.154,99426.5,97319.846,94320.542
2024-12-14 00:00:00,101424.24,102650.0,101148.35,102088.0,4102.31163,69.26689095630964,0.5996938187227875,702.5447922004678,536.4230249137023,166.12176728676548,103091.42905728046,100022.7615,96954.09394271953,104139.692,101533.154,99426.5,97319.846,94320.542
2024-12-14 04:00:00,102088.0,102138.0,101590.9,101824.0,2355.50886,64.9410551167061,0.571273019278476,745.8249279797747,578.3034055269168,167.52152245285788,102992.67868641952,100284.3115,97575.94431358048,104139.692,101533.154,99426.5,97319.846,94320.542
2024-12-14 08:00:00,101824.0,101863.64,101321.0,101583.99,1246.03828,60.90663478428976,0.543469543241135,752.0883400236198,613.0603924262574,139.0279475973624,102892.15738078092,100493.5895,98095.02161921909,104139.692,101533.154,99426.5,97319.846,94320.542
2024-12-14 12:00:00,101584.0,101742.43,100826.38,101625.12,2737.98405,61.38623581267575,0.5468401966280698,751.7057900292275,640.7894719468514,110.91631808237605,102638.92258195413,100708.11549999999,98777.30841804584,104139.692,101533.154,99426.5,97319.846,94320.542
2024-12-14 16:00:00,101625.12,101737.7,100831.63,101313.54,2313.84837,55.3814312477188,0.5033734991029278,717.9842390076374,656.2284253590086,61.75581364862876,102434.20733222079,100859.162,99284.1166677792,104139.692,101533.154,99426.5,97319.846,94320.542
2024-12-14 20:00:00,101313.54,101499.08,100609.41,101420.0,1436.01207,57.055966836029306,0.5157701825855466,691.8745994436322,663.3576601759333,28.51693926769883,102487.86063330325,100912.07999999999,99336.29936669672,104139.692,101533.154,99426.5,97319.846,94320.542
2024-12-15 00:00:00,101420.0,102196.97,101237.14,101733.82,2717.2499,61.965071552769444,0.550884789652592,688.5677923841577,668.3996866175783,20.1681057665794,102558.79538848744,100942.6355,99326.47561151256,104139.692,101533.154,99426.5,97319.846,94320.542
2024-12-15 04:00:00,101733.83,102850.0,101534.01,101732.09,3091.00658,61.91954764693996,0.5505676243175376,677.9920570254908,670.3181606991608,7.673896326330009,102625.95699192023,100972.99,99320.02300807978,104139.692,101533.154,99426.5,97319.846,94320.542
2024-12-15 08:00:00,101732.09,102691.01,101581.07,102671.44,1800.59415,74.01350425777596,0.6292267440160372,736.9137224051665,683.637273040362,53.276449364804535,102874.75168223954,101055.2685,99235.78531776047,104139.692,101533.154,99426.5,97319.846,94320.542
2024-12-15 12:00:00,102671.44,103359.97,102473.01,102704.01,4918.19696,74.34311948580383,0.6312137346664097,777.2777198119729,702.3653623946842,74.91235741728872,103106.28292702048,101165.4695,99224.65607297953,104139.692,101533.154,99426.5,97319.846,94320.542
2024-12-15 16:00:00,102704.0,103490.0,102583.65,103252.95,2441.92022,79.46479915403235,0.6610340595255165,843.8341540217225,730.6591207200919,113.1750333016306,103421.78932953122,101310.196,99198.60267046877,104139.692,101533.154,99426.5,97319.846,94320.542
2024-12-15 20:00:00,103252.96,105250.0,102621.5,104463.99,7259.953965,86.4346126758428,0.6984901373981277,982.9703443111648,781.1213654383065,201.8489788728583,103978.89368277641,101443.5385,98908.18331722358,104139.692,101533.154,99426.5,97319.846,94320.542
2024-12-16 00:00:00,104463.99,106648.0,104259.48,104582.28,8803.848246,86.93975063638045,0.7010678900164787,1090.2144780785457,842.9399879663544,247.2744901121913,104422.11092538583,101698.5865,98975.06207461418,104139.692,101533.154,99426.5,97319.846,94320.542
2024-12-16 04:00:00,104582.28,105420.76,104469.89,104992.79,3083.27266,88.65081032982455,0.7096647298278133,1194.5607996560866,913.2641503043009,281.29664935178573,104920.53159373747,101948.0115,98975.49140626252,104139.692,101533.154,99426.5,97319.846,94320.542
2024-12-16 08:00:00,104992.79,105016.85,103625.78,103757.99,3972.26006,60.72962018319738,0.5422210262466829,1164.1978231182002,963.4508848670808,200.74693825111933,105033.57699526538,102149.4565,99265.33600473462,104139.692,101533.154,99426.5,97319.846,94320.542
2024-12-16 12:00:00,103758.0,106499.99,103333.0,106332.01,9289.30941,77.76274832571735,0.6513428336656618,1332.4768834019778,1037.2560845740602,295.22079882791763,105736.38217148313,102459.557,99182.73182851687,104139.692,101533.154,99426.5,97319.846,94320.542
2024-12-16 16:00:00,106332.0,107793.07,105797.41,106583.12,11995.104264,78.80887024824669,0.6573249276721126,1469.166097203779,1123.638087100004,345.52801010377493,106373.11346991407,102771.04449999999,99168.97553008591,104139.692,101533.154,99426.5,97319.846,94320.542
2024-12-16 20:00:00,106583.13,106648.48,105480.02,106058.66,4158.6081,70.70409607346582,0.6088179431837971,1517.6788875361963,1202.4462471872425,315.23264034895374,106696.90235044365,103080.31950000001,99463.73664955638,104139.692,101533.154,99426.5,97319.846,94320.542
2024-12-17 00:00:00,106058.65,107000.0,105657.34,106866.49,3882.88127,75.27370700037076,0.6367790116653169,1602.8342772549076,1282.5238532007756,320.310424054132,107254.24795701439,103350.527,99446.80604298561,104139.692,101533.154,99426.5,97319.846,94320.542
2024-12-17 04:00:00,106866.5,107143.29,106368.45,106805.75,2937.82223,74.25765680800065,0.6306993401351539,1646.4401891171,1355.3071203840407,291.1330687330594,107702.05283794444,103619.602,99537.15116205555,104139.692,101533.154,99426.5,97319.846,94320.542
2024-12-17 08:00:00,106805.75,107550.02,106708.86,106808.31,3622.94784,74.27473114102713,0.6308021538277041,1662.045730443686,1416.6548423959698,245.3908880477161,108107.51269869266,103855.6175,99603.72230130732,104139.692,101533.154,99426.5,97319.846,94320.542
2024-12-17 12:00:00,106808.31,108353.0,105725.99,106478.47,8939.180456,67.54075280351823,0.588525695894641,1629.0195792842424,1459.1277897736245,169.89178951061785,108381.34857608577,104088.341,99795.33342391423,104139.692,101533.154,99426.5,97319.846,94320.542
2024-12-17 16:00:00,106478.48,107633.0,106148.0,106475.89,5875.35581,67.48491857386213,0.588160622504092,1584.374251973757,1484.1770822136511,100.19716976010591,108582.37370262339,104332.936,100083.49829737662,104139.692,101533.154,99426.5,97319.846,94320.542
2024-12-17 20:00:00,106475.89,106903.99,105321.49,106133.74,3806.74886,59.83223922944412,0.5358547432947437,1504.0461550555774,1488.1508967820364,15.895258273541003,108679.38932044443,104558.367,100437.34467955556,104139.692,101533.154,99426.5,97319.846,94320.542
2024-12-18 00:00:00,106133.74,106524.98,104581.58,104763.98,5784.93924,39.11521933954416,0.3723530988347784,1314.7023052757577,1453.4611784807807,-138.75887320502306,108558.39378628091,104730.889,100903.38421371908,104139.692,101533.154,99426.5,97319.846,94320.542
2024-12-18 04:00:00,104763.99,104763.99,103137.82,104250.75,7256.63713,33.97310620631326,0.32723727702291655,1110.4321972684702,1384.8553822383187,-274.42318496984853,108380.44457693958,104872.42650000002,101364.40842306045,104139.692,101533.154,99426.5,97319.846,94320.542
2024-12-18 08:00:00,104250.75,105033.33,103729.18,105028.33,2927.64166,46.42273109420948,0.43352331325564725,999.7661901713873,1307.8375438249325,-308.0713536535452,108218.8487259659,105037.152,101855.4552740341,104139.692,101533.154,99426.5,97319.846,94320.542
2024-12-18 12:00:00,105028.33,105350.0,103650.0,104428.54,7242.86665,39.68832768749587,0.37727901997498514,853.822210933824,1217.0344772467108,-363.21226631288687,107969.2891287741,105171.97449999998,102374.65987122587,104139.692,101533.154,99426.5,97319.846,94320.542
2024-12-18 16:00:00,104428.54,104999.98,102817.82,102817.82,9166.33778,27.286535310771256,0.2662890323476708,601.2579854806536,1093.8791788934993,-492.62119341284574,107949.69733328912,105179.2935,102408.88966671088,104139.692,101533.154,99426.5,97319.846,94320.542
2024-12-18 20:00:00,102817.82,102997.77,100000.0,100204.01,17929.57509,17.144175494491776,0.16978158295422346,188.01902838223032,912.7071487912456,-724.6881204090153,108449.98179229812,105054.2935,101658.60520770188,104139.692,101533.154,99426.5,97319.846,94320.542
2024-12-19 00:00:00,100204.01,101310.25,98802.0,101193.15,11011.14924,28.82442551720463,0.28051802599734865,-58.980599297530716,718.3695991734903,-777.350198471021,108685.13945806441,104951.3035,101217.46754193558,104139.692,101533.154,99426.5,97319.846,94320.542
2024-12-19 04:00:00,101193.15,101727.28,100629.99,101656.57,3199.07619,33.91640401440213,0.3267308803045111,-214.8587053224328,531.7239382743057,-746.5826435967385,108822.65180865086,104810.9325,100799.21319134913,104139.692,101533.154,99426.5,97319.846,94320.542
2024-12-19 08:00:00,101656.57,102609.72,101380.1,102449.99,4074.86626,42.17899702056746,0.39843731342148697,-271.24413077987265,371.13032446347006,-642.3744552433427,108852.63206704498,104704.318,100556.00393295502,104139.692,101533.154,99426.5,97319.846,94320.542
2024-12-19 12:00:00,102450.0,102800.11,99500.0,100679.86,10496.80787,31.822627509792753,0.30790223020085145,-453.5365965282399,206.1969402651281,-659.733536793368,109005.85269917233,104488.6715,99971.49030082766,104139.692,101533.154,99426.5,97319.846,94320.542
2024-12-19 16:00:00,100679.86,101200.0,96251.32,97199.72,15856.49892,20.35758130362258,0.20080939192560662,-868.807826427641,-8.804013073425724,-860.0038133542153,109730.74848812392,104160.758,98590.76751187608,104139.692,101533.154,99426.5,97319.846,94320.542
2024-12-19 20:00:00,97199.72,98500.0,95700.0,97461.86,10508.99952,22.801746843706184,0.22414626499282314,-1163.3503817456512,-239.71328680787084,-923.6370949377804,109934.2847023099,103717.2505,97500.21629769009,104139.692,101533.154,99426.5,97319.846,94320.542
2024-12-20 00:00:00,97461.86,97814.09,96000.0,97106.02,8712.02871,21.744900473218706,0.21408531864866537,-1409.2458836985606,-473.6198061860089,-935.6260775125518,109964.90977656604,103243.39550000001,96521.88122343399,104139.692,101533.154,99426.5,97319.846,94320.542
2024-12-20 04:00:00,97106.02,98233.0,96374.03,97832.53,6871.39877,29.525440337508442,0.28696376214306696,-1527.884058918673,-684.4726567325417,-843.4114021861312,109829.34218773726,102832.089,95834.83581226275,104139.692,101533.154,99426.5,97319.846,94320.542
2024-12-20 08:00:00,97832.52,97864.91,92612.1,92723.98,19009.19125,16.26170236709244,0.1611985946033853,-2010.942070171819,-949.7665394203973,-1061.1755307514218,110183.49045818794,102124.9635,94066.43654181206,104139.692,101533.154,99426.5,97319.846,94320.542
2024-12-20 12:00:00,92723.99,97572.0,92232.54,96991.62,16343.30766,41.76067984296876,0.3949123751902856,-2026.0510867357225,-1165.0234488834624,-861.0276378522601,109687.89188177937,101634.257,93580.62211822062,104139.692,101533.154,99426.5,97319.846,94320.542
2024-12-20 16:00:00,96991.63,97748.0,96300.0,97116.0,7186.02296,42.35751023982139,0.39993798282055015,-2004.8776827702677,-1332.9942956608236,-671.8833871094441,109057.48828334721,101149.6415,93241.79471665279,104139.692,101533.154,99426.5,97319.846,94320.542
2024-12-20 20:00:00,97116.0,97816.44,95393.84,97805.44,4762.18635,45.940142619090935,0.42959623167840344,-1910.4431619110692,-1448.4840689108728,-461.9590930001964,108339.53927118522,100715.98999999999,93092.44072881476,104139.692,101533.154,99426.5,97319.846,94320.542
2024-12-21 00:00:00,97805.44,97813.59,97188.09,97487.46,2878.66863,44.453470139419295,0.41739618528890543,-1840.0504955751094,-1526.7973542437203,-313.2531413313891,107510.73502190327,100266.56850000001,93022.40197809675,104139.692,101533.154,99426.5,97319.846,94320.542
2024-12-21 04:00:00,97487.47,99540.61,97378.5,99040.0,5467.95008,53.09905434896887,0.48613790308041904,-1640.080965020432,-1549.4540763990626,-90.62688862136929,106621.41858265064,99911.8815,93202.34441734936,104139.692,101533.154,99426.5,97319.846,94320.542
2024-12-21 08:00:00,99040.0,99187.95,97800.0,98262.08,3434.11954,48.67068533929369,0.4515987976081975,-1526.7755953263695,-1544.918380184524,18.142784858154528,105926.30694187731,99586.7865,93247.2660581227,104139.692,101533.154,99426.5,97319.846,94320.542
2024-12-21 12:00:00,98262.08,98283.95,96398.39,97527.97,5930.1048,44.577635460861444,0.41842098656589616,-1479.1659114312788,-1531.767886433875,52.60197500259619,105252.86811734483,99250.64749999999,93248.42688265516,104139.692,101533.154,99426.5,97319.846,94320.542
2024-12-21 16:00:00,97527.96,97723.18,96819.36,97269.03,2933.73741,43.08653820593476,0.4060442673789541,-1445.6644677934673,-1514.5472027057936,68.88273491232621,104265.6340253985,98862.6825,93459.7309746015,104139.692,101533.154,99426.5,97319.846,94320.542
2024-12-21 20:00:00,97269.03,98057.51,96539.91,97291.99,2838.96097,43.282794366210794,0.40768195047823863,-1401.1105222904152,-1491.8598666227178,90.7493443323026,103265.40479199337,98505.855,93746.30520800663,104139.692,101533.154,99426.5,97319.846,94320.542
2024-12-22 00:00:00,97292.0,97448.08,96549.37,96994.37,1848.52784,41.13751729420626,0.389639700224541,-1373.9782798331435,-1468.283549264803,94.30526943165955,102557.83582462197,98214.68250000001,93871.52917537805,104139.692,101533.154,99426.5,97319.846,94320.542
2024-12-22 04:00:00,96994.37,97071.97,95890.28,96210.24,2981.41637,35.698821952034265,0.3425584227225983,-1399.6146336933016,-1454.5497661505028,54.935132457201235,102340.24457864887,98014.994,93689.74342135114,104139.692,101533.154,99426.5,97319.846,94320.542
2024-12-22 08:00:00,96210.25,97351.57,96196.85,97101.28,2184.9888,45.28825893541341,0.4242656125110808,-1332.6699578436528,-1430.1738044891329,97.50384664548005,101882.35961485787,97810.4005,93738.44138514214,104139.692,101533.154,99426.5,97319.846,94320.542
2024-12-22 12:00:00,97101.29,97300.0,95109.13,95377.72,4444.90674,33.88443656317254,0.3264453022090102,-1402.525269268066,-1424.6440974449197,22.11882817685364,101277.65132690588,97496.45800000001,93715.26467309415,104139.692,101533.154,99426.5,97319.846,94320.542
