timestamp,open,high,low,close,volume,close_time,RSI,Inverse_Fisher_RSI,MACD,MACD_signal,MACD_hist,upper_band,middle_band,lower_band,Fibonacci_236,Fibonacci_382,Fibonacci_50,Fibonacci_618,Fibonacci_786
2024-11-23 11:00:00+03:00,1.5444,1.5777,1.5077,1.5443,119948599.0,2024-11-23 14:59:59.999000+03:00,,,0.0,0.0,0.0,,,,2.5241188,2.2858906,2.09335,1.9008094,1.6266838
2024-11-23 15:00:00+03:00,1.5444,1.5954,1.5227,1.5557,149012308.0,2024-11-23 18:59:59.999000+03:00,,,0.0009094017094017914,0.0001818803418803583,0.0007275213675214332,,,,2.5241188,2.2858906,2.09335,1.9008094,1.6266838
2024-11-23 19:00:00+03:00,1.5557,1.5764,1.4033,1.4752,277886460.0,2024-11-23 22:59:59.999000+03:00,,,-0.004810120047726851,-0.0008165197360410836,-0.003993600311685767,,,,2.5241188,2.2858906,2.09335,1.9008094,1.6266838
2024-11-23 23:00:00+03:00,1.4751,1.4966,1.4206,1.4685,104425509.0,2024-11-24 02:59:59.999000+03:00,,,-0.009770883589092838,-0.002607392506651435,-0.007163491082441404,,,,2.5241188,2.2858906,2.09335,1.9008094,1.6266838
2024-11-24 03:00:00+03:00,1.4686,1.513,1.4403,1.4724,115297604.0,2024-11-24 06:59:59.999000+03:00,,,-0.013235061479461185,-0.004732926301213385,-0.0085021351782478,,,,2.5241188,2.2858906,2.09335,1.9008094,1.6266838
2024-11-24 07:00:00+03:00,1.4725,1.4828,1.4362,1.4649,71788729.0,2024-11-24 10:59:59.999000+03:00,,,-0.016396624653060687,-0.007065665971582846,-0.009330958681477841,,,,2.5241188,2.2858906,2.09335,1.9008094,1.6266838
2024-11-24 11:00:00+03:00,1.4649,1.4685,1.3784,1.3833,142122749.0,2024-11-24 14:59:59.999000+03:00,,,-0.025196178425504145,-0.010691768462367107,-0.014504409963137038,,,,2.5241188,2.2858906,2.09335,1.9008094,1.6266838
2024-11-24 15:00:00+03:00,1.3833,1.4033,1.2775,1.3077,327295128.0,2024-11-24 18:59:59.999000+03:00,,,-0.03783404900590259,-0.016120224571074204,-0.021713824434828388,,,,2.5241188,2.2858906,2.09335,1.9008094,1.6266838
2024-11-24 19:00:00+03:00,1.3078,1.4062,1.2984,1.3791,167776363.0,2024-11-24 22:59:59.999000+03:00,,,-0.041608630810990865,-0.021217905819057536,-0.02039072499193333,,,,2.5241188,2.2858906,2.09335,1.9008094,1.6266838
2024-11-24 23:00:00+03:00,1.3791,1.4607,1.3728,1.4331,136347497.0,2024-11-25 02:59:59.999000+03:00,,,-0.039784059509439196,-0.02493113655713387,-0.014852922952305326,,,,2.5241188,2.2858906,2.09335,1.9008094,1.6266838
2024-11-25 03:00:00+03:00,1.4334,1.4342,1.355,1.4027,98618862.0,2024-11-25 06:59:59.999000+03:00,,,-0.040326243708970644,-0.028010157987501224,-0.01231608572146942,,,,2.5241188,2.2858906,2.09335,1.9008094,1.6266838
2024-11-25 07:00:00+03:00,1.4027,1.5064,1.4015,1.4793,144893660.0,2024-11-25 10:59:59.999000+03:00,,,-0.034180932256079766,-0.029244312841216934,-0.004936619414862831,,,,2.5241188,2.2858906,2.09335,1.9008094,1.6266838
2024-11-25 11:00:00+03:00,1.4792,1.5393,1.4652,1.479,138374272.0,2024-11-25 14:59:59.999000+03:00,,,-0.029000634881238163,-0.029195577249221182,0.0001949423679830191,,,,2.5241188,2.2858906,2.09335,1.9008094,1.6266838
2024-11-25 15:00:00+03:00,1.479,1.4868,1.3732,1.423,185652693.0,2024-11-25 18:59:59.999000+03:00,,,-0.029078742238485056,-0.02917221024707396,9.346800858890322e-05,,,,2.5241188,2.2858906,2.09335,1.9008094,1.6266838
2024-11-25 19:00:00+03:00,1.423,1.5243,1.4113,1.475,222756827.0,2024-11-25 22:59:59.999000+03:00,44.30004935022209,0.4161284556200051,-0.024660407635319626,-0.028269849724723094,0.003609442089403468,,,,2.5241188,2.2858906,2.09335,1.9008094,1.6266838
2024-11-25 23:00:00+03:00,1.4751,1.4807,1.382,1.4142,122089040.0,2024-11-26 02:59:59.999000+03:00,39.99246050331852,0.37988444954941863,-0.02576786163414657,-0.027769452106607792,0.0020015904724612205,,,,2.5241188,2.2858906,2.09335,1.9008094,1.6266838
2024-11-26 03:00:00+03:00,1.4142,1.4588,1.399,1.4468,85349670.0,2024-11-26 06:59:59.999000+03:00,43.18260292219922,0.40684621771377694,-0.023741304378137373,-0.02696382256091371,0.0032225181827763363,,,,2.5241188,2.2858906,2.09335,1.9008094,1.6266838
2024-11-26 07:00:00+03:00,1.4468,1.4574,1.4042,1.425,75110403.0,2024-11-26 10:59:59.999000+03:00,41.59032051606458,0.3934735005054353,-0.023622021008009142,-0.026295462250332798,0.0026734412423236563,,,,2.5241188,2.2858906,2.09335,1.9008094,1.6266838
2024-11-26 11:00:00+03:00,1.425,1.4264,1.2833,1.3326,258808802.0,2024-11-26 14:59:59.999000+03:00,35.5986848845364,0.3416742561658793,-0.030630308726478095,-0.02716243154556186,-0.0034678771809162345,,,,2.5241188,2.2858906,2.09335,1.9008094,1.6266838
2024-11-26 15:00:00+03:00,1.3325,1.385,1.313,1.3455,161656639.0,2024-11-26 18:59:59.999000+03:00,36.964034767091455,0.35367708818647925,-0.03474300926115936,-0.028678547088681363,-0.006064462172478,1.564657524715733,1.435365,1.306072475284267,2.5241188,2.2858906,2.09335,1.9008094,1.6266838
2024-11-26 19:00:00+03:00,1.3455,1.3957,1.3327,1.3793,110475554.0,2024-11-26 22:59:59.999000+03:00,40.52212021424089,0.38440753992000765,-0.034872982509001726,-0.029917434172745436,-0.004955548336256291,1.5479183160053762,1.4271150000000001,1.306311683994624,2.5241188,2.2858906,2.09335,1.9008094,1.6266838
2024-11-26 23:00:00+03:00,1.3792,1.4282,1.3741,1.3984,86016140.0,2024-11-27 02:59:59.999000+03:00,42.4973480213329,0.40111203218933905,-0.0330537537714537,-0.03054469809248709,-0.0025090556789666082,1.5242533884165048,1.41925,1.314246611583495,2.5241188,2.2858906,2.09335,1.9008094,1.6266838
2024-11-27 03:00:00+03:00,1.3984,1.4199,1.3562,1.3656,81873006.0,2024-11-27 06:59:59.999000+03:00,40.03832405111699,0.38027682994351214,-0.033868275372845424,-0.03120941354855876,-0.002658861824286665,1.5179150830130232,1.41377,1.3096249169869767,2.5241188,2.2858906,2.09335,1.9008094,1.6266838
2024-11-27 07:00:00+03:00,1.3655,1.4176,1.3524,1.4107,61841245.0,2024-11-27 10:59:59.999000+03:00,44.7704853658581,0.42001056683908194,-0.030522749272820837,-0.031072080693411178,0.0005493314205903405,1.5117879330249533,1.4108800000000001,1.309972066975047,2.5241188,2.2858906,2.09335,1.9008094,1.6266838
2024-11-27 11:00:00+03:00,1.4109,1.4667,1.4051,1.4322,147160606.0,2024-11-27 14:59:59.999000+03:00,46.92106048327031,0.4375612776790918,-0.025838673276814772,-0.0300253992100919,0.004186725933277128,1.506154695610358,1.4088699999999998,1.3115853043896417,2.5241188,2.2858906,2.09335,1.9008094,1.6266838
2024-11-27 15:00:00+03:00,1.4321,1.5067,1.4104,1.4955,118807349.0,2024-11-27 18:59:59.999000+03:00,52.75413026165785,0.48349940772947086,-0.01682478270129084,-0.027385275908331688,0.010560493207040847,1.5122503132827263,1.4103999999999999,1.3085496867172735,2.5241188,2.2858906,2.09335,1.9008094,1.6266838
2024-11-27 19:00:00+03:00,1.4955,1.5061,1.4637,1.4843,91265085.0,2024-11-27 22:59:59.999000+03:00,51.672122852907684,0.47516548683332194,-0.010464329598515176,-0.024001086646368387,0.013536757047853211,1.521568910463191,1.41545,1.309331089536809,2.5241188,2.2858906,2.09335,1.9008094,1.6266838
2024-11-27 23:00:00+03:00,1.4843,1.5217,1.4647,1.4696,93940345.0,2024-11-28 02:59:59.999000+03:00,50.216319740664275,0.4638166973591256,-0.006534466573850262,-0.020507762631864764,0.013973296058014503,1.5192445182301024,1.423545,1.3278454817698977,2.5241188,2.2858906,2.09335,1.9008094,1.6266838
2024-11-28 03:00:00+03:00,1.4696,1.4844,1.44,1.4644,77845474.0,2024-11-28 06:59:59.999000+03:00,49.68307631393175,0.4596210708074358,-0.0037958620209208593,-0.017165382509675985,0.013369520488755126,1.5227696678928258,1.4278099999999998,1.3328503321071739,2.5241188,2.2858906,2.09335,1.9008094,1.6266838
2024-11-28 07:00:00+03:00,1.4645,1.4923,1.4572,1.464,57346334.0,2024-11-28 10:59:59.999000+03:00,49.639409795168476,0.45927658269118454,-0.00163888281824498,-0.014060082571389784,0.012421199753144804,1.525672839523768,1.429355,1.3330371604762319,2.5241188,2.2858906,2.09335,1.9008094,1.6266838
2024-11-28 11:00:00+03:00,1.464,1.4729,1.4363,1.4649,65738881.0,2024-11-28 14:59:59.999000+03:00,49.74643207392092,0.4601206428553767,0.0001415297515807712,-0.011219760106795673,0.011361289858376445,1.529174946693573,1.432465,1.3357550533064273,2.5241188,2.2858906,2.09335,1.9008094,1.6266838
2024-11-28 15:00:00+03:00,1.4649,1.4776,1.4292,1.4343,71745996.0,2024-11-28 18:59:59.999000+03:00,46.15501471976547,0.43134678134843607,-0.0009061986310523462,-0.009157047811647008,0.008250849180594662,1.5243978741835462,1.430215,1.3360321258164538,2.5241188,2.2858906,2.09335,1.9008094,1.6266838
2024-11-28 19:00:00+03:00,1.4343,1.4829,1.434,1.4778,56250848.0,2024-11-28 22:59:59.999000+03:00,51.513891621412085,0.47393951179834853,0.0017533440735064687,-0.006974969434616313,0.008728313508122781,1.5242084556851356,1.4301549999999998,1.336101544314864,2.5241188,2.2858906,2.09335,1.9008094,1.6266838
2024-11-28 23:00:00+03:00,1.4778,1.5465,1.465,1.5421,111614245.0,2024-11-29 02:59:59.999000+03:00,58.144949096851214,0.5237181516634168,0.008946394977949801,-0.0037906965521030903,0.012737091530052891,1.5425252719550309,1.43611,1.3296947280449691,2.5241188,2.2858906,2.09335,1.9008094,1.6266838
2024-11-29 03:00:00+03:00,1.542,1.58,1.5233,1.5519,130614647.0,2024-11-29 06:59:59.999000+03:00,59.0638573824076,0.530354721203375,0.01526178933353406,1.9800625024339695e-05,0.01524198870850972,1.5572842349264284,1.4399549999999999,1.3226257650735713,2.5241188,2.2858906,2.09335,1.9008094,1.6266838
2024-11-29 07:00:00+03:00,1.552,1.6462,1.5393,1.5892,180296960.59,2024-11-29 10:59:59.999000+03:00,62.44354331421075,0.554208683050438,0.023011322924564093,0.00461810508493229,0.0183932178396318,1.582844526338495,1.448705,1.314565473661505,2.5241188,2.2858906,2.09335,1.9008094,1.6266838
2024-11-29 11:00:00+03:00,1.5893,1.6833,1.5891,1.6529,173093889.09,2024-11-29 14:59:59.999000+03:00,67.39436587908378,0.5875680316864504,0.03390213900956418,0.01047491186985867,0.023427227139705513,1.6212553100449407,1.45901,1.2967646899550591,2.5241188,2.2858906,2.09335,1.9008094,1.6266838
2024-11-29 15:00:00+03:00,1.6529,1.7745,1.643,1.7099,254784677.8,2024-11-29 18:59:59.999000+03:00,71.06946698980713,0.6111122573283347,0.04659548905895683,0.017699027307678302,0.028896461751278527,1.6694115054531176,1.473255,1.2770984945468824,2.5241188,2.2858906,2.09335,1.9008094,1.6266838
2024-11-29 19:00:00+03:00,1.7098,1.7362,1.6739,1.7257,161072076.0,2024-11-29 22:59:59.999000+03:00,72.01120008557626,0.616978673979848,0.057269817569917114,0.025613185360126065,0.03165663220979105,1.7076243992916122,1.49291,1.2781956007083877,2.5241188,2.2858906,2.09335,1.9008094,1.6266838
2024-11-29 23:00:00+03:00,1.7257,1.8149,1.7175,1.8006,156011912.29,2024-11-30 02:59:59.999000+03:00,75.99960467751738,0.6410746326496541,0.07095517674437435,0.034681583636975724,0.036273593107398625,1.7591370022810362,1.515665,1.2721929977189639,2.5241188,2.2858906,2.09335,1.9008094,1.6266838
2024-11-30 03:00:00+03:00,1.8005,1.8672,1.7635,1.8187,245065491.62,2024-11-30 06:59:59.999000+03:00,76.85782833403476,0.6461019868858463,0.08231259288681936,0.04420778548694445,0.03810480739987491,1.807197845128338,1.537635,1.2680721548716622,2.5241188,2.2858906,2.09335,1.9008094,1.6266838
2024-11-30 07:00:00+03:00,1.8188,1.95,1.8045,1.9135,274578941.74,2024-11-30 10:59:59.999000+03:00,80.74206920548981,0.668164928769956,0.0978352113131018,0.054933270652175924,0.042901940660925876,1.8724722809884977,1.56339,1.2543077190115024,2.5241188,2.2858906,2.09335,1.9008094,1.6266838
2024-11-30 11:00:00+03:00,1.9136,1.933,1.847,1.8965,197787750.0,2024-11-30 14:59:59.999000+03:00,78.20709545149681,0.6538937736304617,0.10752575040704837,0.06545176660315041,0.04207398380389796,1.9180957326007375,1.589935,1.2617742673992627,2.5241188,2.2858906,2.09335,1.9008094,1.6266838
2024-11-30 15:00:00+03:00,1.8964,1.9,1.8185,1.8776,146165895.0,2024-11-30 18:59:59.999000+03:00,75.37380185565101,0.6373737088336164,0.11238499613128528,0.07483841250877739,0.03754658362250789,1.9539453403345624,1.61328,1.2726146596654377,2.5241188,2.2858906,2.09335,1.9008094,1.6266838
2024-11-30 19:00:00+03:00,1.8776,1.9099,1.8569,1.8996,111227732.0,2024-11-30 22:59:59.999000+03:00,76.44359543627395,0.6436824020756554,0.11666634254051611,0.08320399851512514,0.03346234402539097,1.9889409055102942,1.63665,1.2843590944897056,2.5241188,2.2858906,2.09335,1.9008094,1.6266838
2024-11-30 23:00:00+03:00,1.8996,1.9575,1.8792,1.9513,143730724.61,2024-12-01 02:59:59.999000+03:00,78.77686395619331,0.657143118033534,0.12281535932791332,0.09112627067768278,0.03168908865023054,2.0316908514712257,1.65944,1.2871891485287743,2.5241188,2.2858906,2.09335,1.9008094,1.6266838
2024-12-01 03:00:00+03:00,1.9514,1.9568,1.8475,1.8912,153770991.0,2024-12-01 06:59:59.999000+03:00,70.08613081796028,0.604914198944618,0.12143905784421682,0.0971888281109896,0.024250229733227227,2.0561865508385746,1.679785,1.3033834491614256,2.5241188,2.2858906,2.09335,1.9008094,1.6266838
2024-12-01 07:00:00+03:00,1.8912,1.9019,1.8549,1.8723,66733788.0,2024-12-01 10:59:59.999000+03:00,67.56188581391405,0.5886638119965838,0.11746914576617296,0.10124489164202627,0.016224254124146686,2.072039684199077,1.6999199999999999,1.3278003158009226,2.5241188,2.2858906,2.09335,1.9008094,1.6266838
2024-12-01 11:00:00+03:00,1.8723,1.95,1.8688,1.9122,125656209.0,2024-12-01 14:59:59.999000+03:00,70.01699260286847,0.6044756248181767,0.11620304204957255,0.10423652172353554,0.011966520326037011,2.088604077426724,1.7223100000000002,1.3560159225732766,2.5241188,2.2858906,2.09335,1.9008094,1.6266838
2024-12-01 15:00:00+03:00,1.9122,1.9214,1.8917,1.9015,79301539.0,2024-12-01 18:59:59.999000+03:00,68.51929801874229,0.5948850082334707,0.11303326800323799,0.10599587097947603,0.0070373970237619515,2.0975533348932998,1.7441850000000003,1.3908166651067009,2.5241188,2.2858906,2.09335,1.9008094,1.6266838
2024-12-01 19:00:00+03:00,1.9013,2.146,1.881,2.1247,299596134.61,2024-12-01 22:59:59.999000+03:00,78.73678086722215,0.6569153207935028,0.12706682659367985,0.1102100621023168,0.016856764491363044,2.143710230589309,1.7771750000000002,1.4106397694106914,2.5241188,2.2858906,2.09335,1.9008094,1.6266838
2024-12-01 23:00:00+03:00,2.1247,2.35,2.061,2.2937,446452324.82,2024-12-02 02:59:59.999000+03:00,83.18651811694087,0.6814762489483749,0.15009520638284446,0.11818709095842234,0.03190811542442212,2.2176264790786187,1.8201450000000001,1.4226635209213818,2.5241188,2.2858906,2.09335,1.9008094,1.6266838
2024-12-02 03:00:00+03:00,2.2937,2.4977,2.281,2.3954,561663449.59,2024-12-02 06:59:59.999000+03:00,85.19444940398944,0.692083953696932,0.17453971811073288,0.12945761638888445,0.04508210172184843,2.306617538221929,1.866025,1.4254324617780711,2.5241188,2.2858906,2.09335,1.9008094,1.6266838
2024-12-02 07:00:00+03:00,2.3953,2.485,2.3189,2.4399,261539706.0,2024-12-02 10:59:59.999000+03:00,85.98324144605574,0.6961713183094304,0.1952522020216345,0.14261653351543446,0.05263566850620005,2.3934917123092014,1.910915,1.4283382876907986,2.5241188,2.2858906,2.09335,1.9008094,1.6266838
2024-12-02 11:00:00+03:00,2.4398,2.4554,2.2011,2.3146,385105881.0,2024-12-02 14:59:59.999000+03:00,74.02441211207774,0.6292926309731903,0.1992593936666811,0.1539451055456838,0.045314288120997304,2.4327126902033447,1.9490500000000002,1.4653873097966554,2.5241188,2.2858906,2.09335,1.9008094,1.6266838
2024-12-02 15:00:00+03:00,2.3142,2.7518,2.298,2.7001,575343238.05,2024-12-02 18:59:59.999000+03:00,82.2185080822439,0.6762574184652095,0.23088030571147078,0.16933214557884121,0.061548160132629565,2.563549800827778,2.004595,1.4456401991722223,2.5241188,2.2858906,2.09335,1.9008094,1.6266838
2024-12-02 19:00:00+03:00,2.7001,2.8723,2.5806,2.7471,539677671.85,2024-12-02 22:59:59.999000+03:00,82.92569912254196,0.6800768440213799,0.25677269770426614,0.1868202560039262,0.06995244170033993,2.683687701385515,2.0593049999999997,1.4349222986144845,2.5241188,2.2858906,2.09335,1.9008094,1.6266838
2024-12-02 23:00:00+03:00,2.7472,2.7998,2.6349,2.7245,220386752.0,2024-12-03 02:59:59.999000+03:00,81.2523002111036,0.6709797206456075,0.27232972621481233,0.20392215004610345,0.06840757616870888,2.778219535730567,2.110035,1.4418504642694328,2.5241188,2.2858906,2.09335,1.9008094,1.6266838
2024-12-03 03:00:00+03:00,2.7244,2.7749,2.6449,2.7724,194875914.0,2024-12-03 06:59:59.999000+03:00,82.07779355131794,0.6754930677666178,0.2852358912733335,0.22018489829154947,0.06505099298178402,2.8667876664750147,2.16237,1.4579523335249855,2.5241188,2.2858906,2.09335,1.9008094,1.6266838
2024-12-03 07:00:00+03:00,2.7724,2.7838,2.5102,2.6294,266244219.0,2024-12-03 10:59:59.999000+03:00,71.89946532611435,0.6162861818179094,0.28068960017931666,0.2322858386691029,0.04840376151021375,2.916087917078646,2.20381,1.4915320829213536,2.5241188,2.2858906,2.09335,1.9008094,1.6266838
2024-12-03 11:00:00+03:00,2.6294,2.8696,2.5641,2.8499,223410877.0,2024-12-03 14:59:59.999000+03:00,76.6979320063881,0.6451695447702817,0.29151869290988053,0.24413240951725845,0.047386283392622075,2.9988777746381463,2.25537,1.5118622253618539,2.5241188,2.2858906,2.09335,1.9008094,1.6266838
2024-12-03 15:00:00+03:00,2.8498,2.9092,2.25,2.5247,803876991.21,2024-12-03 18:59:59.999000+03:00,60.33432665534273,0.5394242884720384,0.2707389941328593,0.24945372644037864,0.021285267692480653,3.020462200863422,2.28593,1.5513977991365777,2.5241188,2.2858906,2.09335,1.9008094,1.6266838
2024-12-03 19:00:00+03:00,2.5249,2.6075,2.4825,2.5697,273340553.0,2024-12-03 22:59:59.999000+03:00,61.55658759590809,0.5480331918759607,0.25496300228040303,0.25055558160838354,0.004407420672019491,3.040556187688073,2.3195900000000003,1.5986238123119274,2.5241188,2.2858906,2.09335,1.9008094,1.6266838
2024-12-03 23:00:00+03:00,2.5695,2.6889,2.5089,2.5102,193856683.0,2024-12-04 02:59:59.999000+03:00,58.96918868901185,0.5296739731202558,0.2349508946777048,0.2474346442222478,-0.01248374954454301,3.0455551279423623,2.35122,1.656884872057638,2.5241188,2.2858906,2.09335,1.9008094,1.6266838
2024-12-04 03:00:00+03:00,2.5103,2.5805,2.5,2.5445,169792871.0,2024-12-04 06:59:59.999000+03:00,60.01264289169893,0.5371395248954186,0.21933057225761088,0.24181382982932043,-0.022483257571709547,3.04878372306674,2.383465,1.7181462769332603,2.5241188,2.2858906,2.09335,1.9008094,1.6266838
2024-12-04 07:00:00+03:00,2.5445,2.6584,2.5389,2.6218,119432898.0,2024-12-04 10:59:59.999000+03:00,62.337228883447935,0.5534716466215421,0.21075931597682418,0.2356029270588212,-0.024843611081997008,3.0577364788083212,2.41699,1.7762435211916792,2.5241188,2.2858906,2.09335,1.9008094,1.6266838
2024-12-04 11:00:00+03:00,2.6218,2.68,2.6033,2.6096,107906789.0,2024-12-04 14:59:59.999000+03:00,61.7273194464761,0.5492266158865925,0.2006689093069558,0.22861612350844812,-0.02794721420149232,3.048504315833043,2.45291,1.8573156841669571,2.5241188,2.2858906,2.09335,1.9008094,1.6266838
2024-12-04 15:00:00+03:00,2.6097,2.6272,2.48,2.513,185388509.0,2024-12-04 18:59:59.999000+03:00,56.974004555186525,0.5151683406335632,0.18277051195242144,0.2194470011972428,-0.036676489244821364,3.014285763691275,2.484945,1.9556042363087252,2.5241188,2.2858906,2.09335,1.9008094,1.6266838
2024-12-04 19:00:00+03:00,2.513,2.5218,2.32,2.3952,288781341.0,2024-12-04 22:59:59.999000+03:00,51.74148451537665,0.4757023201258261,0.15726754522790154,0.20701111000337458,-0.04974356477547304,2.967768301805841,2.509095,2.0504216981941585,2.5241188,2.2858906,2.09335,1.9008094,1.6266838
2024-12-04 23:00:00+03:00,2.3951,2.4423,2.28,2.3574,256575740.0,2024-12-05 02:59:59.999000+03:00,50.14987970627167,0.4632950660871233,0.1324789810394269,0.19210468421058505,-0.059625703171158145,2.8997452741729286,2.5318899999999998,2.164034725827071,2.5241188,2.2858906,2.09335,1.9008094,1.6266838
2024-12-05 03:00:00+03:00,2.3574,2.3943,2.1743,2.2552,352768715.0,2024-12-05 06:59:59.999000+03:00,46.027416955001144,0.43030764079289846,0.1033953027602581,0.17436280792051967,-0.07096750516026157,2.8795154746251055,2.538415,2.1973145253748947,2.5241188,2.2858906,2.09335,1.9008094,1.6266838
2024-12-05 07:00:00+03:00,2.2551,2.3878,2.2451,2.3752,164747511.0,2024-12-05 10:59:59.999000+03:00,51.10933675665657,0.4707966600840327,0.08900330065822848,0.15729090646806143,-0.06828760580983295,2.873065854182394,2.54249,2.2119141458176057,2.5241188,2.2858906,2.09335,1.9008094,1.6266838
2024-12-05 11:00:00+03:00,2.3752,2.4942,2.3601,2.4094,163363294.0,2024-12-05 14:59:59.999000+03:00,52.482547819736084,0.48141573519340286,0.07944143803517667,0.1417210127814845,-0.062279574746307825,2.872511330202455,2.54319,2.213868669797545,2.5241188,2.2858906,2.09335,1.9008094,1.6266838
2024-12-05 15:00:00+03:00,2.4095,2.4166,2.3069,2.375,139856675.0,2024-12-05 18:59:59.999000+03:00,50.93292154000466,0.4694223913718378,0.06830047514776938,0.12703690525474148,-0.058736430106972104,2.87478447748766,2.5399450000000003,2.2051055225123406,2.5241188,2.2858906,2.09335,1.9008094,1.6266838
2024-12-05 19:00:00+03:00,2.375,2.44,2.3266,2.3373,118135965.0,2024-12-05 22:59:59.999000+03:00,49.21777347836502,0.4559431626639174,0.05578604012033894,0.11278673222786098,-0.05700069210752204,2.872843032742853,2.54108,2.209316967257147,2.5241188,2.2858906,2.09335,1.9008094,1.6266838
2024-12-05 23:00:00+03:00,2.3373,2.3501,2.21,2.2446,156345933.0,2024-12-06 02:59:59.999000+03:00,45.18826764973728,0.4234453375676349,0.03795067318864431,0.09781952042001765,-0.05986884723137334,2.8662480956197753,2.518305,2.1703619043802242,2.5241188,2.2858906,2.09335,1.9008094,1.6266838
2024-12-06 03:00:00+03:00,2.2445,2.3393,2.2252,2.3093,102383505.0,2024-12-06 06:59:59.999000+03:00,48.36570713964394,0.44916765182162227,0.028705862365366652,0.08399678880908745,-0.0552909264437208,2.838793179795382,2.496415,2.1540368202046176,2.5241188,2.2858906,2.09335,1.9008094,1.6266838
2024-12-06 07:00:00+03:00,2.3093,2.4,2.3051,2.3196,93171799.0,2024-12-06 10:59:59.999000+03:00,48.873825265737096,0.45321442594898503,0.02195729704951832,0.07158889045717363,-0.049631593407655314,2.809526759106673,2.47617,2.1428132408933274,2.5241188,2.2858906,2.09335,1.9008094,1.6266838
2024-12-06 11:00:00+03:00,2.3196,2.3369,2.2422,2.2739,105266333.0,2024-12-06 14:59:59.999000+03:00,46.67894349887817,0.43560159242168245,0.012774149898360676,0.05982594234541105,-0.04705179244705037,2.765331072514156,2.451245,2.137158927485844,2.5241188,2.2858906,2.09335,1.9008094,1.6266838
2024-12-06 15:00:00+03:00,2.274,2.3752,2.2577,2.3292,128526799.0,2024-12-06 18:59:59.999000+03:00,49.626938611579156,0.45917817130760663,0.009845198142913958,0.04982979350491163,-0.03998459536199767,2.7430823186250253,2.436235,2.1293876813749746,2.5241188,2.2858906,2.09335,1.9008094,1.6266838
2024-12-06 19:00:00+03:00,2.3292,2.415,2.329,2.3644,123285654.0,2024-12-06 22:59:59.999000+03:00,51.46632678766123,0.4735706198224833,0.010246216589296697,0.04191307812178865,-0.03166686153249195,2.6501521329736266,2.4119599999999997,2.1737678670263727,2.5241188,2.2858906,2.09335,1.9008094,1.6266838
2024-12-06 23:00:00+03:00,2.3645,2.4637,2.3582,2.4257,118561696.0,2024-12-07 02:59:59.999000+03:00,54.57699305607859,0.4973431531552893,0.015333667319775923,0.03659719596138611,-0.021263528641610185,2.639380855134178,2.40701,2.174639144865822,2.5241188,2.2858906,2.09335,1.9008094,1.6266838
2024-12-07 03:00:00+03:00,2.4257,2.5,2.3974,2.415,100483684.0,2024-12-07 06:59:59.999000+03:00,53.927272362884565,0.4924372481132676,0.018291257865652444,0.03293600834223938,-0.014644750476586935,2.6187870030287272,2.399275,2.1797629969712724,2.5241188,2.2858906,2.09335,1.9008094,1.6266838
2024-12-07 07:00:00+03:00,2.4151,2.4452,2.384,2.4073,52644406.0,2024-12-07 10:59:59.999000+03:00,53.43429293946454,0.48869384437224533,0.019785766038454167,0.03030595988148234,-0.010520193843028172,2.6074307967512937,2.3941299999999996,2.1808292032487056,2.5241188,2.2858906,2.09335,1.9008094,1.6266838
2024-12-07 11:00:00+03:00,2.4072,2.4496,2.3937,2.4299,57072900.0,2024-12-07 14:59:59.999000+03:00,54.742022315528146,0.49858422577511613,0.022534047187646955,0.028751577342715263,-0.006217530155068308,2.5905586349484246,2.3884,2.186241365051575,2.5241188,2.2858906,2.09335,1.9008094,1.6266838
2024-12-07 15:00:00+03:00,2.4298,2.5482,2.4207,2.5405,113375341.0,2024-12-07 18:59:59.999000+03:00,60.576924158266884,0.5411421054168891,0.033253252678465905,0.029651912409865394,0.0036013402686005114,2.569268504692619,2.384335,2.1994014953073813,2.5241188,2.2858906,2.09335,1.9008094,1.6266838
2024-12-07 19:00:00+03:00,2.5405,2.57,2.47,2.5148,119440369.0,2024-12-07 22:59:59.999000+03:00,58.68363014509234,0.5276164285732663,0.0392223937020022,0.031566008668292754,0.007656385033709447,2.5439305677937845,2.379595,2.215259432206216,2.5241188,2.2858906,2.09335,1.9008094,1.6266838
2024-12-07 23:00:00+03:00,2.5148,2.6196,2.5004,2.6099,98309845.0,2024-12-08 02:59:59.999000+03:00,63.2596341628109,0.5598374080041802,0.05103841708281287,0.03546049035119678,0.015577926731616093,2.5697155376246563,2.38444,2.199164462375344,2.5241188,2.2858906,2.09335,1.9008094,1.6266838
2024-12-08 03:00:00+03:00,2.6099,2.6171,2.5634,2.5923,85337569.0,2024-12-08 06:59:59.999000+03:00,61.89339915457346,0.55038537570196,0.058310362271962735,0.04003046473534997,0.018279897536612764,2.6016345128260587,2.394295,2.1869554871739414,2.5241188,2.2858906,2.09335,1.9008094,1.6266838
2024-12-08 07:00:00+03:00,2.5923,2.594,2.5273,2.5534,68691348.0,2024-12-08 10:59:59.999000+03:00,58.867225025355594,0.5289400040045937,0.0602401157703345,0.04407239494234688,0.01616772082798762,2.6223335510350876,2.404095,2.185856448964912,2.5241188,2.2858906,2.09335,1.9008094,1.6266838
2024-12-08 11:00:00+03:00,2.5534,2.556,2.4843,2.539,71033363.0,2024-12-08 14:59:59.999000+03:00,57.74174686456518,0.5207858591898725,0.05991681590985243,0.047241279135848,0.012675536774004431,2.6326314119498835,2.418285,2.2039385880501166,2.5241188,2.2858906,2.09335,1.9008094,1.6266838
2024-12-08 15:00:00+03:00,2.539,2.568,2.5101,2.5409,57811548.0,2024-12-08 18:59:59.999000+03:00,57.85623819425891,0.5216197539160109,0.05913227253300901,0.0496194778152802,0.009512794717728812,2.6466375121292014,2.42657,2.2065024878707984,2.5241188,2.2858906,2.09335,1.9008094,1.6266838
2024-12-08 19:00:00+03:00,2.5409,2.6469,2.5369,2.5805,109592454.0,2024-12-08 22:59:59.999000+03:00,60.27215688897595,0.5389833436832467,0.06100270410348241,0.051896123072920644,0.009106581030561764,2.665446056239693,2.435125,2.2048039437603073,2.5241188,2.2858906,2.09335,1.9008094,1.6266838
2024-12-08 23:00:00+03:00,2.5805,2.6216,2.555,2.6013,63807300.0,2024-12-09 02:59:59.999000+03:00,61.51993578573493,0.5477767024519309,0.06343221369170537,0.05420334119667759,0.009228872495027782,2.686359077585491,2.44644,2.206520922414509,2.5241188,2.2858906,2.09335,1.9008094,1.6266838
2024-12-09 03:00:00+03:00,2.6013,2.6076,2.432,2.4701,142467876.0,2024-12-09 06:59:59.999000+03:00,50.702440868331024,0.46762352276729313,0.05414670452359838,0.05419201386206175,-4.5309338463375703e-05,2.687570261047905,2.45308,2.2185897389520948,2.5241188,2.2858906,2.09335,1.9008094,1.6266838
2024-12-09 07:00:00+03:00,2.4701,2.4937,2.4052,2.4421,83039455.0,2024-12-09 10:59:59.999000+03:00,48.7330004030431,0.45209472236175674,0.044021058257718515,0.052157822741193106,-0.008136764483474591,2.676145465620716,2.462955,2.249764534379284,2.5241188,2.2858906,2.09335,1.9008094,1.6266838
2024-12-09 11:00:00+03:00,2.442,2.4425,2.3427,2.3724,141817980.0,2024-12-09 14:59:59.999000+03:00,44.13703668504809,0.4147796926849485,0.0300260811746762,0.04773147442788973,-0.017705393253213526,2.6714490510709923,2.46611,2.2607709489290078,2.5241188,2.2858906,2.09335,1.9008094,1.6266838
2024-12-09 15:00:00+03:00,2.3724,2.4656,2.3673,2.3879,112554435.0,2024-12-09 18:59:59.999000+03:00,45.37088343498873,0.42494289475164115,0.019955645213037165,0.04217630858491922,-0.022220663371882055,2.666714717624527,2.469525,2.2723352823754728,2.5241188,2.2858906,2.09335,1.9008094,1.6266838
2024-12-09 19:00:00+03:00,2.3879,2.4418,2.3774,2.4087,63378399.0,2024-12-09 22:59:59.999000+03:00,47.06067060224012,0.4386893916391082,0.013497547007045974,0.03644055626934457,-0.0229430092622986,2.6535070085051675,2.476265,2.299022991494833,2.5241188,2.2858906,2.09335,1.9008094,1.6266838
2024-12-09 23:00:00+03:00,2.4087,2.4146,2.0012,2.2124,448535471.0,2024-12-10 02:59:59.999000+03:00,35.80457049990926,0.3434914778741352,-0.0073752940034261805,0.027677386214790423,-0.0350526802182166,2.673835126281075,2.470425,2.2670148737189253,2.5241188,2.2858906,2.09335,1.9008094,1.6266838
2024-12-10 03:00:00+03:00,2.2124,2.2792,2.0403,2.1505,213531471.0,2024-12-10 06:59:59.999000+03:00,33.114847094760265,0.31955235135729776,-0.028582502270850796,0.01642540851766218,-0.045007910788512975,2.704832565856566,2.45973,2.2146274341434338,2.5241188,2.2858906,2.09335,1.9008094,1.6266838
2024-12-10 07:00:00+03:00,2.1503,2.2243,2.0853,2.2082,145666733.0,2024-12-10 10:59:59.999000+03:00,37.80507503365955,0.36101345925062117,-0.04026926085905158,0.005086474642319428,-0.04535573550137101,2.7183971105660856,2.448855,2.1793128894339144,2.5241188,2.2858906,2.09335,1.9008094,1.6266838
2024-12-10 11:00:00+03:00,2.2082,2.2568,2.1764,2.2196,90972980.0,2024-12-10 14:59:59.999000+03:00,38.719400781704884,0.3689386886682726,-0.04805724253517418,-0.005542268793179295,-0.04251497374199489,2.7273115722437256,2.439085,2.1508584277562743,2.5241188,2.2858906,2.09335,1.9008094,1.6266838
2024-12-10 15:00:00+03:00,2.2196,2.2262,2.0335,2.0404,198411268.0,2024-12-10 18:59:59.999000+03:00,31.0036717213101,0.3004704998066807,-0.06790643339213442,-0.01801510171297032,-0.049891331679164104,2.7597207657949734,2.42074,2.0817592342050264,2.5241188,2.2858906,2.09335,1.9008094,1.6266838
2024-12-10 19:00:00+03:00,2.0408,2.15,1.9,2.124,376274249.0,2024-12-10 22:59:59.999000+03:00,37.28265020906619,0.3564615474250529,-0.07601498539240659,-0.029615078448857576,-0.04639990694354901,2.7693723465665183,2.405445,2.0415176534334813,2.5241188,2.2858906,2.09335,1.9008094,1.6266838
2024-12-10 23:00:00+03:00,2.1241,2.42,2.1127,2.3709,351827283.0,2024-12-11 02:59:59.999000+03:00,51.360884283030316,0.4727522614263663,-0.06180584538814804,-0.036053231836715674,-0.025752613551432366,2.7555059278553395,2.396965,2.03842407214466,2.5241188,2.2858906,2.09335,1.9008094,1.6266838
2024-12-11 03:00:00+03:00,2.3708,2.3863,2.2303,2.3005,154073375.0,2024-12-11 06:59:59.999000+03:00,48.048957655747756,0.44663561010985287,-0.055584942588365216,-0.03995957398704558,-0.015625368601319634,2.7427665590012684,2.3862499999999995,2.0297334409987307,2.5241188,2.2858906,2.09335,1.9008094,1.6266838
2024-12-11 07:00:00+03:00,2.3006,2.3557,2.2865,2.2882,88360331.0,2024-12-11 10:59:59.999000+03:00,47.47297186464767,0.4420129070059156,-0.05105876583539182,-0.04217941235671483,-0.008879353478676986,2.7129597691979472,2.370165,2.027370230802053,2.5241188,2.2858906,2.09335,1.9008094,1.6266838
2024-12-11 11:00:00+03:00,2.2882,2.3982,2.2851,2.3607,116797710.0,2024-12-11 14:59:59.999000+03:00,51.187283630413404,0.47140313728689626,-0.04114727389690387,-0.04197298466475264,0.000825710767848771,2.6850421884562157,2.358585,2.0321278115437846,2.5241188,2.2858906,2.09335,1.9008094,1.6266838
2024-12-11 15:00:00+03:00,2.3607,2.4703,2.327,2.448,171708619.0,2024-12-11 18:59:59.999000+03:00,55.28731512962397,0.5026704810833501,-0.025948842618636725,-0.03876815625552946,0.012819313636892732,2.669780548303695,2.3533150000000003,2.0368494516963054,2.5241188,2.2858906,2.09335,1.9008094,1.6266838
2024-12-11 19:00:00+03:00,2.448,2.4635,2.38,2.4339,99054319.0,2024-12-11 22:59:59.999000+03:00,54.4912103636232,0.4966972344897232,-0.014870312783884287,-0.03398858756120043,0.01911827477731614,2.6548866536147426,2.34806,2.041233346385257,2.5241188,2.2858906,2.09335,1.9008094,1.6266838
2024-12-11 23:00:00+03:00,2.4338,2.445,2.3917,2.3941,66144447.0,2024-12-12 02:59:59.999000+03:00,52.2060625073689,0.47928884193043864,-0.009196019462823113,-0.029030073941524966,0.019834054478701853,2.634885092207904,2.34072,2.046554907792096,2.5241188,2.2858906,2.09335,1.9008094,1.6266838
2024-12-12 03:00:00+03:00,2.3942,2.4299,2.3502,2.4041,76905724.0,2024-12-12 06:59:59.999000+03:00,52.74230594270422,0.4834088012690833,-0.003847829317116247,-0.023993625016643223,0.020145795699526976,2.605664770329721,2.3319,2.0581352296702793,2.5241188,2.2858906,2.09335,1.9008094,1.6266838
2024-12-12 07:00:00+03:00,2.4041,2.484,2.402,2.4242,109583696.0,2024-12-12 10:59:59.999000+03:00,53.862829206314615,0.49194893272592016,0.0019896168576352125,-0.018796976641787536,0.02078659349942275,2.5702924445613258,2.3230449999999996,2.0757975554386734,2.5241188,2.2858906,2.09335,1.9008094,1.6266838
2024-12-12 11:00:00+03:00,2.4243,2.4547,2.3803,2.4103,69036715.0,2024-12-12 14:59:59.999000+03:00,52.928200943710195,0.48483206364675313,0.005431608967681356,-0.013951259519893759,0.019382868487575117,2.561185289961346,2.320055,2.078924710038654,2.5241188,2.2858906,2.09335,1.9008094,1.6266838
2024-12-12 15:00:00+03:00,2.4103,2.4528,2.3959,2.4163,96565783.0,2024-12-12 18:59:59.999000+03:00,53.304854966629996,0.48770796750564754,0.00854506023375512,-0.009451995569163983,0.017997055802919104,2.5574094020537244,2.318765,2.0801205979462756,2.5241188,2.2858906,2.09335,1.9008094,1.6266838
2024-12-12 19:00:00+03:00,2.4164,2.4457,2.3388,2.3464,99574687.0,2024-12-12 22:59:59.999000+03:00,48.44176422216181,0.4497745688272149,0.005310925923883936,-0.006499411270554399,0.011810337194438334,2.5551605795262433,2.317465,2.0797694204737565,2.5241188,2.2858906,2.09335,1.9008094,1.6266838
2024-12-12 23:00:00+03:00,2.3465,2.3961,2.308,2.3384,76685329.0,2024-12-13 02:59:59.999000+03:00,47.90311399393367,0.4454673471744678,0.0020783600010632064,-0.0047838570162308785,0.006862217017294085,2.5506194227003625,2.31499,2.0793605772996373,2.5241188,2.2858906,2.09335,1.9008094,1.6266838
2024-12-13 03:00:00+03:00,2.3385,2.3687,2.309,2.351,58897883.0,2024-12-13 06:59:59.999000+03:00,48.867496219417134,0.45316413411427925,0.0005271660729149197,-0.003721652398401719,0.004248818471316638,2.544291181872721,2.312105,2.0799188181272785,2.5241188,2.2858906,2.09335,1.9008094,1.6266838
2024-12-13 07:00:00+03:00,2.351,2.3539,2.284,2.3157,66617415.0,2024-12-13 10:59:59.999000+03:00,46.28259485438494,0.43238463533032256,-0.0035101188117923066,-0.0036793456810798367,0.00016922686928753016,2.544663839661039,2.3172699999999997,2.0898761603389606,2.5241188,2.2858906,2.09335,1.9008094,1.6266838
2024-12-13 11:00:00+03:00,2.3156,2.355,2.3006,2.3347,48730045.0,2024-12-13 14:59:59.999000+03:00,47.88063106295985,0.4452871152052344,-0.005117562880303073,-0.003966989120924485,-0.001150573759378588,2.539926846335398,2.32648,2.113033153664602,2.5241188,2.2858906,2.09335,1.9008094,1.6266838
2024-12-13 15:00:00+03:00,2.3347,2.4788,2.3347,2.399,168601602.0,2024-12-13 18:59:59.999000+03:00,52.97872725215531,0.4852184638259316,-0.001189291847024876,-0.003411449666144563,0.0022221578191196872,2.544198391112806,2.33602,2.127841608887194,2.5241188,2.2858906,2.09335,1.9008094,1.6266838
2024-12-13 19:00:00+03:00,2.399,2.4455,2.384,2.4198,78883790.0,2024-12-13 22:59:59.999000+03:00,54.528214235491056,0.496975930407119,0.003561225821179015,-0.0020169145686798474,0.005578140389858863,2.5498452527735798,2.34603,2.14221474722642,2.5241188,2.2858906,2.09335,1.9008094,1.6266838
2024-12-13 23:00:00+03:00,2.4199,2.4435,2.4104,2.4217,46353232.0,2024-12-14 02:59:59.999000+03:00,54.675142365091304,0.4980815130622426,0.007394124554715553,-0.00013470674400076728,0.0075288312987163205,2.511895895953096,2.365095,2.218294104046904,2.5241188,2.2858906,2.09335,1.9008094,1.6266838
2024-12-14 03:00:00+03:00,2.4218,2.478,2.3976,2.4627,61921486.0,2024-12-14 06:59:59.999000+03:00,57.84084268831154,0.5215076790532204,0.01358349963592298,0.0026089345319839823,0.010974565103938998,2.4825852395975776,2.38203,2.281474760402422,2.5241188,2.2858906,2.09335,1.9008094,1.6266838
2024-12-14 07:00:00+03:00,2.4627,2.5319,2.4471,2.4879,83984692.0,2024-12-14 10:59:59.999000+03:00,59.703783227706886,0.5349384019855802,0.0202881838205049,0.006144784389688167,0.014143399430816734,2.4987892298375467,2.38788,2.2769707701624533,2.5241188,2.2858906,2.09335,1.9008094,1.6266838
2024-12-14 11:00:00+03:00,2.488,2.5045,2.4257,2.4308,48057247.0,2024-12-14 14:59:59.999000+03:00,53.89269795443113,0.49217530045999325,0.020754951385969278,0.009066817788944389,0.01168813359702489,2.4988101929860576,2.3943950000000003,2.289979807013943,2.5241188,2.2858906,2.09335,1.9008094,1.6266838
2024-12-14 15:00:00+03:00,2.4308,2.4374,2.3648,2.4053,73167453.0,2024-12-14 18:59:59.999000+03:00,51.48275940538804,0.4736980827902955,0.018849940773316476,0.011023442385818807,0.007826498387497669,2.4919508293597326,2.4002499999999998,2.308549170640267,2.5241188,2.2858906,2.09335,1.9008094,1.6266838
2024-12-14 19:00:00+03:00,2.4053,2.412,2.3677,2.3955,43444545.0,2024-12-14 22:59:59.999000+03:00,50.54725846716605,0.466410159315248,0.016360830569405405,0.012090920022536127,0.004269910546869277,2.49183285462025,2.40199,2.31214714537975,2.5241188,2.2858906,2.09335,1.9008094,1.6266838
2024-12-14 23:00:00+03:00,2.3955,2.41,2.3548,2.4005,36871697.0,2024-12-15 02:59:59.999000+03:00,51.03612109522913,0.47022658921388777,0.014623085189481522,0.012597353055925208,0.002025732133556314,2.486808970699329,2.399615,2.312421029300671,2.5241188,2.2858906,2.09335,1.9008094,1.6266838
2024-12-15 03:00:00+03:00,2.4006,2.4381,2.3844,2.4156,32987565.0,2024-12-15 06:59:59.999000+03:00,52.56130027606194,0.48202051277728974,0.014299517325559119,0.012937785909851991,0.0013617314157071281,2.4847557469257406,2.3987000000000003,2.31264425307426,2.5241188,2.2858906,2.09335,1.9008094,1.6266838
2024-12-15 07:00:00+03:00,2.4157,2.449,2.3863,2.3997,44510190.0,2024-12-15 10:59:59.999000+03:00,50.768052035135945,0.4681360040331793,0.012614676209088849,0.012873163969699362,-0.00025848776061051376,2.4850091651892408,2.3989800000000003,2.31295083481076,2.5241188,2.2858906,2.09335,1.9008094,1.6266838
2024-12-15 11:00:00+03:00,2.3997,2.4353,2.3882,2.4274,37038600.0,2024-12-15 14:59:59.999000+03:00,53.72976743542173,0.4909396827464319,0.013360573611180815,0.012970645897995653,0.00038992771318516195,2.487092255033695,2.400145,2.3131977449663053,2.5241188,2.2858906,2.09335,1.9008094,1.6266838
2024-12-15 15:00:00+03:00,2.4274,2.4312,2.3901,2.415,48740346.0,2024-12-15 18:59:59.999000+03:00,52.215433037996284,0.4793610182186832,0.012803535124373155,0.012937223743271154,-0.00013368861889799868,2.4861926394557745,2.3996850000000003,2.313177360544226,2.5241188,2.2858906,2.09335,1.9008094,1.6266838
2024-12-15 19:00:00+03:00,2.4151,2.4399,2.4053,2.4069,28260974.0,2024-12-15 22:59:59.999000+03:00,51.20028994518776,0.4715042914800165,0.011575045881155432,0.01266478817084801,-0.0010897422896925784,2.485948138747149,2.399515,2.313081861252851,2.5241188,2.2858906,2.09335,1.9008094,1.6266838
2024-12-15 23:00:00+03:00,2.4069,2.473,2.3677,2.4469,84433302.0,2024-12-16 02:59:59.999000+03:00,55.77301767676611,0.5062913761265564,0.013671528144945988,0.012866136165667607,0.0008053919792783814,2.4897818071736193,2.401045,2.3123081928263804,2.5241188,2.2858906,2.09335,1.9008094,1.6266838
2024-12-16 03:00:00+03:00,2.447,2.4714,2.3903,2.4049,71732338.0,2024-12-16 06:59:59.999000+03:00,50.429616855676436,0.4654891539991436,0.011807842988144301,0.012654477530162946,-0.0008466345420186441,2.488897488575779,2.40397,2.3190425114242212,2.5241188,2.2858906,2.09335,1.9008094,1.6266838
2024-12-16 07:00:00+03:00,2.405,2.4185,2.398,2.4047,34568806.0,2024-12-16 10:59:59.999000+03:00,50.40485225415214,0.46529514559959745,0.010197174070557313,0.01216301683824182,-0.001965842767684507,2.4864138695736235,2.407285,2.3281561304263763,2.5241188,2.2858906,2.09335,1.9008094,1.6266838
2024-12-16 11:00:00+03:00,2.4047,2.408,2.3333,2.3504,62978635.0,2024-12-16 14:59:59.999000+03:00,44.076287855561,0.414276591302348,0.004487422934891683,0.010627898057571793,-0.00614047512268011,2.4864741224921145,2.407255,2.3280358775078858,2.5241188,2.2858906,2.09335,1.9008094,1.6266838
2024-12-16 15:00:00+03:00,2.3505,2.3996,2.3447,2.3742,65315837.0,2024-12-16 18:59:59.999000+03:00,47.20514863969375,0.43985538653741707,0.001861407966095019,0.008874600039276438,-0.007013192073181419,2.478772821474949,2.41018,2.341587178525051,2.5241188,2.2858906,2.09335,1.9008094,1.6266838
2024-12-16 19:00:00+03:00,2.3743,2.5872,2.3743,2.475,302483270.0,2024-12-16 22:59:59.999000+03:00,57.938655884600195,0.5222194249215967,0.007823801845629141,0.008664440400546978,-0.0008406385549178368,2.4818704317626374,2.417195,2.3525195682373625,2.5241188,2.2858906,2.09335,1.9008094,1.6266838
2024-12-16 23:00:00+03:00,2.4749,2.5289,2.4601,2.4841,66815035.0,2024-12-17 02:59:59.999000+03:00,58.753919960919404,0.528123466453984,0.013131958852721226,0.009557944090981828,0.0035740147617393976,2.4920145654329153,2.42145,2.350885434567085,2.5241188,2.2858906,2.09335,1.9008094,1.6266838
2024-12-17 03:00:00+03:00,2.4842,2.4908,2.4401,2.4842,62191133.0,2024-12-17 06:59:59.999000+03:00,58.763378880272384,0.5281916699524557,0.017149096577905087,0.011076174588366482,0.006072921989538606,2.5005915966777867,2.42467,2.348748403322213,2.5241188,2.2858906,2.09335,1.9008094,1.6266838
2024-12-17 07:00:00+03:00,2.4842,2.5527,2.4601,2.5352,72169406.0,2024-12-17 10:59:59.999000+03:00,63.376298976507016,0.5606378845237021,0.024169371472816614,0.013694813965256509,0.010474557507560106,2.5208911435140244,2.430345,2.3397988564859755,2.5241188,2.2858906,2.09335,1.9008094,1.6266838
2024-12-17 11:00:00+03:00,2.5352,2.7281,2.5307,2.6889,235148904.0,2024-12-17 14:59:59.999000+03:00,73.1313093799434,0.6238680294950103,0.041655121074552603,0.019286875387115727,0.022368245687436877,2.588329641370114,2.441655,2.294980358629886,2.5241188,2.2858906,2.09335,1.9008094,1.6266838
2024-12-17 15:00:00+03:00,2.6888,2.7155,2.5503,2.5964,193735062.0,2024-12-17 18:59:59.999000+03:00,62.365166446871115,0.5536654109103336,0.047501162830049015,0.024929732875702385,0.02257142995434663,2.608264883710728,2.44708,2.2858951162892724,2.5241188,2.2858906,2.09335,1.9008094,1.6266838
2024-12-17 19:00:00+03:00,2.5963,2.658,2.5767,2.6007,96080800.0,2024-12-17 22:59:59.999000+03:00,62.6405063652927,0.5555718571530391,0.051883091124753644,0.03032040452551264,0.021562686599241005,2.6304725384256935,2.455575,2.2806774615743066,2.5241188,2.2858906,2.09335,1.9008094,1.6266838
2024-12-17 23:00:00+03:00,2.6007,2.6295,2.5228,2.5673,86363089.0,2024-12-18 02:59:59.999000+03:00,59.02806802108546,0.5300974456981155,0.052060578066476904,0.034668439233705495,0.01739213883277141,2.6436990671044858,2.463675,2.283650932895514,2.5241188,2.2858906,2.09335,1.9008094,1.6266838
2024-12-18 03:00:00+03:00,2.5672,2.5921,2.5215,2.5239,88658652.0,2024-12-18 06:59:59.999000+03:00,54.62022034905129,0.49766843333262106,0.04814424358416325,0.03736360010379705,0.010780643480366198,2.6490369485402083,2.4700949999999997,2.291153051459791,2.5241188,2.2858906,2.09335,1.9008094,1.6266838
2024-12-18 07:00:00+03:00,2.5239,2.5379,2.4683,2.5092,102658676.0,2024-12-18 10:59:59.999000+03:00,53.171906999854194,0.4866940598058539,0.04335458843609219,0.03856179777025608,0.004792790665836107,2.6521598550194976,2.47553,2.2989001449805024,2.5241188,2.2858906,2.09335,1.9008094,1.6266838
2024-12-18 11:00:00+03:00,2.5091,2.5917,2.4919,2.5816,86653847.0,2024-12-18 14:59:59.999000+03:00,58.94584502440003,0.5295060074147047,0.04488343880798995,0.039826125977802856,0.005057312830187094,2.664164450688883,2.48383,2.3034955493111173,2.5241188,2.2858906,2.09335,1.9008094,1.6266838
2024-12-18 15:00:00+03:00,2.5815,2.5841,2.4487,2.4714,117019387.0,2024-12-18 18:59:59.999000+03:00,49.0352116277292,0.4544958582442132,0.03677888067989876,0.03921667691822204,-0.002437796238323277,2.6635083039164416,2.4874149999999995,2.3113216960835574,2.5241188,2.2858906,2.09335,1.9008094,1.6266838
2024-12-18 19:00:00+03:00,2.4713,2.5157,2.4021,2.4024,111706581.0,2024-12-18 22:59:59.999000+03:00,44.04212957050846,0.4139935926046108,0.024505749603133342,0.036274491455204304,-0.011768741852070962,2.664394033903889,2.4861649999999997,2.3079359660961103,2.5241188,2.2858906,2.09335,1.9008094,1.6266838
2024-12-18 23:00:00+03:00,2.4024,2.4195,2.2478,2.3103,253163748.0,2024-12-19 02:59:59.999000+03:00,38.41873075418565,0.36633837100860156,0.007263772268309765,0.0304723476178254,-0.023208575349515634,2.673531296383018,2.48093,2.288328703616982,2.5241188,2.2858906,2.09335,1.9008094,1.6266838
2024-12-19 03:00:00+03:00,2.3102,2.3679,2.1736,2.3532,182365798.0,2024-12-19 06:59:59.999000+03:00,42.12553706799723,0.39798748702403197,-0.002905455242088184,0.023796787045842684,-0.026702242287930868,2.6766028953094056,2.4782450000000003,2.279887104690595,2.5241188,2.2858906,2.09335,1.9008094,1.6266838
2024-12-19 07:00:00+03:00,2.3531,2.3864,2.3354,2.3805,74779846.0,2024-12-19 10:59:59.999000+03:00,44.41837083366641,0.4171062996355996,-0.008661910354313296,0.01730504756581149,-0.025966957920124784,2.6776661819096046,2.474925,2.272183818090395,2.5241188,2.2858906,2.09335,1.9008094,1.6266838
2024-12-19 11:00:00+03:00,2.3804,2.4317,2.3474,2.4103,71875006.0,2024-12-19 14:59:59.999000+03:00,46.891723814431806,0.43732404849390016,-0.01069603432709032,0.011704831187231127,-0.022400865514321446,2.6775575560850164,2.4751950000000003,2.272832443914984,2.5241188,2.2858906,2.09335,1.9008094,1.6266838
2024-12-19 15:00:00+03:00,2.4103,2.418,2.2707,2.3278,134166343.0,2024-12-19 18:59:59.999000+03:00,41.399231305779864,0.3918572421109548,-0.018749025652461615,0.0056140598192925785,-0.024363085471754194,2.6821007532608085,2.47135,2.2605992467391918,2.5241188,2.2858906,2.09335,1.9008094,1.6266838
2024-12-19 19:00:00+03:00,2.3277,2.3469,2.19,2.2298,217148443.0,2024-12-19 22:59:59.999000+03:00,36.00431579501486,0.34525204826857064,-0.03266234904809462,-0.002041221954184861,-0.030621127093909756,2.696548168016375,2.46532,2.2340918319836254,2.5241188,2.2858906,2.09335,1.9008094,1.6266838
2024-12-19 23:00:00+03:00,2.2299,2.2915,2.1595,2.239,130875259.0,2024-12-20 02:59:59.999000+03:00,36.83647262230711,0.3525605278748554,-0.04245697736036469,-0.010124373035420827,-0.032332604324943864,2.70817850808573,2.45856,2.2089414919142696,2.5241188,2.2858906,2.09335,1.9008094,1.6266838
2024-12-20 03:00:00+03:00,2.2391,2.355,2.2237,2.3298,114540837.0,2024-12-20 06:59:59.999000+03:00,44.50622693596513,0.417831744634685,-0.04240368641003078,-0.016580235710342818,-0.025823450699687965,2.707270541068177,2.4513,2.1953294589318224,2.5241188,2.2858906,2.09335,1.9008094,1.6266838
2024-12-20 07:00:00+03:00,2.3298,2.342,2.2504,2.2894,84397547.0,2024-12-20 10:59:59.999000+03:00,42.05910663023635,0.39742825673072474,-0.04510149337019609,-0.022284487242313473,-0.022817006127882615,2.706920660239331,2.4415649999999998,2.1762093397606685,2.5241188,2.2858906,2.09335,1.9008094,1.6266838
2024-12-20 11:00:00+03:00,2.2893,2.2931,1.9601,1.9678,381959273.0,2024-12-20 14:59:59.999000+03:00,28.58516620646178,0.27831223066514593,-0.07235588351425504,-0.03229876649670179,-0.04005711701755325,2.754089828618129,2.4157450000000003,2.0774001713818717,2.5241188,2.2858906,2.09335,1.9008094,1.6266838
2024-12-20 15:00:00+03:00,1.9679,2.2481,1.9618,2.2146,320291332.0,2024-12-20 18:59:59.999000+03:00,43.5347644594535,0.40978070523447624,-0.07319672042468017,-0.04047835728229747,-0.0327183631423827,2.744546737915296,2.3997149999999996,2.054883262084703,2.5241188,2.2858906,2.09335,1.9008094,1.6266838
2024-12-20 19:00:00+03:00,2.2147,2.3122,2.2016,2.2785,120352703.0,2024-12-20 22:59:59.999000+03:00,46.648814265062974,0.43535743789098375,-0.06792390922430469,-0.04596746767069892,-0.021956441553605772,2.699543859017297,2.379195,2.0588461409827032,2.5241188,2.2858906,2.09335,1.9008094,1.6266838
2024-12-20 23:00:00+03:00,2.2785,2.2982,2.2068,2.2793,88805324.0,2024-12-21 02:59:59.999000+03:00,46.68845479875428,0.4356786546550482,-0.06295491003057085,-0.049364956142673305,-0.013589953887897549,2.6694993970810836,2.36334,2.0571806029189164,2.5241188,2.2858906,2.09335,1.9008094,1.6266838
2024-12-21 03:00:00+03:00,2.2793,2.3165,2.2514,2.2996,65851623.0,2024-12-21 06:59:59.999000+03:00,47.74936284144933,0.44423409752142934,-0.05672501140265318,-0.050836967194669284,-0.005888044207983896,2.6342457796074217,2.3482849999999997,2.062324220392578,2.5241188,2.2858906,2.09335,1.9008094,1.6266838
2024-12-21 07:00:00+03:00,2.2996,2.3858,2.2909,2.3539,75220822.0,2024-12-21 10:59:59.999000+03:00,50.582241601264265,0.4666838442262663,-0.04686597388616365,-0.05004276853296816,0.0031767946468045094,2.604452788494099,2.337615,2.070777211505901,2.5241188,2.2858906,2.09335,1.9008094,1.6266838
2024-12-21 11:00:00+03:00,2.3539,2.3664,2.2843,2.3073,76050800.0,2024-12-21 14:59:59.999000+03:00,48.168608419321636,0.44759292232503545,-0.04232495048850193,-0.04849920492407491,0.0061742544355729775,2.5789681187221336,2.326785,2.0746018812778666,2.5241188,2.2858906,2.09335,1.9008094,1.6266838
2024-12-21 15:00:00+03:00,2.3074,2.3078,2.1915,2.258,112208328.0,2024-12-21 18:59:59.999000+03:00,45.684949080656914,0.4275129840808449,-0.042217596538897784,-0.047242883247039485,0.005025286708141702,2.5528101354173307,2.314225,2.0756398645826692,2.5241188,2.2858906,2.09335,1.9008094,1.6266838
2024-12-21 19:00:00+03:00,2.2581,2.2666,2.2005,2.2424,73715536.0,2024-12-21 22:59:59.999000+03:00,44.89609110537688,0.42104449855862575,-0.042896819552297405,-0.046373670508091075,0.00347685095579367,2.5015868439001023,2.297265,2.0929431560998975,2.5241188,2.2858906,2.09335,1.9008094,1.6266838
2024-12-21 23:00:00+03:00,2.2423,2.2645,2.2055,2.238,48552755.0,2024-12-22 02:59:59.999000+03:00,44.661843541673974,0.4191153942969967,-0.04329111884140202,-0.045757160174753266,0.0024660413333512446,2.4740880765167197,2.285595,2.09710192348328,2.5241188,2.2858906,2.09335,1.9008094,1.6266838
2024-12-22 03:00:00+03:00,2.2379,2.2578,2.2045,2.2399,41596554.0,2024-12-22 06:59:59.999000+03:00,44.795787884509146,0.4202189339884743,-0.04295512975062765,-0.04519675408992815,0.002241624339300495,2.4586300641479975,2.27747,2.0963099358520028,2.5241188,2.2858906,2.09335,1.9008094,1.6266838
2024-12-22 07:00:00+03:00,2.2398,2.247,2.1761,2.2288,46871085.0,2024-12-22 10:59:59.999000+03:00,44.123853014562606,0.4146705314873261,-0.043087843371808265,-0.04477497194630417,0.0016871285744959053,2.4551113489444067,2.273395,2.091678651055593,2.5241188,2.2858906,2.09335,1.9008094,1.6266838
2024-12-22 11:00:00+03:00,2.2287,2.2938,2.2275,2.2597,46797629.0,2024-12-22 14:59:59.999000+03:00,46.52840050613878,0.4343810164449928,-0.04023583446108869,-0.04386714444926108,0.0036313099881723834,2.446561178110077,2.2687199999999996,2.0908788218899224,2.5241188,2.2858906,2.09335,1.9008094,1.6266838
2024-12-22 15:00:00+03:00,2.2598,2.2763,2.1975,2.2197,67159003.0,2024-12-22 18:59:59.999000+03:00,43.89505009947545,0.41277413677464503,-0.04073370970811929,-0.043240457501032725,0.002506747792913433,2.4316499339527002,2.26068,2.0897100660472994,2.5241188,2.2858906,2.09335,1.9008094,1.6266838
2024-12-22 19:00:00+03:00,2.2198,2.2622,2.1837,2.19,45198505.0,2024-12-22 22:59:59.999000+03:00,41.994563791806726,0.39688463388579653,-0.04302881185655538,-0.04319812837213726,0.0001693165155818785,2.407964400205006,2.249665,2.091365599794994,2.5241188,2.2858906,2.09335,1.9008094,1.6266838
2024-12-22 23:00:00+03:00,2.19,2.2275,2.1604,2.2031,62695723.0,2024-12-23 02:59:59.999000+03:00,43.163461075119315,0.40668647112546863,-0.04329159773516977,-0.04321682224474377,-7.477549042600451e-05,2.3985629087215945,2.24343,2.0882970912784056,2.5241188,2.2858906,2.09335,1.9008094,1.6266838
2024-12-23 03:00:00+03:00,2.2032,2.2205,2.1308,2.2177,82713363.0,2024-12-23 06:59:59.999000+03:00,44.50567719928897,0.41782720700629844,-0.041839460201489764,-0.04294134983609297,0.001101889634603205,2.398275772373702,2.242825,2.087374227626298,2.5241188,2.2858906,2.09335,1.9008094,1.6266838
2024-12-23 07:00:00+03:00,2.2178,2.2356,2.156,2.1792,51820467.0,2024-12-23 10:59:59.999000+03:00,41.708548426316554,0.39447227241776234,-0.043296167715541234,-0.043012313411982625,-0.00028385430355860886,2.3978744257938973,2.2398350000000002,2.081795574206103,2.5241188,2.2858906,2.09335,1.9008094,1.6266838
