timestamp,open,high,low,close,volume,RSI,Inverse_Fisher_RSI,MACD,MACD_signal,MACD_hist,upper_band,middle_band,lower_band,Fibonacci_236,Fibonacci_382,Fibonacci_50,Fibonacci_618,Fibonacci_786,Volume_Avg,signal,score
2024-11-22 16:00:00,3314.15,3321.14,3264.84,3282.4,81246.6096,0.0,,0.0,0.0,0.0,,,,3870.4076,3723.5462,3604.85,3486.1538,3317.1626,,Hold,25
2024-11-22 20:00:00,3282.39,3330.0,3273.2,3327.78,55970.385,99.99999999955928,,3.620056980057143,0.7240113960114286,2.8960455840457144,,,,3870.4076,3723.5462,3604.85,3486.1538,3317.1626,,Hold,-15
2024-11-23 00:00:00,3327.78,3364.98,3312.72,3345.51,105265.7506,99.99999999952463,,7.829388722494514,2.145086861308046,5.6843018611864675,,,,3870.4076,3723.5462,3604.85,3486.1538,3317.1626,,Hold,-15
2024-11-23 04:00:00,3345.51,3361.71,3326.89,3341.34,67445.3359,93.80202140253378,,10.705424831554865,3.85715445535741,6.848270376197455,,,,3870.4076,3723.5462,3604.85,3486.1538,3317.1626,,Hold,-15
2024-11-23 08:00:00,3341.34,3402.98,3335.16,3354.65,105279.0199,94.82566075136593,,13.898496713792156,5.865422907044359,8.033073806747797,,,,3870.4076,3723.5462,3604.85,3486.1538,3317.1626,,Hold,-15
2024-11-23 12:00:00,3354.65,3497.51,3349.68,3460.33,229525.4046,97.76131422097673,,24.672117171798618,9.626761759995212,15.045355411803406,,,,3870.4076,3723.5462,3604.85,3486.1538,3317.1626,,Hold,-15
2024-11-23 16:00:00,3460.34,3470.22,3377.0,3407.83,150136.8855,76.2658625453223,,28.643789984518207,13.430167404899812,15.213622579618395,,,,3870.4076,3723.5462,3604.85,3486.1538,3317.1626,,Hold,-15
2024-11-23 20:00:00,3407.82,3427.73,3379.2,3393.91,63371.6044,72.06458506447558,0.6173091981791894,30.318647145656996,16.80786335305125,13.510783792605746,,,,3870.4076,3723.5462,3604.85,3486.1538,3317.1626,,Hold,-15
2024-11-24 00:00:00,3393.91,3450.0,3389.03,3427.0,62941.932,75.29918118808952,0.6397015143762057,33.92500364346506,20.231291411134013,13.693712232331048,,,,3870.4076,3723.5462,3604.85,3486.1538,3317.1626,,Hold,-15
2024-11-24 04:00:00,3427.0,3431.99,3398.12,3422.51,50148.6763,74.134426568112,0.6304116860950436,36.00571025977115,23.386175180861443,12.619535078909706,,,,3870.4076,3723.5462,3604.85,3486.1538,3317.1626,,Hold,-15
2024-11-24 08:00:00,3422.51,3428.35,3339.11,3344.22,99770.3421,58.38669416088494,0.4802698199439771,30.980215896366644,24.904983323962483,6.075232572404161,,,,3870.4076,3723.5462,3604.85,3486.1538,3317.1626,,Hold,20
2024-11-24 12:00:00,3344.22,3357.32,3281.4,3294.39,147537.1334,51.43287363449956,0.4047781255152308,22.71476913419656,24.4669404860093,-1.7521713518127413,,,,3870.4076,3723.5462,3604.85,3486.1538,3317.1626,,Hold,-40
2024-11-24 16:00:00,3294.39,3334.19,3287.19,3326.63,63212.5803,54.907573840908555,0.4601269894576693,18.551985840368616,23.283949556881165,-4.731963716512549,,,,3870.4076,3723.5462,3604.85,3486.1538,3317.1626,,Hold,-40
2024-11-24 20:00:00,3326.64,3372.22,3321.51,3361.2,55487.428,58.12036273684793,0.5100280675344311,17.836848093462322,22.1945292641974,-4.357681170735077,,,,3870.4076,3723.5462,3604.85,3486.1538,3317.1626,95524.22054285715,Hold,-45
2024-11-25 00:00:00,3361.21,3370.4,3300.01,3362.44,66165.1278,58.227119480138306,0.5117754197795145,17.17220344168709,21.190064099695338,-4.017860658008249,,,,3870.4076,3723.5462,3604.85,3486.1538,3317.1626,94446.97184285715,Hold,-45
2024-11-25 04:00:00,3362.44,3419.81,3361.21,3399.41,63216.584,57.492207601864926,0.5607890361707665,19.4049496154621,20.83304120284869,-1.4280915873865894,,,,3870.4076,3723.5462,3604.85,3486.1538,3317.1626,94964.5574857143,Hold,-45
2024-11-25 08:00:00,3399.4,3527.0,3396.6,3471.84,169761.3244,61.85685056203591,0.6238249847309874,26.711004884198246,22.008633939118603,4.702370945079643,,,,3870.4076,3723.5462,3604.85,3486.1538,3317.1626,99571.38418571428,Hold,25
2024-11-25 12:00:00,3471.84,3537.98,3348.72,3518.41,289654.5296,65.39391094171481,0.6503527035850304,35.845709098914995,24.776048971077884,11.06966012783711,,,,3870.4076,3723.5462,3604.85,3486.1538,3317.1626,115443.46945,Hold,35
2024-11-25 16:00:00,3518.41,3546.66,3423.47,3464.0,190751.0262,58.872498904496005,0.559839927392519,38.25363167057185,27.471565510976678,10.782066159595171,,,,3870.4076,3723.5462,3604.85,3486.1538,3317.1626,121548.61275714287,Hold,25
2024-11-25 20:00:00,3464.01,3505.45,3363.62,3414.49,169781.778,45.907581330456956,0.4845367248042079,35.754726201977064,29.128197649176755,6.626528552800309,3511.357516764313,3386.0144999999998,3260.6714832356865,3870.4076,3723.5462,3604.85,3486.1538,3317.1626,117281.21085714285,Hold,25
2024-11-26 00:00:00,3414.49,3462.49,3395.84,3434.61,99053.4641,52.53752274091581,0.5101043943413829,34.99444725989315,30.301447571320036,4.692999688573114,3510.6889097605276,3393.625,3276.5610902394724,3870.4076,3723.5462,3604.85,3486.1538,3317.1626,113632.39504285714,Hold,15
2024-11-26 04:00:00,3434.62,3442.72,3382.35,3394.8,72621.4969,50.080387304098686,0.448275120491045,30.82426350458627,30.406010757973284,0.4182527466129855,3509.866293909385,3396.976,3284.085706090615,3870.4076,3723.5462,3604.85,3486.1538,3317.1626,114293.10165,Hold,15
2024-11-26 08:00:00,3394.8,3397.33,3280.1,3323.01,159770.0173,41.22106471700797,0.3549627082295412,21.47891425464968,28.620591457308564,-7.141677202658883,3511.319788382516,3395.851,3280.3822116174842,3870.4076,3723.5462,3604.85,3486.1538,3317.1626,121209.39345714287,Hold,-35
2024-11-26 12:00:00,3323.02,3362.5,3290.35,3296.32,131513.0508,39.7318013897251,0.3250862703285714,11.783168668464441,25.25310689953974,-13.4699382310753,3515.1388835333214,3393.6,3272.0611164666784,3870.4076,3723.5462,3604.85,3486.1538,3317.1626,127021.13449285715,Hold,-35
2024-11-26 16:00:00,3296.33,3338.0,3252.0,3300.61,139329.9409,45.96554850396076,0.334998067670941,4.394727896741188,21.081431098980033,-16.686703202238846,3518.3421859424207,3390.898,3263.4538140575796,3870.4076,3723.5462,3604.85,3486.1538,3317.1626,129846.82012142858,Hold,-35
2024-11-26 20:00:00,3300.61,3344.31,3286.89,3324.73,70079.1803,52.9470044291046,0.3910778794769103,0.4800836693598285,16.961161613055992,-16.481077943696164,3510.4322539941763,3384.118,3257.8037460058235,3870.4076,3723.5462,3604.85,3486.1538,3317.1626,124314.10918571427,Hold,-45
2024-11-27 00:00:00,3324.74,3372.5,3302.4,3361.03,86102.9925,53.31521529610532,0.4622154386321431,0.3033101730425187,13.629591325053298,-13.326281152010779,3507.976603645624,3381.778,3255.5793963543756,3870.4076,3723.5462,3604.85,3486.1538,3317.1626,125949.13862857143,Hold,-45
2024-11-27 04:00:00,3361.02,3445.73,3359.32,3424.11,124111.9204,55.746989932804645,0.5481180755082471,5.193378685351945,11.942348797113027,-6.748970111761082,3510.813540657548,3383.2879999999996,3255.762459342451,3870.4076,3723.5462,3604.85,3486.1538,3317.1626,130850.8880857143,Hold,-45
2024-11-27 08:00:00,3424.12,3485.5,3402.43,3460.43,97680.7587,58.41245857715048,0.5832316399876337,11.862767078923753,11.926432453475172,-0.06366537455141952,3515.732423074594,3384.9595,3254.186576925406,3870.4076,3723.5462,3604.85,3486.1538,3317.1626,133102.00457857142,Hold,-45
2024-11-27 12:00:00,3460.43,3573.17,3441.31,3552.79,192046.4261,62.02414550002065,0.6423623325707687,24.32063243481116,14.40527244974237,9.91535998506879,3541.659903796293,3391.4735,3241.2870962037073,3870.4076,3723.5462,3604.85,3486.1538,3317.1626,142304.13615714284,Hold,15
2024-11-27 16:00:00,3552.79,3611.8,3533.83,3589.6,130252.9591,59.77780730000383,0.6584208124608217,36.74032030697617,18.872282021189132,17.86803828578704,3576.1260625177624,3403.7424999999994,3231.3589374822363,3870.4076,3723.5462,3604.85,3486.1538,3317.1626,139482.11006428572,Hold,5
2024-11-27 20:00:00,3589.6,3684.92,3588.0,3653.28,124378.5917,60.88908265903659,0.6805545098923246,51.132037924119686,25.324233201775247,25.80780472234444,3619.0497880565977,3421.6870000000004,3224.324211943403,3870.4076,3723.5462,3604.85,3486.1538,3317.1626,127676.68592857142,Hold,5
2024-11-28 00:00:00,3653.27,3661.92,3564.75,3598.8,102778.5796,60.882200981520874,0.6025702037322688,57.47891596690624,31.75516975480145,25.723746212104793,3642.3559737980504,3435.2955,3228.23502620195,3870.4076,3723.5462,3604.85,3486.1538,3317.1626,121392.93974285714,Hold,25
2024-11-28 04:00:00,3598.81,3618.4,3566.91,3592.4,81553.1306,65.43687635558942,0.5929454214483185,61.28596952217276,37.661329708275716,23.624639813897048,3662.1500096202662,3446.8555,3231.560990379734,3870.4076,3723.5462,3604.85,3486.1538,3317.1626,115090.8935,Hold,25
2024-11-28 08:00:00,3592.4,3638.39,3574.23,3620.51,93409.4729,65.90955771584919,0.6129981837582175,65.8126813444228,43.291600035505134,22.521081308917665,3684.478989685408,3459.7590000000005,3235.039010314593,3870.4076,3723.5462,3604.85,3486.1538,3317.1626,114687.75127142857,Hold,25
2024-11-28 12:00:00,3620.51,3642.19,3536.95,3541.78,146763.2328,61.79311894202691,0.4922675100990022,62.32879252887005,47.09903853417812,15.229753994691933,3692.5659588495696,3466.8775,3241.1890411504305,3870.4076,3723.5462,3604.85,3486.1538,3317.1626,119983.58955,Hold,35
2024-11-28 16:00:00,3541.78,3584.87,3529.76,3575.05,76570.5621,71.55514504635299,0.5289425587312405,61.54296747362059,49.987824322066615,11.555143151553978,3702.8656323511577,3472.0380000000005,3241.210367648843,3870.4076,3723.5462,3604.85,3486.1538,3317.1626,114040.77132142856,Hold,-10
2024-11-28 20:00:00,3575.05,3599.2,3547.86,3578.79,59901.447,75.14465274420905,0.533054731277081,60.524295792457906,52.09511861614487,8.429177176313033,3709.981386590102,3475.057,3240.1326134098977,3870.4076,3723.5462,3604.85,3486.1538,3317.1626,108925.65676428573,Hold,-10
2024-11-29 00:00:00,3578.8,3602.85,3550.07,3583.82,65033.1438,75.17735540404094,0.539233511881505,59.43770919562212,53.56363673204032,5.874072463581797,3720.845836573356,3481.048,3241.2501634266437,3870.4076,3723.5462,3604.85,3486.1538,3317.1626,103618.74268571429,Hold,-10
2024-11-29 04:00:00,3583.82,3595.7,3534.28,3544.49,76024.4905,69.02222837736885,0.4657679337556447,54.77160620156974,53.80523062594621,0.9663755756235304,3726.7964643386867,3487.5480000000002,3248.2995356613137,3870.4076,3723.5462,3604.85,3486.1538,3317.1626,104043.4077,Hold,25
2024-11-29 08:00:00,3544.5,3599.66,3544.49,3594.74,55500.5568,69.75270034973937,0.5381694941854802,54.500196662621875,53.94422383328134,0.5559728293405328,3738.0393530027977,3495.5545000000006,3253.0696469972036,3870.4076,3723.5462,3604.85,3486.1538,3317.1626,101857.51943571428,Hold,25
2024-11-29 12:00:00,3594.75,3647.98,3574.0,3613.95,114108.1335,67.33002263913261,0.560494694486267,55.19889065162124,54.195157196949324,1.0037334546719165,3749.6318460019224,3506.512,3263.392153998078,3870.4076,3723.5462,3604.85,3486.1538,3317.1626,101142.96322857143,Hold,35
2024-11-29 16:00:00,3613.95,3620.08,3559.24,3582.79,76494.6217,61.27617222042578,0.5005290090522937,52.63155527945128,53.882436813449715,-1.250881533998438,3748.70123403129,3519.5009999999993,3290.3007659687087,3870.4076,3723.5462,3604.85,3486.1538,3317.1626,99629.66772857144,Hold,-35
2024-11-29 20:00:00,3582.78,3604.0,3575.56,3592.21,38332.2986,54.28832513799225,0.5153662921369151,50.7717733749937,53.260304125758516,-2.4885307507648164,3739.8140200490607,3534.2955,3328.7769799509397,3870.4076,3723.5462,3604.85,3486.1538,3317.1626,88650.08719285714,Hold,-35
2024-11-30 00:00:00,3592.22,3661.0,3568.4,3657.12,92179.3342,56.9220044286072,0.593591339380677,53.91408928033343,53.3910611566735,0.5230281236599268,3732.618453418391,3552.121,3371.6235465816094,3870.4076,3723.5462,3604.85,3486.1538,3317.1626,85930.54255714286,Hold,35
2024-11-30 04:00:00,3657.12,3726.71,3635.42,3703.07,128826.8554,55.29692121092488,0.6290038314285344,59.427139185880606,54.59827676251493,4.828862423365678,3729.101076496621,3571.0380000000005,3412.97492350338,3870.4076,3723.5462,3604.85,3486.1538,3317.1626,86248.27567857143,Hold,35
2024-11-30 08:00:00,3703.06,3718.0,3631.23,3653.69,76964.0164,55.903547075483935,0.5402017097965355,59.13010262543048,55.50464193509804,3.6254606903324387,3713.0900731653364,3585.6710000000007,3458.251926834665,3870.4076,3723.5462,3604.85,3486.1538,3317.1626,84404.37830714285,Hold,25
2024-11-30 12:00:00,3653.68,3685.33,3651.38,3674.0,77209.8515,58.521303257974225,0.5624162811071953,59.84370529031503,56.372454606141446,3.471250684173583,3706.4506993531186,3598.1655000000005,3489.8803006468825,3870.4076,3723.5462,3604.85,3486.1538,3317.1626,84094.14408571427,Hold,25
2024-11-30 16:00:00,3674.0,3696.78,3656.23,3689.56,61494.3031,57.404825737093006,0.5789115768727745,60.962069711061304,57.29037762712542,3.6716920839358806,3704.161170071943,3609.6220000000003,3515.0828299280574,3870.4076,3723.5462,3604.85,3486.1538,3317.1626,81814.48909999999,Hold,25
2024-11-30 20:00:00,3689.56,3738.98,3686.58,3703.6,67010.3879,70.14891921481663,0.5936319801286414,62.2635567106654,58.28501344383342,3.978543266831977,3716.5486847595002,3617.1625,3517.7763152404996,3870.4076,3723.5462,3604.85,3486.1538,3317.1626,76117.85732142857,Hold,-10
2024-12-01 00:00:00,3703.59,3732.34,3659.2,3707.0,92779.5957,67.7500067257799,0.5973814816794093,62.84490912675801,59.19699258041834,3.6479165463396725,3729.200799535749,3623.0325,3516.8642004642506,3870.4076,3723.5462,3604.85,3486.1538,3317.1626,77275.64543571428,Hold,35
2024-12-01 04:00:00,3707.0,3716.96,3682.0,3702.31,40551.5198,66.5736367537215,0.5845248811818542,62.21007231171052,59.79960852667678,2.410463785033741,3736.7356596020363,3625.4840000000004,3514.2323403979644,3870.4076,3723.5462,3604.85,3486.1538,3317.1626,75893.50777857144,Hold,25
2024-12-01 08:00:00,3702.32,3717.0,3675.47,3692.42,61458.2739,64.38410596002609,0.5547427766309941,60.214800478705456,59.88264691708252,0.3321535616229383,3744.524159898227,3630.165,3515.805840101773,3870.4076,3723.5462,3604.85,3486.1538,3317.1626,75638.15992857143,Hold,25
2024-12-01 12:00:00,3692.43,3746.8,3678.61,3728.59,99717.2507,74.58994496953461,0.6090780564321594,60.85070088898647,60.07625771146331,0.7744431775231533,3757.895946876613,3636.9745000000003,3516.0530531233876,3870.4076,3723.5462,3604.85,3486.1538,3317.1626,77330.49994285715,Hold,10
2024-12-01 16:00:00,3728.59,3744.11,3693.02,3707.96,66222.5075,66.42202367111574,0.5492530378572544,59.00976017466019,59.86295820410269,-0.8531980294425026,3766.027618356185,3641.3469999999993,3516.6663816438136,3870.4076,3723.5462,3604.85,3486.1538,3317.1626,78096.3535642857,Hold,-35
2024-12-01 20:00:00,3707.95,3734.26,3679.0,3707.61,68360.1157,64.37120235656386,0.5481676464862094,56.86703157882448,59.26377287904705,-2.3967413002225726,3768.3528294281505,3649.6384999999996,3530.9241705718487,3870.4076,3723.5462,3604.85,3486.1538,3317.1626,74828.63800714286,Hold,-35
2024-12-02 00:00:00,3707.61,3760.0,3674.6,3685.01,114620.6485,66.10778443084607,0.4758878258377905,52.73734927064743,57.958488157367135,-5.221138886719707,3769.4079456711997,3655.1364999999996,3540.8650543287995,3870.4076,3723.5462,3604.85,3486.1538,3317.1626,77551.92563571429,Hold,-25
2024-12-02 04:00:00,3685.0,3709.59,3650.0,3666.88,121775.4381,61.45210269597242,0.4222956480427333,47.4545799491907,55.857706515731856,-8.403126566541154,3768.0684207212976,3659.541,3551.0135792787028,3870.4076,3723.5462,3604.85,3486.1538,3317.1626,83512.14988571429,Hold,-25
2024-12-02 08:00:00,3666.88,3672.47,3569.58,3588.99,202704.961,39.951031003699434,0.2663714049008917,36.56141788879904,51.99844879034529,-15.437030901546251,3767.5896394718684,3659.7994999999996,3552.009360528131,3870.4076,3723.5462,3604.85,3486.1538,3317.1626,91406.83751428573,Hold,-25
2024-12-02 12:00:00,3588.99,3680.37,3582.6,3672.13,109512.8056,45.88760699647976,0.4717330193110447,34.24248558634099,48.44725614954444,-14.204770563203446,3759.348078890189,3666.1815,3573.0149211098114,3870.4076,3723.5462,3604.85,3486.1538,3317.1626,90027.26252857143,Hold,-25
2024-12-02 16:00:00,3672.13,3682.01,3554.32,3612.17,137683.3569,44.63233012704913,0.380955444931568,27.252296624741575,44.208264244583866,-16.95596761984229,3757.6977295416596,3667.053,3576.40827045834,3870.4076,3723.5462,3604.85,3486.1538,3317.1626,94364.35827857142,Hold,-25
2024-12-02 20:00:00,3612.17,3644.44,3598.5,3643.42,50833.3589,46.15539351253555,0.4389682596830808,23.957962861383294,40.158203967943756,-16.200241106560462,3756.453963232614,3668.5265,3580.5990367673858,3870.4076,3723.5462,3604.85,3486.1538,3317.1626,92480.32309285716,Hold,-35
2024-12-03 00:00:00,3643.43,3658.16,3607.8,3639.75,86733.4244,43.544750006321884,0.4329743860877942,20.811143384547904,36.288791851264584,-15.47764846671668,3750.897421813026,3671.3745000000004,3591.8515781869746,3870.4076,3723.5462,3604.85,3486.1538,3317.1626,94283.11747142857,Hold,-35
2024-12-03 04:00:00,3639.75,3670.0,3600.0,3616.85,73048.7319,39.009805660286816,0.393527729215062,16.281741875522584,32.287381856116184,-16.0056399805936,3747.599900769293,3672.6065000000003,3597.6130992307076,3870.4076,3723.5462,3604.85,3486.1538,3317.1626,94714.42775714285,Hold,-35
2024-12-03 08:00:00,3616.85,3635.14,3585.0,3613.81,121073.7629,38.183155385221156,0.3880121288619712,12.305011441095303,28.29090777311201,-15.985896332016708,3749.697355786953,3670.4410000000003,3591.1846442130477,3870.4076,3723.5462,3604.85,3486.1538,3317.1626,96735.4397,Hold,-25
2024-12-03 12:00:00,3613.81,3617.64,3500.0,3571.79,229013.2962,34.88091928447591,0.3157754817693413,5.697088605676981,23.772143939625007,-18.075055333948026,3752.898704532609,3663.8769999999995,3574.85529546739,3870.4076,3723.5462,3604.85,3486.1538,3317.1626,110196.99515714287,Hold,-5
2024-12-03 16:00:00,3571.8,3594.4,3538.55,3577.34,90514.4017,36.534051017900474,0.3339055831500119,0.8977520411103797,19.197265559922084,-18.299513518811704,3757.106981265598,3660.0595000000003,3563.012018734403,3870.4076,3723.5462,3604.85,3486.1538,3317.1626,112272.43285714286,Hold,-35
2024-12-03 20:00:00,3577.34,3634.81,3575.2,3614.51,78016.5861,36.68223208019767,0.439463300949307,0.09248547865990986,15.376309543669649,-15.283824065009739,3755.9628950337856,3657.085,3558.2071049662145,3870.4076,3723.5462,3604.85,3486.1538,3317.1626,110722.38538571431,Hold,-35
2024-12-04 00:00:00,3614.51,3707.57,3614.51,3661.8,172948.5304,44.927026551646556,0.5284871502717234,3.232946314590208,12.947636897853762,-9.714690583263554,3753.4281627508244,3655.697,3557.965837249176,3870.4076,3723.5462,3604.85,3486.1538,3317.1626,118345.67273571428,Hold,-25
2024-12-04 04:00:00,3661.79,3721.73,3659.55,3714.99,78886.7891,50.72666404082113,0.5918224021709159,9.899655558528593,12.338040629988729,-2.438385071460136,3755.2970977755663,3656.2665,3557.235902224434,3870.4076,3723.5462,3604.85,3486.1538,3317.1626,119097.57797857144,Hold,-35
2024-12-04 08:00:00,3715.0,3751.44,3696.42,3729.09,139644.0469,54.41417985163993,0.6051279120805175,16.13483054385324,13.097398612761632,3.037431931091609,3759.2362436774697,3657.3710000000005,3555.5057563225314,3870.4076,3723.5462,3604.85,3486.1538,3317.1626,120884.96357857143,Hold,45
2024-12-04 12:00:00,3729.09,3853.38,3690.0,3821.0,242264.7224,63.446639212520346,0.6639929569799152,28.167918289690533,16.111502548147413,12.05641574154312,3787.562515047109,3663.3055,3539.0484849528907,3870.4076,3723.5462,3604.85,3486.1538,3317.1626,129491.34102857143,Hold,25
2024-12-04 16:00:00,3820.99,3844.65,3732.98,3841.15,190852.24,74.46540148231409,0.672619868240739,38.88195662856924,20.665593364231782,18.21636326433746,3818.007645345219,3670.7419999999997,3523.4763546547806,3870.4076,3723.5462,3604.85,3486.1538,3317.1626,128644.71809999998,Hold,-10
2024-12-04 20:00:00,3841.15,3887.24,3822.5,3837.8,144147.7111,69.01848237837993,0.6659166305855762,46.565810522236916,25.84563679583281,20.720173726404106,3839.703475033297,3676.2025000000003,3512.701524966704,3870.4076,3723.5462,3604.85,3486.1538,3317.1626,131118.63992142858,Hold,45
2024-12-05 00:00:00,3837.8,3905.0,3765.71,3832.66,218327.0792,78.95621569061917,0.6541476135501159,51.64523097428719,31.005555631523688,20.6396753427635,3859.948127094762,3682.437500000001,3504.9268729052396,3870.4076,3723.5462,3604.85,3486.1538,3317.1626,136878.9058,Hold,10
2024-12-05 04:00:00,3832.67,3880.2,3818.61,3850.98,110887.4677,78.21642196816335,0.6661025916520107,56.49770875325203,36.10398625586936,20.39372249738267,3882.3249279645,3689.6060000000007,3496.887072035501,3870.4076,3723.5462,3604.85,3486.1538,3317.1626,141168.48500000002,Hold,0
2024-12-05 08:00:00,3850.98,3943.28,3850.75,3930.98,138309.1401,82.78657149907478,0.700773566298572,66.03742543189128,42.090674091073744,23.946751340817535,3922.7321309441763,3701.9044999999996,3481.076869055823,3870.4076,3723.5462,3604.85,3486.1538,3317.1626,144852.46469285715,Hold,-20
2024-12-05 12:00:00,3930.98,3956.0,3861.0,3888.0,153003.626,79.20553197882231,0.6164569847817949,69.33039518943633,47.538618310746266,21.791776878690065,3948.0833655718816,3712.9604999999997,3477.837634428118,3870.4076,3723.5462,3604.85,3486.1538,3317.1626,150563.52855714285,Hold,10
2024-12-05 16:00:00,3888.0,3926.33,3820.01,3830.81,120866.8673,70.93139902751116,0.513595210674412,66.55810203435703,51.342515055468425,15.21558697888861,3958.1943716045084,3725.0515,3491.9086283954916,3870.4076,3723.5462,3604.85,3486.1538,3317.1626,150548.75029999999,Hold,0
2024-12-05 20:00:00,3830.8,3862.23,3677.0,3785.2,205099.0957,70.44352907347707,0.4418317596044486,59.98917603497148,53.071847251369036,6.917328783602443,3963.9281860370215,3730.7049999999995,3497.4818139629774,3870.4076,3723.5462,3604.85,3486.1538,3317.1626,148840.59312142857,Hold,10
2024-12-06 00:00:00,3785.21,3914.0,3777.26,3907.01,113127.0334,75.82770561397318,0.5731695853147198,63.87598129431353,55.23267405995794,8.643307234355596,3984.327452118223,3745.447,3506.5665478817773,3870.4076,3723.5462,3604.85,3486.1538,3317.1626,150455.7811,Hold,0
2024-12-06 04:00:00,3907.01,3929.0,3874.5,3893.75,80798.7601,72.72830864381922,0.5548553475514884,65.13548990155505,57.213237228277364,7.922252673277683,4000.5393264760164,3757.9635000000003,3515.387673523984,3870.4076,3723.5462,3604.85,3486.1538,3317.1626,150654.50781428572,Hold,0
2024-12-06 08:00:00,3893.74,3910.45,3845.3,3867.02,92340.5447,67.28197527521436,0.5154672726638069,63.247691916897566,58.42012816600141,4.827563750896154,4009.8705537846827,3769.327,3528.783446215318,3870.4076,3723.5462,3604.85,3486.1538,3317.1626,144896.79455,Hold,35
2024-12-06 12:00:00,3867.01,4041.0,3831.9,3993.02,286698.8778,70.85589978231307,0.6110888489391413,71.0991585452498,60.95593424185109,10.143224303398704,4037.1566723380706,3788.1354999999994,3539.114327661928,3870.4076,3723.5462,3604.85,3486.1538,3317.1626,159740.51517142853,Hold,10
2024-12-06 16:00:00,3993.01,4073.86,3980.11,4067.62,137627.0476,73.2810673267277,0.6434000219362553,82.39134284330066,65.243015962141,17.14832688115966,4075.1941106973377,3810.826,3546.4578893026624,3870.4076,3723.5462,3604.85,3486.1538,3317.1626,159596.44379285714,Hold,0
2024-12-06 20:00:00,4067.61,4087.73,3990.03,3998.87,93262.851,62.63478668529499,0.5633083688545879,84.81523261706343,69.15745929312548,15.657773323937946,4083.945277318286,3832.1800000000003,3580.4147226817145,3870.4076,3723.5462,3604.85,3486.1538,3317.1626,148953.45297857144,Hold,35
2024-12-07 00:00:00,3998.87,4024.46,3970.0,3986.87,65288.4745,60.47230287164072,0.5489656749745963,84.79047124189674,72.28406168287974,12.506409559017001,4082.8427701356068,3852.6565,3622.4702298643933,3870.4076,3723.5462,3604.85,3486.1538,3317.1626,139984.6125857143,Hold,35
2024-12-07 04:00:00,3986.87,4003.16,3968.0,3985.87,44458.0473,60.67725233983044,0.5476039382700615,83.72502604777037,74.57225455585787,9.152771491912503,4079.3837678164714,3871.2244999999994,3663.0652321835273,3870.4076,3723.5462,3604.85,3486.1538,3317.1626,132863.9223142857,Hold,35
2024-12-07 08:00:00,3985.87,4009.0,3973.51,3998.3,44383.4721,61.81994633771972,0.5592937565764334,82.92771114014704,76.24334587271571,6.684365267431332,4078.587123136537,3888.0494999999996,3697.5118768634625,3870.4076,3723.5462,3604.85,3486.1538,3317.1626,120439.37895000001,Hold,35
2024-12-07 12:00:00,3998.29,4008.46,3976.2,4004.71,48658.8373,61.159748537123235,0.5657509660234923,81.8693281083606,77.36854231984469,4.500785788515913,4081.3679593726147,3902.5355000000004,3723.703040627386,3870.4076,3723.5462,3604.85,3486.1538,3317.1626,115994.47677857142,Hold,35
2024-12-07 16:00:00,4004.72,4020.43,3986.0,4012.19,46291.4199,56.58904665301545,0.5739268932256956,80.7038219939027,78.03559825465629,2.6682237392464003,4082.0249093806774,3916.6904999999997,3751.356090619322,3870.4076,3723.5462,3604.85,3486.1538,3317.1626,109421.78247857142,Hold,35
2024-12-07 20:00:00,4012.2,4024.01,3993.02,3996.22,34839.7689,59.18301540953962,0.5389630383529099,77.59701438862794,77.94788148145062,-0.350867092822682,4087.9819085264776,3925.4515,3762.9210914735227,3870.4076,3723.5462,3604.85,3486.1538,3317.1626,100981.50697142856,Hold,-25
2024-12-08 00:00:00,3996.22,4008.99,3985.47,3989.28,27302.2303,64.70064379656287,0.5225883665551584,73.72499117208918,77.10330341957834,-3.3783122474891627,4092.691363699739,3932.858,3773.024636300261,3870.4076,3723.5462,3604.85,3486.1538,3317.1626,94298.3186142857,Hold,-25
2024-12-08 04:00:00,3989.28,3995.85,3958.87,3980.6,37262.434,69.45982551866857,0.5001897750084771,69.15876225688544,75.51439518703977,-6.355632930154329,4094.6252447703087,3939.9979999999996,3785.3707552296905,3870.4076,3723.5462,3604.85,3486.1538,3317.1626,82309.98563571429,Hold,-25
2024-12-08 08:00:00,3980.6,3981.79,3923.5,3971.84,55860.2743,58.33269067612228,0.4759033225798262,64.09429501839941,73.2303751533117,-9.13608013491229,4093.563843395935,3946.957,3800.350156604065,3870.4076,3723.5462,3604.85,3486.1538,3317.1626,78219.50284285715,Hold,-25
2024-12-08 12:00:00,3971.85,4003.4,3956.16,3990.79,60123.2278,62.29288066864147,0.5221412411701339,60.90766917607107,70.76583395786358,-9.85816478179251,4094.4929386722406,3953.9474999999998,3813.402061327759,3870.4076,3723.5462,3604.85,3486.1538,3317.1626,76742.67910714286,Hold,-25
2024-12-08 16:00:00,3990.79,3999.89,3964.4,3989.99,35630.8291,66.67299400685155,0.5195022488904516,57.65310284175621,68.1432877346421,-10.490184892885893,4097.890193378492,3956.898,3815.905806621509,3870.4076,3723.5462,3604.85,3486.1538,3317.1626,72691.98513571428,Hold,-25
2024-12-08 20:00:00,3989.99,4015.58,3975.4,4004.15,35183.173,52.16595959960678,0.5540272192658855,55.57578616567753,65.62978742084918,-10.054001255171656,4101.2965829477325,3962.7055,3824.114417052268,3870.4076,3723.5462,3604.85,3486.1538,3317.1626,54726.57765,Hold,-25
2024-12-09 00:00:00,4004.15,4006.17,3905.21,3929.37,74905.7169,23.114620201344394,0.3506698490493402,47.349560437517084,61.97374202418277,-14.624181586665685,4092.8404430183227,3967.6335,3842.426556981677,3870.4076,3723.5462,3604.85,3486.1538,3317.1626,50246.482599999996,Hold,20
2024-12-09 04:00:00,3929.37,3948.91,3880.44,3918.44,75191.7029,29.820864067230005,0.3293489013561774,39.493006827846784,57.47759498491558,-17.984588157068792,4069.1250666695273,3974.2955,3879.465933330473,3870.4076,3723.5462,3604.85,3486.1538,3317.1626,48955.68630714285,Hold,20
2024-12-09 08:00:00,3918.44,3920.0,3841.24,3850.88,95335.7358,23.319599764439374,0.2278946735828066,27.498122867816164,51.4817005614957,-23.983577693679536,4077.3802949853657,3971.489,3865.5977050146344,3870.4076,3723.5462,3604.85,3486.1538,3317.1626,51101.91925714286,Hold,40
2024-12-09 12:00:00,3850.88,3946.0,3804.32,3824.0,164012.5757,21.169807288036125,0.1991149453777781,15.642779333686121,44.31391631593379,-28.671136982247667,4088.288866493278,3968.0015,3847.7141335067217,3870.4076,3723.5462,3604.85,3486.1538,3317.1626,59641.52842857143,Hold,40
2024-12-09 16:00:00,3824.0,3866.35,3786.87,3795.78,108473.7508,15.85053284762516,0.1723522334533855,3.924971387189089,36.23612733018485,-32.31115594299576,4100.502345305487,3964.4394999999995,3828.3766546945117,3870.4076,3723.5462,3604.85,3486.1538,3317.1626,64219.405478571425,Hold,40
2024-12-09 20:00:00,3795.77,3804.19,3509.0,3712.0,421722.718,10.856134157064403,0.1174216599532003,-11.983681236273696,26.59216561689314,-38.57584685316684,4126.245774099418,3950.3885,3774.531225900582,3870.4076,3723.5462,3604.85,3486.1538,3317.1626,90866.82552857143,Hold,30
2024-12-10 00:00:00,3712.0,3780.76,3615.11,3682.4,201647.552,8.360899977243776,0.1037540308890813,-26.672412707804142,15.939249951953686,-42.611662659757826,4135.0636861878265,3931.1274999999996,3727.191313812173,3870.4076,3723.5462,3604.85,3486.1538,3317.1626,101963.69210714285,Hold,30
2024-12-10 04:00:00,3682.39,3743.65,3638.0,3734.55,95140.8254,19.72743469301095,0.2712046334027062,-33.716605026435445,6.00807895627586,-39.724683982711305,4137.054693875829,3917.9114999999997,3698.768306124171,3870.4076,3723.5462,3604.85,3486.1538,3317.1626,106270.91042857141,Hold,10
2024-12-10 08:00:00,3734.54,3773.39,3713.56,3750.11,66469.389,22.871531952469297,0.3130150039320025,-37.6100707458595,-2.715550984151213,-34.89451976170829,4134.8975261837495,3906.0735,3677.2494738162504,3870.4076,3723.5462,3604.85,3486.1538,3317.1626,109068.56462142857,Hold,10
2024-12-10 12:00:00,3750.1,3754.5,3555.41,3567.75,260032.2239,16.40710182423969,0.1718448963042168,-54.77913852323354,-13.12826849196768,-41.65087003126586,4155.864906740042,3885.1675000000005,3614.470093259959,3870.4076,3723.5462,3604.85,3486.1538,3317.1626,124980.69247142857,Hold,30
2024-12-10 16:00:00,3567.76,3634.92,3515.89,3628.82,238385.3346,24.27864427109482,0.2916971659722396,-62.734742753105365,-23.049563344195217,-39.685179408910145,4154.756162501343,3866.6935000000003,3578.6308374986575,3870.4076,3723.5462,3604.85,3486.1538,3317.1626,138018.1967785714,Hold,10
2024-12-10 20:00:00,3628.81,3673.2,3613.3,3628.25,80530.7088,22.04435396805954,0.2912384597891747,-68.29831025225712,-32.0993127258076,-36.198997526449524,4146.948418062544,3847.8705,3548.792581937456,3870.4076,3723.5462,3604.85,3486.1538,3317.1626,139475.87399285714,Hold,0
2024-12-11 00:00:00,3628.24,3668.96,3562.34,3665.23,83678.45,26.281040023317615,0.361337714944672,-68.92893082564069,-39.46523634577422,-29.46369447986647,4129.719213032527,3830.5225,3531.3257869674735,3870.4076,3723.5462,3604.85,3486.1538,3317.1626,142907.8469142857,Hold,0
2024-12-11 04:00:00,3665.23,3681.81,3646.0,3652.58,47088.7098,24.266202110945898,0.3471624032413974,-69.6466087013614,-45.50151081689166,-24.14509788446974,4111.939737315264,3813.3405,3514.7412626847354,3870.4076,3723.5462,3604.85,3486.1538,3317.1626,143758.24240000002,Hold,0
2024-12-11 08:00:00,3652.58,3728.0,3651.23,3716.84,62134.3791,34.20015760434177,0.4552819512656739,-64.28904454471694,-49.25901756245672,-15.030026982260225,4089.242104220877,3799.7185,3510.194895779123,3870.4076,3723.5462,3604.85,3486.1538,3317.1626,142846.00398571428,Hold,-35
2024-12-11 12:00:00,3716.84,3821.0,3709.17,3787.34,131816.234,41.04679432887501,0.5342190712418923,-53.73495246136599,-50.154204542238574,-3.5807479191274183,4066.7773807071458,3790.0555,3513.333619292854,3870.4076,3723.5462,3604.85,3486.1538,3317.1626,146890.61335,Hold,-25
2024-12-11 16:00:00,3787.34,3814.2,3753.5,3803.91,83844.0606,46.552154444593434,0.5494623906363758,-43.53188940505015,-48.829741514800894,5.2978521097507425,4045.0248911616363,3781.6589999999997,3518.293108838363,3870.4076,3723.5462,3604.85,3486.1538,3317.1626,146069.77940714287,Hold,35
2024-12-11 20:00:00,3803.91,3848.64,3803.0,3831.81,53256.9466,50.57243795524459,0.5743078425252925,-32.816305649759215,-45.62705434179256,12.810748692033343,4019.509739026016,3773.71,3527.910260973984,3870.4076,3723.5462,3604.85,3486.1538,3317.1626,138158.66304285714,Hold,35
2024-12-12 00:00:00,3831.82,3947.81,3796.8,3935.0,96992.9744,59.19380827841233,0.6378404067144036,-15.815249366841726,-39.664693346802395,23.849443979960668,4007.6345647054613,3770.9604999999997,3534.286435294538,3870.4076,3723.5462,3604.85,3486.1538,3317.1626,137338.6075857143,Hold,35
2024-12-12 04:00:00,3935.0,3945.67,3894.09,3905.4,75641.5407,63.75611699088247,0.5964587507254281,-4.676356274905174,-32.66702593242295,27.990669657517778,3985.725415682752,3766.023,3546.320584317248,3870.4076,3723.5462,3604.85,3486.1538,3317.1626,112618.52349285713,Hold,35
2024-12-12 08:00:00,3905.4,3937.99,3891.32,3913.38,60232.5799,66.95042122861753,0.6018903513442877,4.740569723334829,-25.185506801271398,29.926076524606227,3982.526358486285,3765.2235,3547.920641513715,3870.4076,3723.5462,3604.85,3486.1538,3317.1626,102517.45405714285,Hold,35
2024-12-12 12:00:00,3913.38,3987.41,3913.38,3957.67,161318.0936,66.56470867717942,0.6300574638769612,15.597585024253931,-17.028888436166334,32.626473460420264,3990.924010691604,3767.185,3543.445989308396,3870.4076,3723.5462,3604.85,3486.1538,3317.1626,107244.40178571429,Hold,45
2024-12-12 16:00:00,3957.77,3985.56,3853.83,3871.14,109750.4709,58.128819934070265,0.5028668194788155,17.02336527398529,-10.218437694136009,27.2418029681213,3993.708977172415,3768.1979999999994,3542.687022827584,3870.4076,3723.5462,3604.85,3486.1538,3317.1626,110335.90763571429,Hold,35
2024-12-12 20:00:00,3871.13,3902.04,3836.07,3881.61,68162.9748,77.40848120702042,0.5143351517132414,18.78164478276085,-4.418421198756637,23.200065981517486,4001.018847804415,3771.0784999999996,3541.138152195584,3870.4076,3723.5462,3604.85,3486.1538,3317.1626,96630.96127142858,Hold,0
2024-12-13 00:00:00,3881.6,3941.19,3852.94,3932.83,64542.0267,77.01302624778688,0.5647516697125379,24.03110428641412,1.271483898277514,22.759620388136607,4018.876036484071,3777.9309999999996,3536.9859635159282,3870.4076,3723.5462,3604.85,3486.1538,3317.1626,84213.58213571428,Hold,0
2024-12-13 04:00:00,3932.83,3936.26,3871.0,3885.64,51976.2093,71.12073917237034,0.4955659774631718,24.105625501112172,5.838312218844447,18.267313282267725,4030.055726354129,3786.613,3543.1702736458706,3870.4076,3723.5462,3604.85,3486.1538,3317.1626,82173.97502857143,Hold,0
2024-12-13 08:00:00,3885.64,3923.66,3872.2,3901.5,54233.1081,70.08381360381814,0.5145325947530658,25.154488270449292,9.701547429165418,15.452940841283874,4040.984103657902,3797.568,3554.1518963420986,3870.4076,3723.5462,3604.85,3486.1538,3317.1626,80070.73632142856,Hold,0
2024-12-13 12:00:00,3901.5,3968.47,3879.0,3886.21,107263.9583,69.77066937446445,0.489420570813749,24.469870915708725,12.65521212647408,11.814658789234645,4049.7474434823307,3805.1510000000003,3560.55455651767,3870.4076,3723.5462,3604.85,3486.1538,3317.1626,84368.96835714286,Hold,45
2024-12-13 16:00:00,3886.2,3946.37,3880.07,3917.98,66342.3222,68.0116770540597,0.5323832825894642,26.188989843866693,15.361967669952604,10.82702217391409,4061.6837225917043,3813.5445,3565.4052774082957,3870.4076,3723.5462,3604.85,3486.1538,3317.1626,84669.53572142858,Hold,35
2024-12-13 20:00:00,3917.99,3936.0,3891.0,3906.8,43408.0627,61.968980442275665,0.5112776087322771,26.345576014431117,17.558689338848307,8.78688667558281,4052.926649396209,3830.4970000000003,3608.0673506037915,3870.4076,3723.5462,3604.85,3486.1538,3317.1626,78354.66634285713,Hold,35
2024-12-14 00:00:00,3906.8,3945.0,3895.67,3910.83,48077.2434,60.98869475830343,0.5177277097804501,26.489504484081863,19.34485236789502,7.144652116186844,4048.149797159578,3844.5975,3641.0452028404216,3870.4076,3723.5462,3604.85,3486.1538,3317.1626,75799.89368571427,Hold,35
2024-12-14 04:00:00,3910.83,3935.71,3906.26,3920.76,23290.7886,59.49245512542788,0.5346170424712112,27.092531011767278,20.89438809666947,6.198142915097808,4037.829114482455,3859.2229999999995,3680.616885517544,3870.4076,3723.5462,3604.85,3486.1538,3317.1626,73659.45382857144,Hold,35
2024-12-14 08:00:00,3920.75,3931.38,3886.2,3894.53,32599.3234,44.83234159904295,0.470323939334629,25.163819248423806,21.74827432702034,3.415544921403466,4024.591633772613,3870.6879999999996,3716.7843662273863,3870.4076,3723.5462,3604.85,3486.1538,3317.1626,69059.90732857143,Hold,35
2024-12-14 12:00:00,3894.53,3898.8,3846.3,3889.01,59099.8968,47.77000734695673,0.4566073041108311,22.92561123727546,21.983741709071364,0.9418695282040979,3997.1987360341577,3882.5095,3767.8202639658425,3870.4076,3723.5462,3604.85,3486.1538,3317.1626,67878.36133571427,Hold,35
2024-12-14 16:00:00,3889.0,3898.23,3827.0,3859.11,65864.5831,43.0317660048272,0.3845205393863699,18.5255837500531,21.29211011726771,-2.7665263672146096,3974.932115721924,3889.6230000000005,3804.313884278077,3870.4076,3723.5462,3604.85,3486.1538,3317.1626,68280.64727857143,Hold,-25
2024-12-14 20:00:00,3859.11,3876.87,3825.03,3870.29,36607.1126,37.7378613526443,0.4203836389972781,15.75900285550506,20.18548866491518,-4.426485809410121,3965.0545611031794,3893.7705,3822.486438896821,3870.4076,3723.5462,3604.85,3486.1538,3317.1626,59372.72006428572,Hold,-25
2024-12-15 00:00:00,3870.3,3895.53,3856.02,3874.48,24783.839,50.60957804033127,0.4341476439219004,13.746108959714093,18.897612723874964,-5.151503764160871,3955.6715605688305,3897.299,3838.9264394311695,3870.4076,3723.5462,3604.85,3486.1538,3317.1626,53303.67492857143,Hold,-25
2024-12-15 04:00:00,3874.49,3911.5,3831.5,3845.2,38056.0576,43.781808245170915,0.3560582712793517,9.676678027573416,17.053425784614657,-7.37674775704124,3953.412112426868,3897.9685000000004,3842.5248875731327,3870.4076,3723.5462,3604.85,3486.1538,3317.1626,51153.180842857146,Hold,-25
2024-12-15 08:00:00,3845.19,3879.01,3837.21,3877.61,25590.3833,39.921886406570756,0.4627377773641553,8.963515012049356,15.435443630101597,-6.471928618052241,3948.37075252266,3895.0990000000006,3841.827247477341,3870.4076,3723.5462,3604.85,3486.1538,3317.1626,48370.9206,Hold,-25
2024-12-15 12:00:00,3877.61,3910.33,3867.99,3894.76,44614.4511,51.869465398193675,0.5055825385111955,9.67071190858087,14.282497285797453,-4.611785377216583,3947.617664998994,3894.567,3841.516335001006,3870.4076,3723.5462,3604.85,3486.1538,3317.1626,47845.08072857143,Hold,-25
2024-12-15 16:00:00,3894.76,3919.6,3886.4,3904.09,31811.6421,50.54551581755442,0.5271793293660842,10.858849512318557,13.597767731101674,-2.738918218783118,3946.6195957127165,3894.1025,3841.5854042872834,3870.4076,3723.5462,3604.85,3486.1538,3317.1626,46243.54744285714,Hold,-25
2024-12-15 20:00:00,3904.09,3974.61,3844.4,3959.09,88976.841,63.15048718842147,0.6144365573228858,16.053443366958618,14.088902858273064,1.9645405086855536,3947.05502130738,3894.1735,3841.29197869262,3870.4076,3723.5462,3604.85,3486.1538,3317.1626,44937.32477857143,Hold,25
2024-12-16 00:00:00,3959.09,4025.18,3928.88,3942.6,144630.7421,54.701703460100106,0.5684466910481805,18.624895038064096,14.996101294231272,3.6287937438328246,3953.645694712151,3897.7464999999997,3841.8473052878485,3870.4076,3723.5462,3604.85,3486.1538,3317.1626,50529.354771428574,Hold,45
2024-12-16 04:00:00,3942.6,3983.0,3935.23,3974.01,43808.388,61.91455415675699,0.6101327510871125,22.93295666029144,16.583472367443306,6.349484292848132,3967.208440058265,3902.3665,3837.5245599417353,3870.4076,3723.5462,3604.85,3486.1538,3317.1626,50557.94943571428,Hold,15
2024-12-16 08:00:00,3974.0,3975.91,3902.39,3909.67,63910.2867,49.83058768527353,0.4587508035017837,20.91433876704741,17.44964564736413,3.4646931196832824,3964.5700584187807,3901.2085000000006,3837.8469415812206,3870.4076,3723.5462,3604.85,3486.1538,3317.1626,51688.8811,Hold,45
2024-12-16 12:00:00,3909.68,3960.0,3884.0,3941.21,122284.2247,52.80929746936851,0.5151931738841272,21.61047188468183,18.281810894827668,3.3286609898541606,3969.317099808939,3903.987,3838.656900191061,3870.4076,3723.5462,3604.85,3486.1538,3317.1626,58759.840821428574,Hold,45
2024-12-16 16:00:00,3941.21,4107.8,3939.4,4056.88,220282.2717,67.90322224896872,0.6265863948758695,31.136838607789286,20.852816437419992,10.284022170369294,4006.275328326865,3911.7560000000003,3817.236671673136,3870.4076,3723.5462,3604.85,3486.1538,3317.1626,72165.7657,Hold,25
2024-12-16 20:00:00,4056.89,4071.99,3980.0,3986.24,78435.1591,59.37554239854365,0.5205683539866963,32.61058075714391,23.20436930136478,9.406211455779129,4016.0508022334043,3916.7574999999997,3817.464197766595,3870.4076,3723.5462,3604.85,3486.1538,3317.1626,73546.85586428571,Hold,45
2024-12-17 00:00:00,3986.24,4041.82,3943.0,4035.01,73034.8936,66.36583550410693,0.5646939739695289,37.28407582279624,26.020310605651073,11.263765217145167,4035.1194604072252,3922.6090000000004,3810.0985395927755,3870.4076,3723.5462,3604.85,3486.1538,3317.1626,74059.0209,Hold,35
2024-12-17 04:00:00,4035.01,4035.02,3982.77,3994.24,49961.2435,60.93052787512065,0.5072478744829781,37.26844858565437,28.269938201651733,8.998510384002635,4043.6245466033315,3926.9809999999998,3810.337453396668,3870.4076,3723.5462,3604.85,3486.1538,3317.1626,75012.88739285714,Hold,35
2024-12-17 08:00:00,3994.23,4031.38,3990.0,3997.14,51842.525,60.84143538963193,0.5106324536538055,37.0628323903361,30.028517039388607,7.034315350947491,4051.7483818580713,3931.2964999999995,3810.8446181419276,3870.4076,3723.5462,3604.85,3486.1538,3317.1626,76945.65067857143,Hold,35
2024-12-17 12:00:00,3997.15,4025.6,3916.57,3939.18,118990.8486,57.90571688131989,0.4251381250089546,31.855778876735712,30.39396940685803,1.4618094698776822,4052.611836442216,3932.2175,3811.8231635577845,3870.4076,3723.5462,3604.85,3486.1538,3317.1626,82726.70717857142,Hold,45
2024-12-17 16:00:00,3939.19,3984.46,3917.2,3943.99,71693.5838,55.85588764586219,0.4333727017340692,27.796853430162628,29.87454621151895,-2.0776927813563226,4053.8509064364434,3934.6905000000006,3815.530093563558,3870.4076,3723.5462,3604.85,3486.1538,3317.1626,86019.79292857142,Hold,-25
2024-12-17 20:00:00,3944.0,3952.0,3847.96,3893.01,85302.8916,49.85431477985749,0.3607101016040059,20.233229750595,27.946282919334163,-7.713053168739162,4053.741107415995,3934.8905,3816.039892584005,3870.4076,3723.5462,3604.85,3486.1538,3317.1626,88926.11010714286,Hold,-25
2024-12-18 00:00:00,3893.01,3903.2,3834.66,3849.81,80564.7394,45.72248140199216,0.308620717996956,10.630581799360243,24.48314269533938,-13.852560895979138,4054.5899929559537,3934.4255,3814.261007044046,3870.4076,3723.5462,3604.85,3486.1538,3317.1626,92408.47419999998,Hold,-25
2024-12-18 04:00:00,3849.8,3861.7,3803.63,3847.33,83904.9284,40.397965495813196,0.3056452159270497,2.7881586831581444,20.144145892903136,-17.355987209744992,4056.423588832451,3933.2775,3810.1314111675492,3870.4076,3723.5462,3604.85,3486.1538,3317.1626,92046.19472857143,Hold,-25
2024-12-18 08:00:00,3847.33,3887.32,3841.6,3882.65,44754.8074,45.01073586434029,0.3933143177854175,-0.5704139427343762,16.001233925775633,-16.57164786851001,4056.062654533166,3933.686,3811.309345466834,3870.4076,3723.5462,3604.85,3486.1538,3317.1626,84912.19939285715,Hold,-25
2024-12-18 12:00:00,3882.66,3891.09,3825.0,3867.98,85350.9141,40.922866192864845,0.3698312537179874,-4.365530228630632,11.927881094894381,-16.293411323525014,4054.119219474344,3934.825,3815.5307805256557,3870.4076,3723.5462,3604.85,3486.1538,3317.1626,87879.52268571428,Hold,-25
2024-12-18 16:00:00,3867.99,3907.19,3770.0,3770.29,120106.5226,38.71234207960125,0.2509976504308655,-15.082096774804086,6.525885520954689,-21.607982295758774,4067.7341697312413,3929.459,3791.1838302687584,3870.4076,3723.5462,3604.85,3486.1538,3317.1626,91893.5395357143,Hold,5
2024-12-18 20:00:00,3770.3,3786.23,3617.42,3626.8,307823.1499,28.445876465291306,0.1607619410828562,-34.75288712551219,-1.7298690083386863,-33.0230181171735,4109.440054425549,3916.061,3722.681945574451,3870.4076,3723.5462,3604.85,3486.1538,3317.1626,105146.31990714285,Hold,30
2024-12-19 00:00:00,3626.8,3673.82,3542.22,3668.9,199888.1171,20.418433011027233,0.2503949269947898,-46.41002615098978,-10.665900436868906,-35.74412571412087,4127.110347530541,3904.3015,3681.4926524694592,3870.4076,3723.5462,3604.85,3486.1538,3317.1626,103689.59457857143,Hold,30
2024-12-19 04:00:00,3668.9,3699.58,3653.0,3693.79,62129.1335,26.0298673835116,0.299626202997107,-53.02869602962892,-19.13845955542091,-33.89023647420801,4131.037409846946,3891.0365000000006,3651.0355901530556,3870.4076,3723.5462,3604.85,3486.1538,3317.1626,102524.87846428572,Hold,0
2024-12-19 08:00:00,3693.79,3720.0,3664.28,3705.62,58298.6588,21.26193093575219,0.3234433972324863,-56.66624427039051,-26.644016498414828,-30.02222777197568,4131.550889777505,3879.1875,3626.8241102224947,3870.4076,3723.5462,3604.85,3486.1538,3317.1626,101472.29026428571,Hold,0
2024-12-19 12:00:00,3705.62,3710.2,3572.73,3613.92,138220.2184,19.526617736567204,0.2443356474978111,-66.18550577787755,-34.55231435430738,-31.633191423570175,4135.488585268449,3861.183,3586.8774147315503,3870.4076,3723.5462,3604.85,3486.1538,3317.1626,107776.50275714287,Hold,10
2024-12-19 16:00:00,3613.92,3637.1,3376.2,3439.44,392538.6357,14.950980392130532,0.1575420309919282,-86.80799834610343,-45.00345115266659,-41.80454719343684,4169.133092045059,3837.6714999999995,3506.20990795494,3870.4076,3723.5462,3604.85,3486.1538,3317.1626,132111.9392357143,Hold,20
2024-12-19 20:00:00,3439.45,3465.11,3326.8,3417.01,227078.7216,15.649874353649125,0.14953386065517,-103.76524467908848,-56.75580985795097,-47.00943482113751,4188.252334857517,3811.4615,3434.670665142483,3870.4076,3723.5462,3604.85,3486.1538,3317.1626,139832.50159285715,Hold,20
2024-12-20 00:00:00,3417.01,3465.6,3370.47,3413.87,147018.6408,15.05010548520427,0.1483020689915435,-116.11881095502758,-68.6284100773663,-47.49040087766129,4177.078321718818,3779.311,3381.5436782811826,3870.4076,3723.5462,3604.85,3486.1538,3317.1626,145212.86280714287,Hold,0
2024-12-20 04:00:00,3413.85,3431.16,3328.44,3390.48,145836.4031,15.618286558719944,0.1383893337983483,-126.34010862472314,-80.17074978683767,-46.16935883788547,4170.5900498476,3749.523,3328.4559501524,3870.4076,3723.5462,3604.85,3486.1538,3317.1626,149536.68505714284,Hold,-10
2024-12-20 08:00:00,3390.48,3390.79,3103.0,3104.56,458522.5239,11.72434336895995,0.0707247295450915,-155.7169075553993,-95.27998134055001,-60.436926214849294,4191.467602010267,3703.0004999999996,3214.5333979897323,3870.4076,3723.5462,3604.85,3486.1538,3317.1626,176533.6696642857,Hold,20
2024-12-20 12:00:00,3104.68,3396.4,3101.9,3374.61,335474.3132,30.95560389973143,0.3775668825675388,-155.41591631811843,-107.3071683360637,-48.10874798205474,4161.309211714881,3672.0190000000002,3182.728788285119,3870.4076,3723.5462,3604.85,3486.1538,3317.1626,194502.91143571428,Hold,-35
2024-12-20 16:00:00,3374.62,3497.84,3366.68,3479.35,160666.9785,34.61297805447572,0.4461536702127489,-145.05364778385956,-114.85646422562287,-30.197183558236688,4117.451422233507,3646.1295000000005,3174.8075777664935,3870.4076,3723.5462,3604.85,3486.1538,3317.1626,202782.35222857143,Hold,-45
2024-12-20 20:00:00,3479.36,3489.99,3393.09,3472.21,85264.8715,34.8130070069235,0.4419969885295104,-135.85160095178935,-119.05549157085618,-16.796109380933174,4079.0016371067604,3622.781,3166.5603628932395,3870.4076,3723.5462,3604.85,3486.1538,3317.1626,202776.2063285714,Hold,-45
2024-12-21 00:00:00,3472.2,3489.96,3445.35,3467.64,54575.1862,37.492457867330785,0.438938980106653,-127.45841211239804,-120.73607567916456,-6.72233643323348,4033.8137641878043,3598.9634999999994,3164.1132358121945,3870.4076,3723.5462,3604.85,3486.1538,3317.1626,198095.3965857143,Hold,-45
2024-12-21 04:00:00,3467.64,3555.18,3460.8,3523.46,85515.9214,45.39565139898096,0.4815606526482768,-114.97715690076757,-119.58429192348517,4.6071350227176,3993.5895673583605,3580.486,3167.3824326416393,3870.4076,3723.5462,3604.85,3486.1538,3317.1626,182216.3088357143,Hold,25
2024-12-21 08:00:00,3523.45,3527.49,3423.91,3442.23,71843.6301,40.240930657042924,0.4197233748668177,-110.36800074463827,-117.7410336877158,7.373032943077533,3957.170531763917,3560.107,3163.043468236083,3870.4076,3723.5462,3604.85,3486.1538,3317.1626,173070.27405000004,Hold,15
2024-12-21 12:00:00,3442.23,3444.24,3347.0,3390.4,121858.0815,37.23396197829439,0.3824990343205449,-109.6336704143987,-116.11956103305238,6.485890618653684,3916.9408481309447,3537.2605000000003,3157.580151869056,3870.4076,3723.5462,3604.85,3486.1538,3317.1626,177336.62747857143,Hold,15
2024-12-21 16:00:00,3390.4,3401.33,3326.59,3359.89,79490.6857,35.67753428058333,0.3603460454708149,-110.24279998000156,-114.94420882244222,4.701408842440657,3861.5354980691104,3511.1225000000004,3160.7095019308904,3870.4076,3723.5462,3604.85,3486.1538,3317.1626,178850.34368571427,Hold,15
2024-12-21 20:00:00,3359.89,3388.88,3293.11,3338.92,61992.3151,37.89847036660765,0.3442697212981897,-111.13653055157056,-114.1826731682679,3.046142616697338,3799.7501848361776,3484.6695,3169.5888151638223,3870.4076,3723.5462,3604.85,3486.1538,3317.1626,173405.49345,Hold,15
2024-12-22 00:00:00,3338.92,3374.48,3318.71,3356.38,46613.1262,45.758782679673146,0.3695117550651072,-109.17741312984754,-113.18162116058383,4.004208030736294,3753.3920300934105,3463.9739999999997,3174.555969906589,3870.4076,3723.5462,3604.85,3486.1538,3317.1626,148696.52848571428,Hold,15
2024-12-22 04:00:00,3356.38,3361.75,3295.07,3332.4,40581.5308,45.686464440414,0.3467138482887036,-108.31123950166148,-112.20754482879937,3.8963053271378953,3733.706983768371,3449.254,3164.8010162316286,3870.4076,3723.5462,3604.85,3486.1538,3317.1626,135375.30057142855,Hold,15
2024-12-22 08:00:00,3332.5,3403.0,3331.19,3381.03,44270.8729,48.39998440903907,0.4215088016477117,-102.51898108069918,-110.26983207917934,7.750850998480161,3701.064148555392,3434.8605,3168.6568514446076,3870.4076,3723.5462,3604.85,3486.1538,3317.1626,128036.17429285715,Hold,15
2024-12-22 12:00:00,3381.03,3397.88,3275.0,3302.38,86429.5165,45.92695330553463,0.3424600655829735,-103.08665347361239,-108.83319635806595,5.746542884453561,3657.843227755742,3415.29,3172.7367722442577,3870.4076,3723.5462,3604.85,3486.1538,3317.1626,123792.82525,Hold,15
2024-11-22 16:00:00,3314.15,3321.14,3264.84,3282.4,81246.6096,60.90293785854473,0.3241990453599767,-103.95048052249194,-107.85665319095115,3.906172668459206,3601.2977891449423,3394.129,3186.9602108550575,3870.4076,3723.5462,3604.85,3486.1538,3317.1626,96844.54565714287,Hold,15
2024-11-22 20:00:00,3282.39,3330.0,3273.2,3327.78,55970.385,46.037333513742915,0.4004386699703814,-99.82259025568828,-106.24984060389859,6.427250348210308,3560.9675421361,3379.822,3198.6764578639004,3870.4076,3723.5462,3604.85,3486.1538,3317.1626,76879.97935714286,Hold,15
2024-11-23 00:00:00,3327.78,3364.98,3312.72,3345.51,105265.7506,36.719060093571116,0.4275820629645062,-94.03654984430977,-103.80718245198084,9.770632607671061,3554.625962098781,3375.1254999999996,3195.625037901218,3870.4076,3723.5462,3604.85,3486.1538,3317.1626,72922.74879285714,Hold,25
2024-11-23 04:00:00,3345.51,3361.71,3326.89,3341.34,67445.3359,36.93677506927053,0.4218250091180904,-88.76433527876497,-100.79861301733767,12.034277738572698,3550.3144040591974,3371.3419999999996,3192.369595940802,3870.4076,3723.5462,3604.85,3486.1538,3317.1626,71649.92482142858,Hold,15
2024-11-23 08:00:00,3341.34,3402.98,3335.16,3354.65,105279.0199,38.91494162649963,0.4459983924825383,-82.56035708320951,-97.15096183051205,14.590604747302535,3546.3475659788596,3368.3810000000003,3190.414434021141,3870.4076,3723.5462,3604.85,3486.1538,3317.1626,75271.62722857142,Hold,25
2024-11-23 12:00:00,3354.65,3497.51,3349.68,3460.33,229525.4046,44.358456506475115,0.5740119519861023,-68.32851824528734,-91.3864731134671,23.057954868179763,3554.350474786849,3371.8735,3189.396525213151,3870.4076,3723.5462,3604.85,3486.1538,3317.1626,85558.01888571428,Hold,25
2024-11-23 16:00:00,3460.34,3470.22,3377.0,3407.83,150136.8855,46.75948603929036,0.49864104740673,-60.58757877688413,-85.22669424615052,24.639115469266386,3519.545190825252,3387.0370000000003,3254.5288091747484,3870.4076,3723.5462,3604.85,3486.1538,3317.1626,91150.39427142858,Hold,25
2024-11-23 20:00:00,3407.82,3427.73,3379.2,3393.91,63371.6044,50.35607766739605,0.4787332215813947,-54.9427107742672,-79.16989755177386,24.22718677750666,3520.4102055971825,3388.0020000000004,3255.5937944028183,3870.4076,3723.5462,3604.85,3486.1538,3317.1626,86972.78876428571,Hold,15
2024-11-24 00:00:00,3393.91,3450.0,3389.03,3427.0,62941.932,56.77263094140786,0.5207293435183427,-47.2543075155304,-72.78677954452517,25.532472028994775,3512.138336935561,3385.3845,3258.6306630644394,3870.4076,3723.5462,3604.85,3486.1538,3317.1626,85790.73492857142,Hold,15
2024-11-24 04:00:00,3427.0,3431.99,3398.12,3422.51,50148.6763,58.726016243016865,0.5130359340824416,-41.050295759932396,-66.43948278760662,25.389187027674225,3504.3227899665776,3382.8994999999995,3261.4762100334215,3870.4076,3723.5462,3604.85,3486.1538,3317.1626,84944.76072857142,Hold,15
2024-11-24 08:00:00,3422.51,3428.35,3339.11,3344.22,99770.3421,48.87365690983987,0.3916775362467236,-41.967149276089,-61.545016085303104,19.5778668092141,3492.428383505342,3376.7284999999997,3261.0286164946574,3870.4076,3723.5462,3604.85,3486.1538,3317.1626,88741.70472142857,Hold,25
2024-11-24 12:00:00,3344.22,3357.32,3281.4,3294.39,147537.1334,46.64014850160823,0.331640392011916,-46.182266426626484,-58.47246615356778,12.290199726941296,3463.9094038408734,3365.275,3266.6405961591267,3870.4076,3723.5462,3604.85,3486.1538,3317.1626,96381.39062142858,Hold,25
2024-11-24 16:00:00,3294.39,3334.19,3287.19,3326.63,63212.5803,45.04788260557283,0.3952775732445112,-46.386563152242616,-56.05528555330275,9.668722401060137,3452.531198614429,3359.4950000000003,3266.458801385572,3870.4076,3723.5462,3604.85,3486.1538,3317.1626,97734.36972142856,Hold,15
2024-11-24 20:00:00,3326.64,3372.22,3321.51,3361.2,55487.428,55.82168731921658,0.4538465157408715,-43.26028208938078,-53.49628486051836,10.236002771137578,3449.938718153936,3358.035,3266.1312818460638,3870.4076,3723.5462,3604.85,3486.1538,3317.1626,95524.22054285715,Hold,15
2024-11-25 00:00:00,3361.21,3370.4,3300.01,3362.44,66165.1278,58.227119480138306,0.4559171619102473,-40.21900453768694,-50.84082879595208,10.621824258265136,3450.0841274590953,3358.1625,3266.2408725409045,3870.4076,3723.5462,3604.85,3486.1538,3317.1626,94446.97184285715,Hold,15
2024-11-25 04:00:00,3362.44,3419.81,3361.21,3399.41,63216.584,57.492207601864926,0.5145141994220614,-34.42872720188507,-47.55840847713868,13.12968127525361,3454.4141273147484,3361.1870000000004,3267.9598726852523,3870.4076,3723.5462,3604.85,3486.1538,3317.1626,94964.5574857143,Hold,15
2024-11-25 08:00:00,3399.4,3527.0,3396.6,3471.84,169761.3244,61.85685056203591,0.5911913697394698,-23.72194322424093,-42.79111542655913,19.0691722023182,3472.4294673702316,3366.96,3261.4905326297685,3870.4076,3723.5462,3604.85,3486.1538,3317.1626,99571.38418571428,Hold,25
2024-11-25 12:00:00,3471.84,3537.98,3348.72,3518.41,289654.5296,65.39391094171481,0.6238198029392706,-11.348115968545244,-36.50251553495635,25.154399566411108,3500.1031960598007,3376.2604999999994,3252.417803940198,3870.4076,3723.5462,3604.85,3486.1538,3317.1626,115443.46945,Hold,15
2024-11-25 16:00:00,3518.41,3546.66,3423.47,3464.0,190751.0262,58.872498904496005,0.5365890865548487,-5.864597566293014,-30.374931941223686,24.51033437493067,3510.333742734895,3380.4089999999997,3250.484257265104,3870.4076,3723.5462,3604.85,3486.1538,3317.1626,121548.61275714287,Hold,25
2024-11-25 20:00:00,3464.01,3505.45,3363.62,3414.49,169781.778,45.907581330456956,0.4645040042138305,-5.451076338701569,-25.390160820719263,19.939084482017694,3511.3575167642816,3386.0145,3260.671483235719,3870.4076,3723.5462,3604.85,3486.1538,3317.1626,117281.21085714285,Hold,25
2024-11-26 00:00:00,3414.49,3462.49,3395.84,3434.61,99053.4641,52.53752274091581,0.4916404069033203,-3.4599576978398545,-21.004120196143383,17.54416249830353,3510.688909760494,3393.625,3276.561090239506,3870.4076,3723.5462,3604.85,3486.1538,3317.1626,113632.39504285714,Hold,15
2024-11-26 04:00:00,3434.62,3442.72,3382.35,3394.8,72621.4969,50.080387304098686,0.4322165041592175,-5.036261239069972,-17.810548404728703,12.77428716565873,3509.86629390935,3396.976,3284.08570609065,3870.4076,3723.5462,3604.85,3486.1538,3317.1626,114293.10165,Hold,15
2024-11-26 08:00:00,3394.8,3397.33,3280.1,3323.01,159770.0173,41.22106471700797,0.3426487476581342,-11.940701207394795,-16.636578965261922,4.695877757867127,3511.319788382482,3395.851,3280.3822116175184,3870.4076,3723.5462,3604.85,3486.1538,3317.1626,121209.39345714287,Hold,25
2024-11-26 12:00:00,3323.02,3362.5,3290.35,3296.32,131513.0508,39.7318013897251,0.3139672833152781,-19.343203163120506,-17.17790380483364,-2.165299358286866,3515.1388835332887,3393.6,3272.061116466711,3870.4076,3723.5462,3604.85,3486.1538,3317.1626,127021.13449285715,Hold,-35
2024-11-26 16:00:00,3296.33,3338.0,3252.0,3300.61,139329.9409,45.96554850396076,0.3240346433342359,-24.580226596659486,-18.65836836319881,-5.921858233460675,3518.3421859423897,3390.898,3263.4538140576105,3870.4076,3723.5462,3604.85,3486.1538,3317.1626,129846.82012142858,Hold,-35
2024-11-26 20:00:00,3300.61,3344.31,3286.89,3324.73,70079.1803,52.9470044291046,0.3811000464147971,-26.479088527817567,-20.222512396122564,-6.256576131695002,3510.4322539941445,3384.118,3257.8037460058554,3870.4076,3723.5462,3604.85,3486.1538,3317.1626,124314.10918571427,Hold,-45
2024-11-27 00:00:00,3324.74,3372.5,3302.4,3361.03,86102.9925,53.31521529610532,0.4537356123015489,-24.769318376698266,-21.131873592237707,-3.637444784460559,3507.9766036455917,3381.778,3255.579396354408,3870.4076,3723.5462,3604.85,3486.1538,3317.1626,125949.13862857143,Hold,-45
2024-11-27 04:00:00,3361.02,3445.73,3359.32,3424.11,124111.9204,55.746989932804645,0.5417826860766073,-18.115460641472055,-20.52859100208458,2.4131303606125236,3510.8135406575175,3383.2880000000005,3255.7624593424835,3870.4076,3723.5462,3604.85,3486.1538,3317.1626,130850.8880857143,Hold,15
2024-11-27 08:00:00,3424.12,3485.5,3402.43,3460.43,97680.7587,58.41245857715048,0.5778643942890682,-9.798558305993083,-18.38258446286628,8.584026156873197,3515.7324230745635,3384.9595,3254.1865769254364,3870.4076,3723.5462,3604.85,3486.1538,3317.1626,133102.00457857142,Hold,15
2024-11-27 12:00:00,3460.43,3573.17,3441.31,3552.79,192046.4261,62.02414550002065,0.6387199152313913,4.196947037256905,-13.866678162841644,18.06362520009855,3541.6599037962665,3391.4735,3241.2870962037337,3870.4076,3723.5462,3604.85,3486.1538,3317.1626,142304.13615714284,Hold,15
2024-11-27 16:00:00,3552.79,3611.8,3533.83,3589.6,130252.9591,59.77780730000383,0.6552626404939546,18.050668351344484,-7.483208860004419,25.5338772113489,3576.126062517741,3403.7425000000003,3231.3589374822595,3870.4076,3723.5462,3604.85,3486.1538,3317.1626,139482.11006428572,Hold,5
2024-11-27 20:00:00,3589.6,3684.92,3588.0,3653.28,124378.5917,60.88908265903659,0.6780712531582378,33.77890392960262,0.7692136979169891,33.00969023168563,3619.0497880565786,3421.6870000000004,3224.324211943422,3870.4076,3723.5462,3604.85,3486.1538,3317.1626,127676.68592857142,Hold,5
2024-11-28 00:00:00,3653.27,3661.92,3564.75,3598.8,102778.5796,60.882200981520874,0.6003014591518219,41.37066794186103,8.889504546705798,32.481163395155235,3642.3559737980327,3435.2955,3228.2350262019677,3870.4076,3723.5462,3604.85,3486.1538,3317.1626,121392.93974285714,Hold,25
2024-11-28 04:00:00,3598.81,3618.4,3566.91,3592.4,81553.1306,65.43687635558942,0.5907083180099983,46.336629285461186,16.378929494456877,29.95769979100431,3662.1500096202494,3446.8555,3231.560990379751,3870.4076,3723.5462,3604.85,3486.1538,3317.1626,115090.8935,Hold,25
2024-11-28 08:00:00,3592.4,3638.39,3574.23,3620.51,93409.4729,65.90955771584919,0.6110160127358009,51.94168014685192,23.491479624935888,28.450200521916035,3684.4789896853913,3459.7589999999996,3235.039010314608,3870.4076,3723.5462,3604.85,3486.1538,3317.1626,114687.75127142857,Hold,25
2024-11-28 12:00:00,3620.51,3642.19,3536.95,3541.78,146763.2328,61.79311894202691,0.4906633856686835,49.460717942564315,28.685327288461576,20.77539065410274,3692.565958849554,3466.8775,3241.189041150446,3870.4076,3723.5462,3604.85,3486.1538,3317.1626,119983.58955,Hold,35
2024-11-28 16:00:00,3541.78,3584.87,3529.76,3575.05,76570.5621,71.55514504635299,0.5275304938593187,49.60730632447485,32.869723095664234,16.737583228810614,3702.865632351142,3472.0379999999996,3241.2103676488573,3870.4076,3723.5462,3604.85,3486.1538,3317.1626,114040.77132142856,Hold,-10
2024-11-28 20:00:00,3575.05,3599.2,3547.86,3578.79,59901.447,75.14465274420905,0.5316649572861277,49.45517692198928,36.18681386092925,13.268363061060029,3709.9813865900883,3475.0570000000007,3240.132613409913,3870.4076,3723.5462,3604.85,3486.1538,3317.1626,108925.65676428573,Hold,-10
2024-11-29 00:00:00,3578.8,3602.85,3550.07,3583.82,65033.1438,75.17735540404094,0.5378775055683681,49.173649020645826,38.78418089287257,10.389468127773256,3720.8458365733422,3481.0480000000002,3241.250163426658,3870.4076,3723.5462,3604.85,3486.1538,3317.1626,103618.74268571429,Hold,-10
2024-11-29 04:00:00,3583.82,3595.7,3534.28,3544.49,76024.4905,69.02222837736885,0.4646043407640084,45.2552593655123,40.07839658740052,5.176862778111783,3726.796464338673,3487.5480000000002,3248.2995356613274,3870.4076,3723.5462,3604.85,3486.1538,3317.1626,104043.4077,Hold,25
2024-11-29 08:00:00,3544.5,3599.66,3544.49,3594.74,55500.5568,69.75270034973937,0.5372562246695876,45.678113517581096,41.19833997343664,4.479773544144457,3738.039353002783,3495.5544999999997,3253.0696469972163,3870.4076,3723.5462,3604.85,3486.1538,3317.1626,101857.51943571428,Hold,25
2024-11-29 12:00:00,3594.75,3647.98,3574.0,3613.95,114108.1335,67.33002263913261,0.559664917737598,47.02128285589606,42.362928549928526,4.658354305967535,3749.6318460019097,3506.512,3263.3921539980906,3870.4076,3723.5462,3604.85,3486.1538,3317.1626,101142.96322857143,Hold,35
2024-11-29 16:00:00,3613.95,3620.08,3559.24,3582.79,76494.6217,61.27617222042578,0.4997883745744022,45.05207042459415,42.90075692486165,2.1513134997324954,3748.701234031277,3519.501,3290.300765968723,3870.4076,3723.5462,3604.85,3486.1538,3317.1626,99629.66772857144,Hold,25
2024-11-29 20:00:00,3582.78,3604.0,3575.56,3592.21,38332.2986,54.28832513799225,0.5146623611512207,43.74727925563002,43.07006139101533,0.6772178646146898,3739.814020049046,3534.2955,3328.7769799509542,3870.4076,3723.5462,3604.85,3486.1538,3317.1626,88650.08719285714,Hold,25
2024-11-30 00:00:00,3592.22,3661.0,3568.4,3657.12,92179.3342,56.9220044286072,0.5930955633956771,47.40446817731754,43.936942748275776,3.467525429041764,3732.618453418376,3552.121,3371.6235465816244,3870.4076,3723.5462,3604.85,3486.1538,3317.1626,85930.54255714286,Hold,35
2024-11-30 04:00:00,3657.12,3726.71,3635.42,3703.07,128826.8554,55.29692121092488,0.6286091059254174,53.395092339012535,45.82857266642313,7.566519672589408,3729.1010764966036,3571.0379999999996,3412.9749235033955,3870.4076,3723.5462,3604.85,3486.1538,3317.1626,86248.27567857143,Hold,35
2024-11-30 08:00:00,3703.06,3718.0,3631.23,3653.69,76964.0164,55.903547075483935,0.5398574431444925,53.54096491767359,47.37105111667322,6.169913801000369,3713.0900731653164,3585.671,3458.251926834683,3870.4076,3723.5462,3604.85,3486.1538,3317.1626,84404.37830714285,Hold,25
2024-11-30 12:00:00,3653.68,3685.33,3651.38,3674.0,77209.8515,58.521303257974225,0.5621036936551679,54.66527004434329,48.829894902207236,5.835375142136051,3706.4506993530968,3598.1655,3489.8803006469034,3870.4076,3723.5462,3604.85,3486.1538,3317.1626,84094.14408571427,Hold,25
2024-11-30 16:00:00,3674.0,3696.78,3656.23,3689.56,61494.3031,57.404825737093006,0.578623147934385,56.1644234051887,50.29680060280353,5.867622802385171,3704.1611700719195,3609.6220000000003,3515.082829928081,3870.4076,3723.5462,3604.85,3486.1538,3317.1626,81814.48909999999,Hold,25
2024-11-30 20:00:00,3689.56,3738.98,3686.58,3703.6,67010.3879,70.14891921481663,0.5933655333358436,57.81892334995155,51.80122515223314,6.01769819771841,3716.5486847594784,3617.1625,3517.7763152405214,3870.4076,3723.5462,3604.85,3486.1538,3317.1626,76117.85732142857,Hold,-10
2024-12-01 00:00:00,3703.59,3732.34,3659.2,3707.0,92779.5957,67.7500067257799,0.5971206941512845,58.72750395225921,53.18648091223835,5.54102304002086,3729.2007995357294,3623.0325,3516.86420046427,3870.4076,3723.5462,3604.85,3486.1538,3317.1626,77275.64543571428,Hold,35
2024-12-01 04:00:00,3707.0,3716.96,3682.0,3702.31,40551.5198,66.5736367537215,0.5842690734682613,58.395964493072825,54.22837762840525,4.167586864667577,3736.7356596020168,3625.4839999999995,3514.232340397982,3870.4076,3723.5462,3604.85,3486.1538,3317.1626,75893.50777857144,Hold,25
2024-12-01 08:00:00,3702.32,3717.0,3675.47,3692.42,61458.2739,64.38410596002609,0.5544991548373408,56.681784409743614,54.71905898467293,1.962725425070687,3744.5241598982093,3630.165,3515.8058401017906,3870.4076,3723.5462,3604.85,3486.1538,3317.1626,75638.15992857143,Hold,25
2024-12-01 12:00:00,3692.43,3746.8,3678.61,3728.59,99717.2507,74.58994496953461,0.6088951526483734,57.578175690215176,55.29088232578138,2.2872933644337934,3757.8959468765956,3636.9744999999994,3516.053053123403,3870.4076,3723.5462,3604.85,3486.1538,3317.1626,77330.49994285715,Hold,10
2024-12-01 16:00:00,3728.59,3744.11,3693.02,3707.96,66222.5075,66.42202367111574,0.5490865931548573,55.97861699895793,55.42842926041669,0.5501877385412399,3766.02761835617,3641.347,3516.6663816438304,3870.4076,3723.5462,3604.85,3486.1538,3317.1626,78096.3535642857,Hold,25
2024-12-01 20:00:00,3707.95,3734.26,3679.0,3707.61,68360.1157,64.37120235656386,0.5480015221058095,54.059548314936364,55.15465307132063,-1.0951047563842664,3768.3528294281346,3649.6385,3530.9241705718655,3870.4076,3723.5462,3604.85,3486.1538,3317.1626,74828.63800714286,Hold,-35
2024-12-02 00:00:00,3707.61,3760.0,3674.6,3685.01,114620.6485,66.10778443084607,0.4757442421588078,50.137092242669496,54.15114090559041,-4.014048662920914,3769.407945671183,3655.1364999999996,3540.8650543288163,3870.4076,3723.5462,3604.85,3486.1538,3317.1626,77551.92563571429,Hold,-25
2024-12-02 04:00:00,3685.0,3709.59,3650.0,3666.88,121775.4381,61.45210269597242,0.4221697879106224,45.04631221747286,52.3301751679669,-7.28386295049404,3768.06842072128,3659.5409999999997,3551.0135792787196,3870.4076,3723.5462,3604.85,3486.1538,3317.1626,83512.14988571429,Hold,-25
2024-12-02 08:00:00,3666.88,3672.47,3569.58,3588.99,202704.961,39.951031003699434,0.2662976110163726,34.33101376790319,48.73034288795416,-14.399329120050972,3767.589639471851,3659.7995,3552.009360528149,3870.4076,3723.5462,3604.85,3486.1538,3317.1626,91406.83751428573,Hold,-25
2024-12-02 12:00:00,3588.99,3680.37,3582.6,3672.13,109512.8056,45.88760699647976,0.4716821832086021,32.17685100806466,45.41964451197626,-13.2427935039116,3759.3480788901684,3666.1814999999997,3573.014921109831,3870.4076,3723.5462,3604.85,3486.1538,3317.1626,90027.26252857143,Hold,-25
2024-12-02 16:00:00,3672.13,3682.01,3554.32,3612.17,137683.3569,44.63233012704913,0.3809154339125861,25.33929498815678,41.40357460721236,-16.064279619055583,3757.69772954164,3667.053000000001,3576.4082704583616,3870.4076,3723.5462,3604.85,3486.1538,3317.1626,94364.35827857142,Hold,-25
2024-12-02 20:00:00,3612.17,3644.44,3598.5,3643.42,50833.3589,46.15539351253555,0.4389329066427908,22.18634602682505,37.5601288911349,-15.373782864309852,3756.453963232593,3668.5265,3580.5990367674067,3870.4076,3723.5462,3604.85,3486.1538,3317.1626,92480.32309285716,Hold,-35
2024-12-03 00:00:00,3643.43,3658.16,3607.8,3639.75,86733.4244,43.544750006321884,0.4329395703925828,19.170487484165733,33.88220060974107,-14.711713125575336,3750.897421813003,3671.3745000000004,3591.851578186998,3870.4076,3723.5462,3604.85,3486.1538,3317.1626,94283.11747142857,Hold,-35
2024-12-03 04:00:00,3639.75,3670.0,3600.0,3616.85,73048.7319,39.009805660286816,0.3934964765498614,14.762387628985834,30.058238013590024,-15.29585038460419,3747.5999007692676,3672.6064999999994,3597.613099230731,3870.4076,3723.5462,3604.85,3486.1538,3317.1626,94714.42775714285,Hold,-35
2024-12-03 08:00:00,3616.85,3635.14,3585.0,3613.81,121073.7629,38.183155385221156,0.3879813765729535,10.898008681150259,26.226192147102072,-15.328183465951813,3749.697355786929,3670.441,3591.1846442130704,3870.4076,3723.5462,3604.85,3486.1538,3317.1626,96735.4397,Hold,-25
2024-12-03 12:00:00,3613.81,3617.64,3500.0,3571.79,229013.2962,34.88091928447591,0.3157512609485764,4.394144734200381,21.859782664521735,-17.465637930321353,3752.898704532589,3663.8770000000004,3574.855295467412,3870.4076,3723.5462,3604.85,3486.1538,3317.1626,110196.99515714287,Hold,-5
2024-12-03 16:00:00,3571.8,3594.4,3538.55,3577.34,90514.4017,36.534051017900474,0.3338819748316944,-0.30881584798771655,17.426062962019845,-17.73487881000756,3757.1069812655783,3660.0595000000003,3563.0120187344223,3870.4076,3723.5462,3604.85,3486.1538,3317.1626,112272.43285714286,Hold,-35
2024-12-03 20:00:00,3577.34,3634.81,3575.2,3614.51,78016.5861,36.68223208019767,0.4394440322410334,-1.0248241007220713,13.735885549471462,-14.760709650193533,3755.962895033766,3657.085,3558.207104966234,3870.4076,3723.5462,3604.85,3486.1538,3317.1626,110722.38538571431,Hold,-35
2024-12-04 00:00:00,3614.51,3707.57,3614.51,3661.8,172948.5304,44.927026551646556,0.528472484990014,2.1983013320441387,11.428368705985998,-9.230067373941859,3753.428162750805,3655.697,3557.9658372491954,3870.4076,3723.5462,3604.85,3486.1538,3317.1626,118345.67273571428,Hold,-25
2024-12-04 04:00:00,3661.79,3721.73,3659.55,3714.99,78886.7891,50.72666404082113,0.5918114544743726,8.94156711176629,10.931008387142057,-1.9894412753757678,3755.297097775547,3656.2665,3557.235902224453,3870.4076,3723.5462,3604.85,3486.1538,3317.1626,119097.57797857144,Hold,-35
2024-12-04 08:00:00,3715.0,3751.44,3696.42,3729.09,139644.0469,54.41417985163993,0.6051177839310997,15.247640675801904,11.794334844874028,3.453305830927876,3759.2362436774506,3657.371,3555.5057563225496,3870.4076,3723.5462,3604.85,3486.1538,3317.1626,120884.96357857143,Hold,45
2024-12-04 12:00:00,3729.09,3853.38,3690.0,3821.0,242264.7224,63.446639212520346,0.6639865759475584,27.34638616698885,14.904745109296993,12.441641057691857,3787.562515047094,3663.3055,3539.0484849529057,3870.4076,3723.5462,3604.85,3486.1538,3317.1626,129491.34102857143,Hold,25
2024-12-04 16:00:00,3820.99,3844.65,3732.98,3841.15,190852.24,74.46540148231409,0.6726140489399624,38.121227948779506,19.548041677193496,18.57318627158601,3818.007645345207,3670.7420000000006,3523.4763546547942,3870.4076,3723.5462,3604.85,3486.1538,3317.1626,128644.71809999998,Hold,-10
2024-12-04 20:00:00,3841.15,3887.24,3822.5,3837.8,144147.7111,69.01848237837993,0.6659108483167812,45.861389140224674,24.81071116979973,21.050677970424942,3839.703475033284,3676.2024999999994,3512.7015249667147,3870.4076,3723.5462,3604.85,3486.1538,3317.1626,131118.63992142858,Hold,45
2024-12-05 00:00:00,3837.8,3905.0,3765.71,3832.66,218327.0792,78.95621569061917,0.6541419003939833,50.99295259061364,30.047159453962514,20.945793136651126,3859.948127094751,3682.4375,3504.926872905249,3870.4076,3723.5462,3604.85,3486.1538,3317.1626,136878.9058,Hold,10
2024-12-05 04:00:00,3832.67,3880.2,3818.61,3850.98,110887.4677,78.21642196816335,0.6660975094279127,55.89371651794818,35.21647086675965,20.677245651188528,3882.3249279644897,3689.6059999999998,3496.88707203551,3870.4076,3723.5462,3604.85,3486.1538,3317.1626,141168.48500000002,Hold,0
2024-12-05 08:00:00,3850.98,3943.28,3850.75,3930.98,138309.1401,82.78657149907478,0.7007703315756613,65.4781473269095,41.26880615878962,24.20934116811987,3922.732130944169,3701.9045000000006,3481.076869055832,3870.4076,3723.5462,3604.85,3486.1538,3317.1626,144852.46469285715,Hold,-20
2024-12-05 12:00:00,3930.98,3956.0,3861.0,3888.0,153003.626,79.20553197882231,0.6164540181956719,68.81252306239821,46.77754953951134,22.034973522886872,3948.0833655718743,3712.9605,3477.837634428126,3870.4076,3723.5462,3604.85,3486.1538,3317.1626,150563.52855714285,Hold,10
2024-12-05 16:00:00,3888.0,3926.33,3820.01,3830.81,120866.8673,70.93139902751116,0.5135927118142849,66.07857216499042,50.63775406460716,15.440818100383261,3958.1943716045007,3725.0515,3491.9086283954994,3870.4076,3723.5462,3604.85,3486.1538,3317.1626,150548.75029999999,Hold,0
2024-12-05 20:00:00,3830.8,3862.23,3677.0,3785.2,205099.0957,70.44352907347707,0.4418296337211252,59.54515112383024,52.41923347645178,7.125917647378458,3963.9281860370147,3730.7050000000004,3497.481813962986,3870.4076,3723.5462,3604.85,3486.1538,3317.1626,148840.59312142857,Hold,10
2024-12-06 00:00:00,3785.21,3914.0,3777.26,3907.01,113127.0334,75.82770561397318,0.5731682452572803,63.46483377108325,54.628353535378075,8.836480235705174,3984.327452118215,3745.446999999999,3506.566547881783,3870.4076,3723.5462,3604.85,3486.1538,3317.1626,150455.7811,Hold,0
2024-12-06 04:00:00,3907.01,3929.0,3874.5,3893.75,80798.7601,72.72830864381922,0.5548540479781773,64.7547864574367,56.6536401197898,8.101146337646895,4000.539326476009,3757.9634999999994,3515.3876735239896,3870.4076,3723.5462,3604.85,3486.1538,3317.1626,150654.50781428572,Hold,0
2024-12-06 08:00:00,3893.74,3910.45,3845.3,3867.02,92340.5447,67.28197527521436,0.5154660650465112,62.895179172301596,57.90194793029216,4.993231242009436,4009.8705537846754,3769.3269999999998,3528.783446215324,3870.4076,3723.5462,3604.85,3486.1538,3317.1626,144896.79455,Hold,35
2024-12-06 12:00:00,3867.01,4041.0,3831.9,3993.02,286698.8778,70.85589978231307,0.6110880831709931,70.77274977030311,60.47610829829435,10.296641472008758,4037.1566723380656,3788.1355000000003,3539.114327661935,3870.4076,3723.5462,3604.85,3486.1538,3317.1626,159740.51517142853,Hold,10
2024-12-06 16:00:00,3993.01,4073.86,3980.11,4067.62,137627.0476,73.2810673267277,0.6433994167548494,82.08910565454607,64.79870776954469,17.290397885001383,4075.1941106973322,3810.826,3546.457889302668,3870.4076,3723.5462,3604.85,3486.1538,3317.1626,159596.44379285714,Hold,0
2024-12-06 20:00:00,4067.61,4087.73,3990.03,3998.87,93262.851,62.63478668529499,0.5633078285182112,84.53537757918639,68.74604173147303,15.78933584771336,4083.9452773182798,3832.1799999999994,3580.414722681719,3870.4076,3723.5462,3604.85,3486.1538,3317.1626,148953.45297857144,Hold,35
2024-12-07 00:00:00,3998.87,4024.46,3970.0,3986.87,65288.4745,60.47230287164072,0.5489651478519296,84.531341308415,71.90310164686143,12.628239661553565,4082.8427701356018,3852.6565,3622.4702298643983,3870.4076,3723.5462,3604.85,3486.1538,3317.1626,139984.6125857143,Hold,35
2024-12-07 04:00:00,3986.87,4003.16,3968.0,3985.87,44458.0473,60.67725233983044,0.5476034124215943,83.48508677936707,74.21949867336257,9.2655881060045,4079.3837678164673,3871.2245000000003,3663.065232183533,3870.4076,3723.5462,3604.85,3486.1538,3317.1626,132863.9223142857,Hold,35
2024-12-07 08:00:00,3985.87,4009.0,3973.51,3998.3,44383.4721,61.81994633771972,0.5592932570764237,82.7055416437388,75.91670726743781,6.788834376300983,4078.5871231365327,3888.0495,3697.5118768634675,3870.4076,3723.5462,3604.85,3486.1538,3317.1626,120439.37895000001,Hold,35
2024-12-07 12:00:00,3998.29,4008.46,3976.2,4004.71,48658.8373,61.159748537123235,0.5657504812633373,81.66361264410125,77.06608834277051,4.597524301330736,4081.367959372609,3902.5354999999995,3723.70304062739,3870.4076,3723.5462,3604.85,3486.1538,3317.1626,115994.47677857142,Hold,35
2024-12-07 16:00:00,4004.72,4020.43,3986.0,4012.19,46291.4199,56.58904665301545,0.5739264273115398,80.51334220114768,77.75553911444595,2.7578030867017276,4082.0249093806733,3916.6904999999997,3751.356090619326,3870.4076,3723.5462,3604.85,3486.1538,3317.1626,109421.78247857142,Hold,35
2024-12-07 20:00:00,4012.2,4024.01,3993.02,3996.22,34839.7689,59.18301540953962,0.5389625996968967,77.42064208543025,77.68855970864281,-0.2679176232125684,4087.981908526474,3925.4515,3762.9210914735263,3870.4076,3723.5462,3604.85,3486.1538,3317.1626,100981.50697142856,Hold,-25
2024-12-08 00:00:00,3996.22,4008.99,3985.47,3989.28,27302.2303,64.70064379656287,0.522587941278825,73.56168168610247,76.86318410413475,-3.301502418032271,4092.6913636997347,3932.8579999999993,3773.024636300264,3870.4076,3723.5462,3604.85,3486.1538,3317.1626,94298.3186142857,Hold,-25
2024-12-08 04:00:00,3989.28,3995.85,3958.87,3980.6,37262.434,69.45982551866857,0.5001893685456953,69.00754824861087,75.29205693302998,-6.284508684419109,4094.6252447703064,3939.9980000000005,3785.3707552296946,3870.4076,3723.5462,3604.85,3486.1538,3317.1626,82309.98563571429,Hold,-25
2024-12-08 08:00:00,3980.6,3981.79,3923.5,3971.84,55860.2743,58.33269067612228,0.4759029370614565,63.954280760563506,73.0245016985367,-9.07022093797319,4093.5638433959316,3946.957,3800.350156604068,3870.4076,3723.5462,3604.85,3486.1538,3317.1626,78219.50284285715,Hold,-25
2024-12-08 12:00:00,3971.85,4003.4,3956.16,3990.79,60123.2278,62.29288066864147,0.5221409099503466,60.778025255562625,70.57520640994188,-9.79718115437926,4094.492938672239,3953.9475000000007,3813.4020613277626,3870.4076,3723.5462,3604.85,3486.1538,3317.1626,76742.67910714286,Hold,-25
2024-12-08 16:00:00,3990.79,3999.89,3964.4,3989.99,35630.8291,66.67299400685155,0.5195019193770611,57.5330612530056,67.96677737855462,-10.433716125549026,4097.890193378488,3956.8979999999997,3815.905806621511,3870.4076,3723.5462,3604.85,3486.1538,3317.1626,72691.98513571428,Hold,-25
2024-12-08 20:00:00,3989.99,4015.58,3975.4,4004.15,35183.173,52.16595959960678,0.5540269323324094,55.46463576663746,65.4663490561712,-10.00171328953374,4101.29658294773,3962.7055,3824.1144170522707,3870.4076,3723.5462,3604.85,3486.1538,3317.1626,54726.57765,Hold,-25
2024-12-09 00:00:00,4004.15,4006.17,3905.21,3929.37,74905.7169,23.114620201344394,0.3506696751319954,47.24664274151564,61.82240779324009,-14.575765051724446,4092.84044301832,3967.6335,3842.42655698168,3870.4076,3723.5462,3604.85,3486.1538,3317.1626,50246.482599999996,Hold,20
2024-12-09 04:00:00,3929.37,3948.91,3880.44,3918.44,75191.7029,29.820864067230005,0.329348739674686,39.39771210654544,57.33746865590116,-17.93975654935572,4069.125066669524,3974.2955,3879.465933330476,3870.4076,3723.5462,3604.85,3486.1538,3317.1626,48955.68630714285,Hold,20
2024-12-09 08:00:00,3918.44,3920.0,3841.24,3850.88,95335.7358,23.319599764439374,0.227894568433669,27.409886542320237,51.35195223318498,-23.942065690864744,4077.3802949853625,3971.489,3865.5977050146375,3870.4076,3723.5462,3604.85,3486.1538,3317.1626,51101.91925714286,Hold,40
2024-12-09 12:00:00,3850.88,3946.0,3804.32,3824.0,164012.5757,21.169807288036125,0.1991148554722148,15.56107863254465,44.193777513056915,-28.632698880512265,4088.2888664932752,3968.0015,3847.7141335067245,3870.4076,3723.5462,3604.85,3486.1538,3317.1626,59641.52842857143,Hold,40
2024-12-09 16:00:00,3824.0,3866.35,3786.87,3795.78,108473.7508,15.85053284762516,0.1723521573052765,3.8493222515808156,36.124886460761694,-32.27556420918088,4100.5023453054855,3964.4395000000004,3828.3766546945153,3870.4076,3723.5462,3604.85,3486.1538,3317.1626,64219.405478571425,Hold,40
2024-12-09 20:00:00,3795.77,3804.19,3509.0,3712.0,421722.718,10.856134157064403,0.1174216105904484,-12.053727018423615,26.489163764924633,-38.54289078334825,4126.245774099416,3950.3885,3774.5312259005846,3870.4076,3723.5462,3604.85,3486.1538,3317.1626,90866.82552857143,Hold,30
2024-12-10 00:00:00,3712.0,3780.76,3615.11,3682.4,201647.552,8.360899977243776,0.1037539878558367,-26.737270155681017,15.843876980803504,-42.58114713648452,4135.063686187824,3931.1275,3727.191313812176,3870.4076,3723.5462,3604.85,3486.1538,3317.1626,101963.69210714285,Hold,30
2024-12-10 04:00:00,3682.39,3743.65,3638.0,3734.55,95140.8254,19.72743469301095,0.2712045945431108,-33.7766584238384,5.919769899875124,-39.69642832371352,4137.054693875827,3917.9115000000006,3698.7683061241746,3870.4076,3723.5462,3604.85,3486.1538,3317.1626,106270.91042857141,Hold,10
2024-12-10 08:00:00,3734.54,3773.39,3713.56,3750.11,66469.389,22.871531952469297,0.3130149669632386,-37.66567591685225,-2.797319263470351,-34.8683566533819,4134.897526183747,3906.0735,3677.2494738162536,3870.4076,3723.5462,3604.85,3486.1538,3317.1626,109068.56462142857,Hold,10
2024-12-10 12:00:00,3750.1,3754.5,3555.41,3567.75,260032.2239,16.40710182423969,0.1718448778901734,-54.83062493939178,-13.203980398654638,-41.626644540737146,4155.864906740039,3885.1675000000005,3614.4700932599617,3870.4076,3723.5462,3604.85,3486.1538,3317.1626,124980.69247142857,Hold,30
2024-12-10 16:00:00,3567.76,3634.92,3515.89,3628.82,238385.3346,24.27864427109482,0.2916971493235591,-62.78241548480719,-23.11966741588515,-39.66274806892204,4154.7561625013395,3866.6935,3578.63083749866,3870.4076,3723.5462,3604.85,3486.1538,3317.1626,138018.1967785714,Hold,10
2024-12-10 20:00:00,3628.81,3673.2,3613.3,3628.25,80530.7088,22.04435396805954,0.2912384431711259,-68.34245177554794,-32.16422428781771,-36.17822748773023,4146.94841806254,3847.8705,3548.7925819374595,3870.4076,3723.5462,3604.85,3486.1538,3317.1626,139475.87399285714,Hold,0
2024-12-11 00:00:00,3628.24,3668.96,3562.34,3665.23,83678.45,26.281040023317615,0.3613376999093243,-68.96980269535288,-39.52533996932475,-29.444462726028135,4129.719213032523,3830.5225000000005,3531.3257869674776,3870.4076,3723.5462,3604.85,3486.1538,3317.1626,142907.8469142857,Hold,0
2024-12-11 04:00:00,3665.23,3681.81,3646.0,3652.58,47088.7098,24.266202110945898,0.3471623888874366,-69.68445310038123,-45.55716259553605,-24.127290504845185,4111.939737315261,3813.3405,3514.7412626847395,3870.4076,3723.5462,3604.85,3486.1538,3317.1626,143758.24240000002,Hold,0
2024-12-11 08:00:00,3652.58,3728.0,3651.23,3716.84,62134.3791,34.20015760434177,0.4552819397814159,-64.32408571856149,-49.31054722014114,-15.013538498420353,4089.242104220873,3799.7185000000004,3510.194895779128,3870.4076,3723.5462,3604.85,3486.1538,3317.1626,142846.00398571428,Hold,-35
2024-12-11 12:00:00,3716.84,3821.0,3709.17,3787.34,131816.234,41.04679432887501,0.5342190623432574,-53.76739804655381,-50.20191738542368,-3.565480661130131,4066.7773807071408,3790.0555,3513.333619292859,3870.4076,3723.5462,3604.85,3486.1538,3317.1626,146890.61335,Hold,-25
2024-12-11 16:00:00,3787.34,3814.2,3753.5,3803.91,83844.0606,46.552154444593434,0.5494623822788406,-43.56193165912282,-48.87392024016351,5.311988581040687,4045.024891161632,3781.6590000000006,3518.2931088383693,3870.4076,3723.5462,3604.85,3486.1538,3317.1626,146069.77940714287,Hold,35
2024-12-11 20:00:00,3803.91,3848.64,3803.0,3831.81,53256.9466,50.57243795524459,0.5743078350754262,-32.84412259023384,-45.667960710177574,12.823838119943737,4019.5097390260107,3773.71,3527.9102609739894,3870.4076,3723.5462,3604.85,3486.1538,3317.1626,138158.66304285714,Hold,35
2024-12-12 00:00:00,3831.82,3947.81,3796.8,3935.0,96992.9744,59.19380827841233,0.6378404017093569,-15.841005825830962,-39.70256973330825,23.86156390747729,4007.634564705456,3770.9605,3534.2864352945444,3870.4076,3723.5462,3604.85,3486.1538,3317.1626,137338.6075857143,Hold,35
2024-12-12 04:00:00,3935.0,3945.67,3894.09,3905.4,75641.5407,63.75611699088247,0.59645874598718,-4.700204875648069,-32.70209676177622,28.00189188612815,3985.725415682745,3766.0229999999997,3546.3205843172545,3870.4076,3723.5462,3604.85,3486.1538,3317.1626,112618.52349285713,Hold,35
2024-12-12 08:00:00,3905.4,3937.99,3891.32,3913.38,60232.5799,66.95042122861753,0.6018903467548178,4.718487662251846,-25.217979876970606,29.936467539222452,3982.5263584862782,3765.2235,3547.920641513722,3870.4076,3723.5462,3604.85,3486.1538,3317.1626,102517.45405714285,Hold,35
2024-12-12 12:00:00,3913.38,3987.41,3913.38,3957.67,161318.0936,66.56470867717942,0.6300574600721339,15.577138651634868,-17.058956171249513,32.63609482288438,3990.9240106915977,3767.185,3543.445989308402,3870.4076,3723.5462,3604.85,3486.1538,3317.1626,107244.40178571429,Hold,45
2024-12-12 16:00:00,3957.77,3985.56,3853.83,3871.14,109750.4709,58.128819934070265,0.5028668163975216,17.00443343076222,-10.246278250847167,27.25071168160939,3993.7089771724095,3768.1980000000003,3542.687022827591,3870.4076,3723.5462,3604.85,3486.1538,3317.1626,110335.90763571429,Hold,35
2024-12-12 20:00:00,3871.13,3902.04,3836.07,3881.61,68162.9748,77.40848120702042,0.5143351487511066,18.76411528414428,-4.444199543848878,23.20831482799316,4001.01884780441,3771.0785000000005,3541.138152195591,3870.4076,3723.5462,3604.85,3486.1538,3317.1626,96630.96127142858,Hold,0
2024-12-13 00:00:00,3881.6,3941.19,3852.94,3932.83,64542.0267,77.01302624778688,0.5647516673012749,24.014873257202453,1.247615016361388,22.767258240841066,4018.8760364840646,3777.9309999999996,3536.9859635159346,3870.4076,3723.5462,3604.85,3486.1538,3317.1626,84213.58213571428,Hold,0
2024-12-13 04:00:00,3932.83,3936.26,3871.0,3885.64,51976.2093,71.12073917237034,0.495565975348431,24.09059676022889,5.816211365134889,18.274385395094,4030.055726354123,3786.613,3543.1702736458765,3870.4076,3723.5462,3604.85,3486.1538,3317.1626,82173.97502857143,Hold,0
2024-12-13 08:00:00,3885.64,3923.66,3872.2,3901.5,54233.1081,70.08381360381814,0.5145325927695462,25.140572761059047,9.68108364431972,15.459489116739327,4040.984103657897,3797.568,3554.1518963421036,3870.4076,3723.5462,3604.85,3486.1538,3317.1626,80070.73632142856,Hold,0
2024-12-13 12:00:00,3901.5,3968.47,3879.0,3886.21,107263.9583,69.77066937446445,0.4894205689313327,24.4569861775376,12.636264150963298,11.820722026574304,4049.7474434823257,3805.1510000000003,3560.554556517675,3870.4076,3723.5462,3604.85,3486.1538,3317.1626,84368.96835714286,Hold,45
2024-12-13 16:00:00,3886.2,3946.37,3880.07,3917.98,66342.3222,68.0116770540597,0.5323832809691502,26.177059524607103,15.34442322569206,10.832636298915043,4061.6837225916997,3813.5445,3565.4052774083,3870.4076,3723.5462,3604.85,3486.1538,3317.1626,84669.53572142858,Hold,35
2024-12-13 20:00:00,3917.99,3936.0,3891.0,3906.8,43408.0627,61.968980442275665,0.511277607177318,26.33452941733003,17.542444464019656,8.792084953310376,4052.926649396205,3830.4970000000003,3608.0673506037956,3870.4076,3723.5462,3604.85,3486.1538,3317.1626,78354.66634285713,Hold,35
2024-12-14 00:00:00,3906.8,3945.0,3895.67,3910.83,48077.2434,60.98869475830343,0.5177277082606543,26.479276149038014,19.329810801023328,7.149465348014687,4048.149797159575,3844.5975000000008,3641.0452028404266,3870.4076,3723.5462,3604.85,3486.1538,3317.1626,75799.89368571427,Hold,35
2024-12-14 04:00:00,3910.83,3935.71,3906.26,3920.76,23290.7886,59.49245512542788,0.5346170410452973,27.083060327452586,20.88046070630918,6.202599621143406,4037.8291144824525,3859.2230000000004,3680.6168855175483,3870.4076,3723.5462,3604.85,3486.1538,3317.1626,73659.45382857144,Hold,35
2024-12-14 08:00:00,3920.75,3931.38,3886.2,3894.53,32599.3234,44.83234159904295,0.4703239380873017,25.155050093133923,21.73537858367413,3.4196715094597927,4024.5916337726094,3870.6879999999996,3716.78436622739,3870.4076,3723.5462,3604.85,3486.1538,3317.1626,69059.90732857143,Hold,35
2024-12-14 12:00:00,3894.53,3898.8,3846.3,3889.01,59099.8968,47.77000734695673,0.4566073029030874,22.917491646381222,21.97180119621555,0.9456904501656709,3997.1987360341536,3882.5095,3767.8202639658466,3870.4076,3723.5462,3604.85,3486.1538,3317.1626,67878.36133571427,Hold,35
2024-12-14 16:00:00,3889.0,3898.23,3827.0,3859.11,65864.5831,43.0317660048272,0.3845205383908813,18.51806560808336,21.281054078589115,-2.7629884705057535,3974.9321157219188,3889.6229999999996,3804.3138842780804,3870.4076,3723.5462,3604.85,3486.1538,3317.1626,68280.64727857143,Hold,-25
2024-12-14 20:00:00,3859.11,3876.87,3825.03,3870.29,36607.1126,37.7378613526443,0.4203836380725313,15.752041611034656,20.175251585078225,-4.423209974043569,3965.0545611031744,3893.7705,3822.486438896826,3870.4076,3723.5462,3604.85,3486.1538,3317.1626,59372.72006428572,Hold,-25
2024-12-15 00:00:00,3870.3,3895.53,3856.02,3874.48,24783.839,50.60957804033127,0.4341476430260699,13.739663361369367,18.888133940336456,-5.148470578967089,3955.6715605688246,3897.299,3838.9264394311754,3870.4076,3723.5462,3604.85,3486.1538,3317.1626,53303.67492857143,Hold,-25
2024-12-15 04:00:00,3874.49,3911.5,3831.5,3845.2,38056.0576,43.781808245170915,0.3560582705648314,9.670709879593232,17.04464912818781,-7.373939248594578,3953.4121124268618,3897.9685,3842.524887573138,3870.4076,3723.5462,3604.85,3486.1538,3317.1626,51153.180842857146,Hold,-25
2024-12-15 08:00:00,3845.19,3879.01,3837.21,3877.61,25590.3833,39.921886406570756,0.462737776795722,8.95798894795007,15.427317092140264,-6.469328144190193,3948.3707525226523,3895.0989999999997,3841.827247477347,3870.4076,3723.5462,3604.85,3486.1538,3317.1626,48370.9206,Hold,-25
2024-12-15 12:00:00,3877.61,3910.33,3867.99,3894.76,44614.4511,51.869465398193675,0.5055825380122715,9.665595181586013,14.274972710029415,-4.609377528443401,3947.6176649989875,3894.5670000000005,3841.5163350010134,3870.4076,3723.5462,3604.85,3486.1538,3317.1626,47845.08072857143,Hold,-25
2024-12-15 16:00:00,3894.76,3919.6,3886.4,3904.09,31811.6421,50.54551581755442,0.5271793289043216,10.85411180131132,13.590800528285797,-2.736688726974478,3946.6195957127097,3894.1025,3841.58540428729,3870.4076,3723.5462,3604.85,3486.1538,3317.1626,46243.54744285714,Hold,-25
2024-12-15 20:00:00,3904.09,3974.61,3844.4,3959.09,88976.841,63.15048718842147,0.6144365570237453,16.04905659680753,14.082451741990145,1.966604854817387,3947.055021307373,3894.1735,3841.291978692627,3870.4076,3723.5462,3604.85,3486.1538,3317.1626,44937.32477857143,Hold,25
2024-12-16 00:00:00,3959.09,4025.18,3928.88,3942.6,144630.7421,54.701703460100106,0.5684466907689216,18.62083321325872,14.99012803624386,3.6307051770148604,3953.645694712146,3897.7465,3841.8473052878544,3870.4076,3723.5462,3604.85,3486.1538,3317.1626,50529.354771428574,Hold,45
2024-12-16 04:00:00,3942.6,3983.0,3935.23,3974.01,43808.388,61.91455415675699,0.6101327508652604,22.929195710896693,16.577941571174428,6.351254139722265,3967.2084400582607,3902.3665,3837.5245599417394,3870.4076,3723.5462,3604.85,3486.1538,3317.1626,50557.94943571428,Hold,15
2024-12-16 08:00:00,3974.0,3975.91,3902.39,3909.67,63910.2867,49.83058768527353,0.4587508033346597,20.91085640607298,17.444524538154138,3.466331867918843,3964.5700584187753,3901.2084999999997,3837.846941581224,3870.4076,3723.5462,3604.85,3486.1538,3317.1626,51688.8811,Hold,45
2024-12-16 12:00:00,3909.68,3960.0,3884.0,3941.21,122284.2247,52.80929746936851,0.515193173743775,21.60724747601398,18.277069125726108,3.3301783502878735,3969.317099808935,3903.987,3838.6569001910652,3870.4076,3723.5462,3604.85,3486.1538,3317.1626,58759.840821428574,Hold,45
2024-12-16 16:00:00,3941.21,4107.8,3939.4,4056.88,220282.2717,67.90322224896872,0.6265863947958357,31.133853043904764,20.84842590936184,10.285427134542925,4006.2753283268626,3911.756,3817.236671673137,3870.4076,3723.5462,3604.85,3486.1538,3317.1626,72165.7657,Hold,25
2024-12-16 20:00:00,4056.89,4071.99,3980.0,3986.24,78435.1591,59.37554239854365,0.5205683539192333,32.60781634588284,23.20030399666604,9.407512349216798,4016.050802233403,3916.7574999999997,3817.4641977665965,3870.4076,3723.5462,3604.85,3486.1538,3317.1626,73546.85586428571,Hold,45
2024-12-17 00:00:00,3986.24,4041.82,3943.0,4035.01,73034.8936,66.36583550410693,0.5646939739133501,37.281516182521955,26.016546433837224,11.26496974868473,4035.119460407224,3922.6089999999995,3810.098539592775,3870.4076,3723.5462,3604.85,3486.1538,3317.1626,74059.0209,Hold,35
2024-12-17 04:00:00,4035.01,4035.02,3982.77,3994.24,49961.2435,60.93052787512065,0.5072478744324869,37.266078548179394,28.26645285670566,8.999625691473735,4043.624546603331,3926.9809999999998,3810.3374533966685,3870.4076,3723.5462,3604.85,3486.1538,3317.1626,75012.88739285714,Hold,35
2024-12-17 08:00:00,3994.23,4031.38,3990.0,3997.14,51842.525,60.84143538963193,0.5106324536038995,37.06063791103725,30.025289867571978,7.0353480434652695,4051.748381858072,3931.2965000000004,3810.8446181419285,3870.4076,3723.5462,3604.85,3486.1538,3317.1626,76945.65067857143,Hold,35
2024-12-17 12:00:00,3997.15,4025.6,3916.57,3939.18,118990.8486,57.90571688131989,0.4251381249680401,31.85374695132714,30.39098128432301,1.4627656670041276,4052.6118364422164,3932.2175,3811.823163557784,3870.4076,3723.5462,3604.85,3486.1538,3317.1626,82726.70717857142,Hold,45
2024-12-17 16:00:00,3939.19,3984.46,3917.2,3943.99,71693.5838,55.85588764586219,0.4333727016939322,27.7949720176357,29.87177943098555,-2.076807413349851,4053.850906436443,3934.6904999999997,3815.5300935635564,3870.4076,3723.5462,3604.85,3486.1538,3317.1626,86019.79292857142,Hold,-25
2024-12-17 20:00:00,3944.0,3952.0,3847.96,3893.01,85302.8916,49.85431477985749,0.3607101015714429,20.231487701864808,27.943721085161403,-7.712233383296596,4053.7411074159954,3934.8905000000004,3816.0398925840054,3870.4076,3723.5462,3604.85,3486.1538,3317.1626,88926.11010714286,Hold,-25
2024-12-18 00:00:00,3893.01,3903.2,3834.66,3849.81,80564.7394,45.72248140199216,0.3086207179697988,10.628968791196712,24.480770626368468,-13.851801835171756,4054.589992955954,3934.4255000000003,3814.2610070440464,3870.4076,3723.5462,3604.85,3486.1538,3317.1626,92408.47419999998,Hold,-25
2024-12-18 04:00:00,3849.8,3861.7,3803.63,3847.33,83904.9284,40.397965495813196,0.3056452159001985,2.786665157012976,20.14194953249737,-17.355284375484395,4056.423588832451,3933.2775,3810.1314111675492,3870.4076,3723.5462,3604.85,3486.1538,3317.1626,92046.19472857143,Hold,-25
2024-12-18 08:00:00,3847.33,3887.32,3841.6,3882.65,44754.8074,45.01073586434029,0.3933143177620899,-0.5717968373705844,15.99920025852378,-16.570997095894363,4056.0626545331666,3933.686,3811.3093454668337,3870.4076,3723.5462,3604.85,3486.1538,3317.1626,84912.19939285715,Hold,-25
2024-12-18 12:00:00,3882.66,3891.09,3825.0,3867.98,85350.9141,40.922866192864845,0.3698312536962514,-4.366810686675308,11.925998069483963,-16.29280875615927,4054.1192194743444,3934.825,3815.5307805256552,3870.4076,3723.5462,3604.85,3486.1538,3317.1626,87879.52268571428,Hold,-25
2024-12-18 16:00:00,3867.99,3907.19,3770.0,3770.29,120106.5226,38.71234207960125,0.2509976504170355,-15.083282384145605,6.52414197875805,-21.607424362903654,4067.7341697312413,3929.4590000000003,3791.1838302687593,3870.4076,3723.5462,3604.85,3486.1538,3317.1626,91893.5395357143,Hold,5
2024-12-18 20:00:00,3770.3,3786.23,3617.42,3626.8,307823.1499,28.445876465291306,0.1607619410745915,-34.75398491197393,-1.731483399388346,-33.022501512585585,4109.440054425549,3916.061,3722.6819455744517,3870.4076,3723.5462,3604.85,3486.1538,3317.1626,105146.31990714285,Hold,30
2024-12-19 00:00:00,3626.8,3673.82,3542.22,3668.9,199888.1171,20.418433011027233,0.2503949269870252,-46.411042619964974,-10.667395243503673,-35.7436473764613,4127.11034753054,3904.3015,3681.49265246946,3870.4076,3723.5462,3604.85,3486.1538,3317.1626,103689.59457857143,Hold,30
2024-12-19 04:00:00,3668.9,3699.58,3653.0,3693.79,62129.1335,26.0298673835116,0.2996262029897467,-53.029637204630944,-19.13984363572913,-33.889793568901815,4131.037409846944,3891.0364999999997,3651.0355901530556,3870.4076,3723.5462,3604.85,3486.1538,3317.1626,102524.87846428572,Hold,0
2024-12-19 08:00:00,3693.79,3720.0,3664.28,3705.62,58298.6588,21.26193093575219,0.3234433972253537,-56.66711572874647,-26.645298054332596,-30.02181767441387,4131.5508897775035,3879.1875,3626.824110222496,3870.4076,3723.5462,3604.85,3486.1538,3317.1626,101472.29026428571,Hold,0
2024-12-19 12:00:00,3705.62,3710.2,3572.73,3613.92,138220.2184,19.526617736567204,0.2443356474926729,-66.18631268378022,-34.55350098022212,-31.632811703558097,4135.488585268447,3861.183,3586.877414731552,3870.4076,3723.5462,3604.85,3486.1538,3317.1626,107776.50275714287,Hold,10
2024-12-19 16:00:00,3613.92,3637.1,3376.2,3439.44,392538.6357,14.950980392130532,0.1575420309888319,-86.80874548121346,-45.00454988042039,-41.80419560079307,4169.133092045058,3837.6715000000004,3506.2099079549425,3870.4076,3723.5462,3604.85,3486.1538,3317.1626,132111.9392357143,Hold,20
2024-12-19 20:00:00,3439.45,3465.11,3326.8,3417.01,227078.7216,15.649874353649125,0.1495338606522517,-103.76593647086975,-56.756827198510265,-47.00910927235948,4188.252334857514,3811.4615,3434.6706651424856,3870.4076,3723.5462,3604.85,3486.1538,3317.1626,139832.50159285715,Hold,20
2024-12-20 00:00:00,3417.01,3465.6,3370.47,3413.87,147018.6408,15.05010548520427,0.1483020689886525,-116.1194515029838,-68.62935205940498,-47.49009944357881,4177.078321718815,3779.311,3381.5436782811853,3870.4076,3723.5462,3604.85,3486.1538,3317.1626,145212.86280714287,Hold,0
2024-12-20 04:00:00,3413.85,3431.16,3328.44,3390.48,145836.4031,15.618286558719944,0.1383893337956747,-126.34070172469137,-80.17162199246226,-46.16907973222911,4170.590049847597,3749.523,3328.455950152403,3870.4076,3723.5462,3604.85,3486.1538,3317.1626,149536.68505714284,Hold,-10
2024-12-20 08:00:00,3390.48,3390.79,3103.0,3104.56,458522.5239,11.72434336895995,0.0707247295438148,-155.71745672204452,-95.28078893837872,-60.4366677836658,4191.467602010264,3703.0005000000006,3214.5333979897373,3870.4076,3723.5462,3604.85,3486.1538,3317.1626,176533.6696642857,Hold,20
2024-12-20 12:00:00,3104.68,3396.4,3101.9,3374.61,335474.3132,30.95560389973143,0.3775668825665514,-155.41642480575956,-107.3079161118549,-48.10850869390467,4161.309211714877,3672.0190000000002,3182.7287882851238,3870.4076,3723.5462,3604.85,3486.1538,3317.1626,194502.91143571428,Hold,-35
2024-12-20 16:00:00,3374.62,3497.84,3366.68,3479.35,160666.9785,34.61297805447572,0.4461536702118971,-145.05411860575532,-114.85715661063499,-30.196961995120333,4117.451422233502,3646.1295,3174.807577766498,3870.4076,3723.5462,3604.85,3486.1538,3317.1626,202782.35222857143,Hold,-45
2024-12-20 20:00:00,3479.36,3489.99,3393.09,3472.21,85264.8715,34.8130070069235,0.4419969885286675,-135.8520368979939,-119.05613266810678,-16.795904229887128,4079.001637106755,3622.781,3166.560362893245,3870.4076,3723.5462,3604.85,3486.1538,3317.1626,202776.2063285714,Hold,-45
2024-12-21 00:00:00,3472.2,3489.96,3445.35,3467.64,54575.1862,37.492457867330785,0.4389389801058165,-127.45881576629472,-120.73666928774438,-6.722146478550343,4033.813764187799,3598.9635000000003,3164.1132358122018,3870.4076,3723.5462,3604.85,3486.1538,3317.1626,198095.3965857143,Hold,-45
2024-12-21 04:00:00,3467.64,3555.18,3460.8,3523.46,85515.9214,45.39565139898096,0.4815606526475316,-114.97753065437928,-119.58484156107136,4.607310906692078,3993.589567358353,3580.4859999999994,3167.3824326416457,3870.4076,3723.5462,3604.85,3486.1538,3317.1626,182216.3088357143,Hold,25
2024-12-21 08:00:00,3523.45,3527.49,3423.91,3442.23,71843.6301,40.240930657042924,0.4197233748661769,-110.36834681280016,-117.74154261141712,7.373195798616962,3957.1705317639094,3560.107,3163.0434682360906,3870.4076,3723.5462,3604.85,3486.1538,3317.1626,173070.27405000004,Hold,15
2024-12-21 12:00:00,3442.23,3444.24,3347.0,3390.4,121858.0815,37.23396197829439,0.3824990343199685,-109.63399084788398,-116.1200322587105,6.486041410826516,3916.9408481309356,3537.2604999999994,3157.5801518690632,3870.4076,3723.5462,3604.85,3486.1538,3317.1626,177336.62747857143,Hold,15
2024-12-21 16:00:00,3390.4,3401.33,3326.59,3359.89,79490.6857,35.67753428058333,0.3603460454702767,-110.24309667767466,-114.94464514250333,4.701548464828676,3861.535498069101,3511.1225,3160.709501930899,3870.4076,3723.5462,3604.85,3486.1538,3317.1626,178850.34368571427,Hold,15
2024-12-21 20:00:00,3359.89,3388.88,3293.11,3338.92,61992.3151,37.89847036660765,0.3442697212976793,-111.13680527163979,-114.18307716833063,3.0462718966908398,3799.7501848361667,3484.6695,3169.5888151638333,3870.4076,3723.5462,3604.85,3486.1538,3317.1626,173405.49345,Hold,15
2024-12-22 00:00:00,3338.92,3374.48,3318.71,3356.38,46613.1262,45.758782679673146,0.3695117550646177,-109.1776675002834,-113.18199523472119,4.00432773443778,3753.3920300933983,3463.9739999999997,3174.555969906601,3870.4076,3723.5462,3604.85,3486.1538,3317.1626,148696.52848571428,Hold,15
2024-12-22 04:00:00,3356.38,3361.75,3295.07,3332.4,40581.5308,45.686464440414,0.3467138482882487,-108.31147502984413,-112.20789119374578,3.896416163901648,3733.706983768358,3449.2539999999995,3164.801016231641,3870.4076,3723.5462,3604.85,3486.1538,3317.1626,135375.30057142855,Hold,15
2024-12-22 08:00:00,3332.5,3403.0,3331.19,3381.03,44270.8729,48.39998440903907,0.4215088016473169,-102.51919916235056,-110.27015278746674,7.750953625116182,3701.0641485553783,3434.8605,3168.656851444621,3870.4076,3723.5462,3604.85,3486.1538,3317.1626,128036.17429285715,Hold,15
2024-12-22 12:00:00,3381.03,3397.88,3275.0,3302.38,86429.5165,45.92695330553463,0.3424600655826623,-103.08685540106808,-108.83349331018701,5.746637909118931,3657.8432277557267,3415.29,3172.736772244273,3870.4076,3723.5462,3604.85,3486.1538,3317.1626,123792.82525,Hold,15
